# Rhino

g object_1
v 0.01275 0.00875 0.036
v 0.01275 0.00875 0.036
v 0.01275 0.00875 0.036
v 0.01275 0.00975 0.035
v 0.01275 0.00975 0.035
v 0.01275 -0.002782 0.035
v 0.01275 -0.002782 0.035
v 0.01275 -0.002782 0.035
v 0.01275 -0.002782 0.036
v 0.01275 -0.002782 0.036
v 0.01275 -0.002782 0.036
v 0.01526 0.02944 0.06846
v 0.01526 0.02914 0.06963
v 0.01526 0.02944 -0.06846
v 0.01525 0.01639 -0.06939
v 0.01525 0.02121 -0.07093
v 0.01526 0.02514 -0.07196
v 0.01526 0.02623 -0.07189
v 0.01526 0.02729 -0.07155
v 0.01526 0.02822 -0.07088
v 0.01526 0.02883 -0.07016
v 0.01526 0.02832 0.07079
v 0.01526 0.02723 0.07159
v 0.01526 0.02924 -0.06932
v 0.001992 -0.00297 0.03196
v 0.004966 -0.002918 0.03162
v -0.0013 -0.003027 0.03202
v 0.01149 -0.002804 0.02988
v 0.01149 -0.002804 0.02988
v 0.008072 -0.002864 0.03099
v 0.008072 -0.002864 0.03099
v 0.008072 -0.002864 0.03099
v -0.0013 -0.003936 0.03202
v 0.003953 -0.0109 0.04507
v 0.003953 -0.0109 0.04507
v 0.003291 -0.01149 0.04506
v 0.003291 -0.01149 0.04506
v 0.003291 -0.01149 0.04506
v 0.004 -0.00543 0.04507
v 0.004 -0.00543 0.04507
v 0.004 -0.00543 0.04507
v 0.000517 -0.004522 0.09991
v 0.00146 -0.009547 0.09868
v 0.001072 -0.00844 0.09892
v 0.001072 -0.00844 0.09892
v 0.001556 -0.007202 0.09994
v 0.001874 -0.01132 0.09822
v 0.001874 -0.01132 0.09822
v 0.001491 -0.004739 0.1005
v 0.000994 -0.004834 0.1001
v 0.002012 -0.0105 0.1001
v 0.002012 -0.0105 0.1001
v 0.001963 -0.007806 0.1007
v 0.001827 -0.006041 0.1008
v 0.001974 -0.01106 0.09888
v 0.001145 -0.006344 0.09979
v 0.000979 -0.01027 0.09775
v 0.000501 -0.006231 0.09952
v 0.001466 -0.01132 0.09738
v 0.001466 -0.01132 0.09738
v 0.001979 -0.004332 0.1016
v 0.001723 -0.003337 0.101
v 0.001148 -0.00336 0.1003
v 0.001867 -0.008843 0.09978
v 0.000663 -0.01143 0.09655
v 0.000663 -0.01143 0.09655
v 0.000663 -0.01143 0.09655
v 0.000663 -0.01143 0.09655
v 0.001979 0.0103 0.1015
v 0.002016 0.01373 0.1015
v 0.002021 0.009548 0.1026
v 0.001977 0.01789 0.09736
v 0.002018 0.01783 0.09894
v 0.00205 -0.009878 0.1009
v 0.00205 -0.009878 0.1009
v 0.001513 0.02187 0.09692
v 0.001896 0.02207 0.09709
v 0.003142 0.02021 0.09673
v 0.003142 0.02021 0.09673
v 0.002632 0.02025 0.09668
v 0.01526 0.01407 0.06639
v 0.01526 0.01407 0.06639
v 0.01532 0.01174 0.0281
v 0.01532 0.01174 0.0281
v 0.01527 0.01309 0.02812
v 0.01527 0.01309 0.02812
v 0.01541 0.009796 0.03495
v 0.01541 0.009796 0.03495
v 0.0153 0.01286 -0.000291
v 0.01538 0.01266 -0.02806
v 0.01599 0.01232 -0.02772
v 0.01599 0.01232 -0.02772
v 0.01574 0.004121 0.02786
v 0.01574 0.004121 0.02786
v 0.01574 0.004121 0.03495
v 0.01574 0.004121 0.03495
v 0.01526 0.01406 -0.06631
v 0.01526 0.01406 -0.06631
v 0.01526 0.02569 0.07197
v 0.01526 0.02459 0.07186
v 0.01525 0.01446 -0.06755
v 0.01526 0.01525 -0.06862
v 0.01526 0.01621 0.06931
v 0.01526 0.01374 -0.03082
v 0.01526 0.01511 0.06847
v 0.01526 0.01449 0.06759
v 0.01478 -0.001834 0.02838
v 0.01478 -0.001834 0.02838
v 0.01479 -0.001783 0.03496
v 0.01479 -0.001783 0.03496
v 0.01541 0.005368 -0.02805
v 0.01435 -0.002439 0.03497
v 0.01435 -0.002439 0.03497
v 0.01441 -0.002361 0.02857
v 0.01441 -0.002361 0.02857
v 0.01381 -0.002729 0.02887
v 0.01381 -0.002729 0.02887
v 0.01365 -0.002754 0.03498
v 0.01365 -0.002754 0.03498
v 0.01396 0.06872 -0.09093
v 0.01414 0.06874 0.08729
v 0.01145 0.0688 0.06581
v 0.01145 0.0688 0.06581
v 0.01145 0.0688 0.06581
v 0.01406 0.06874 -0.08162
v 0.01132 0.06877 -0.09213
v 0.01083 0.06881 0.06659
v 0.01083 0.06881 0.06659
v 0.01083 0.06881 0.06659
v 0.01023 0.06882 0.06681
v 0.01023 0.06882 0.06681
v 0.01223 0.06876 0.09179
v 0.01056 0.06882 -0.06674
v 0.01056 0.06882 -0.06674
v 0.01056 0.06882 -0.06674
v 0.01128 0.0688 -0.06613
v 0.01128 0.0688 -0.06613
v 0.01128 0.0688 -0.06613
v 0.01402 0.0687 0.09052
v 0.01149 0.0688 -0.06554
v 0.01149 0.0688 -0.06554
v -0.0013 -0.003936 -0.03202
v 0.002183 -0.005462 0.03344
v 0.002183 -0.005462 0.03344
v 0.005809 -0.005399 0.03301
v 0.005809 -0.005399 0.03301
v 0.01049 -0.005318 0.03185
v 0.01049 -0.005318 0.03185
v 0.01401 -0.005202 0.07364
v 0.004 -0.005419 0.073
v 0.004 -0.005419 0.073
v 0.01953 -0.005131 -0.03414
v 0.02478 -0.005059 -0.03693
v 0.02265 -0.005082 -0.0723
v 0.004749 -0.005417 -0.03318
v 0.004749 -0.005417 -0.03318
v 0.008216 -0.005356 -0.03248
v 0.008216 -0.005356 -0.03248
v 0.01192 -0.005299 -0.03136
v 0.01192 -0.005299 -0.03136
v 0.01711 -0.005184 -0.03256
v 0.0141 0.03868 0.09921
v 0.01402 0.05266 0.1002
v 0.0141 0.02469 0.09732
v 0.01406 0.0174 0.09597
v 0.009232 0.06002 0.1004
v 0.01349 0.05762 0.1003
v 0.01386 0.03097 0.09829
v 0.003682 0.01994 0.09666
v 0.003682 0.01994 0.09666
v 0.003992 0.01935 0.09654
v 0.003992 0.01935 0.09654
v 0.01604 0.06066 0.09727
v 0.01605 0.05832 0.09881
v 0.009692 0.06532 0.09663
v 0.0171 0.06131 0.09493
v 0.0155 0.06339 0.09585
v 0.01631 0.0647 0.09385
v 0.01732 0.05806 0.09656
v 0.01128 0.06356 0.09782
v 0.01695 0.06639 0.09035
v 0.01673 0.05718 0.09837
v 0.01712 0.06494 0.09166
v 0.01685 0.05987 0.09652
v 0.01681 0.06461 0.09296
v 0.009896 0.06124 0.09986
v 0.01767 0.06054 0.09368
v 0.01739 0.05529 0.09758
v 0.01751 0.06409 0.09083
v 0.01799 0.0532 0.09532
v 0.0175 0.05265 0.09753
v 0.01752 0.04704 0.09708
v 0.01825 0.05175 0.093
v 0.01731 0.03355 0.09595
v 0.01247 0.06579 0.09562
v 0.01789 0.03416 0.09307
v 0.01138 0.0678 0.09407
v 0.01717 0.01692 0.09326
v 0.01771 0.01781 0.09048
v 0.01299 0.06071 0.09946
v 0.0171 0.01128 0.09176
v 0.0178 0.01274 0.08806
v 0.01702 0.007008 0.09013
v 0.01339 0.0678 0.09356
v 0.01825 0.01255 0.08455
v 0.01779 0.0637 0.08893
v 0.01793 0.06058 0.09212
v 0.01696 0.003966 0.08846
v 0.01391 0.065 0.09572
v 0.01732 0.06597 0.08841
v 0.01825 0.00696 0.07916
v 0.01791 0.05725 0.09459
v 0.01395 0.06592 0.09495
v 0.01825 0.06101 0.08402
v 0.01734 0.06583 0.08141
v 0.01734 0.06583 0.08141
v 0.01757 0.002549 0.08019
v 0.01698 -0.000934 0.08238
v 0.01708 -0.001988 0.07818
v 0.01825 0.004182 0.07359
v 0.01386 0.06015 0.09941
v 0.01692 0.001516 0.08645
v 0.01481 0.06744 0.09313
v 0.01467 0.06471 0.09551
v 0.01715 -0.002523 0.07364
v 0.01533 0.06595 0.09399
v 0.01824 0.05748 0.09189
v 0.01495 0.05928 0.09932
v 0.005029 0.06202 0.09981
v 0.003704 0.06562 0.09691
v 0.01825 0.05962 0.08964
v 0.007416 0.06336 0.0986
v 0.01589 0.06706 0.09228
v 0.008705 0.06817 0.09386
v 0.01646 0.06675 0.09149
v 0.01786 0.02857 -0.07609
v 0.02033 0.02574 -0.08272
v 0.01918 0.04026 -0.0865
v 0.01812 0.0316 -0.07935
v 0.02211 0.03405 -0.09043
v 0.02211 0.03405 -0.09043
v 0.01872 0.04071 -0.08513
v 0.01826 0.04707 -0.08106
v 0.02072 0.04629 -0.0924
v 0.01887 0.05971 -0.08946
v 0.01933 0.05631 -0.09227
v 0.01991 0.0522 -0.09288
v 0.01837 0.05509 -0.08324
v 0.01827 0.06095 -0.08228
v 0.01778 0.03429 -0.07099
v 0.01773 0.02981 0.06844
v 0.01773 0.02981 0.06844
v 0.01775 0.02942 0.07008
v 0.01773 0.02864 0.07101
v 0.01773 0.02864 0.07101
v 0.01782 0.03593 0.0763
v 0.01774 0.01605 -0.06959
v 0.01774 0.01605 -0.06959
v 0.01792 0.01538 -0.07043
v 0.01772 0.0245 -0.07222
v 0.01772 0.0245 -0.07222
v 0.01772 0.0245 -0.07222
v 0.01774 0.02613 -0.07234
v 0.01774 0.02613 -0.07234
v 0.01772 0.02978 -0.06858
v 0.01772 0.02978 -0.06858
v 0.01857 0.01531 -0.07278
v 0.01771 0.02935 -0.0699
v 0.01771 0.02935 -0.0699
v 0.01924 0.02764 -0.08105
v 0.01855 0.03167 -0.08113
v 0.02124 0.01475 -0.07895
v 0.01771 0.02736 -0.07187
v 0.01771 0.02736 -0.07187
v 0.01775 0.02841 -0.07135
v 0.02421 0.01564 -0.08571
v 0.02421 0.01564 -0.08571
v 0.02334 0.02323 -0.08791
v 0.02334 0.02323 -0.08791
v 0.01774 0.02741 0.07193
v 0.02004 0.0151 -0.07642
v 0.01825 0.003995 0.02629
v 0.01825 0.003995 0.02629
v 0.01725 -0.002265 0.02695
v 0.01725 -0.002265 0.02695
v 0.02213 0.01026 -0.07617
v 0.01789 0.01254 -0.02694
v 0.02564 0.006552 -0.07852
v 0.02564 0.006552 -0.07852
v 0.01841 0.01215 -0.06722
v 0.01795 0.01362 -0.06854
v 0.01776 0.01395 -0.06727
v 0.01772 0.01492 -0.06868
v 0.01772 0.01492 -0.06868
v 0.02596 0.005159 -0.07608
v 0.02596 0.005159 -0.07608
v 0.02149 0.0125 -0.07753
v 0.01966 0.01047 -0.06747
v 0.02575 0.005373 -0.05631
v 0.02273 0.007726 -0.05958
v 0.01839 0.004024 -0.0273
v 0.0249 0.01069 -0.08293
v 0.0249 0.01069 -0.08293
v 0.01983 0.01035 -0.06876
v 0.01889 0.005167 -0.02856
v 0.0245 0.01338 -0.08474
v 0.0245 0.01338 -0.08474
v 0.01986 0.01085 -0.07064
v 0.02527 0.008471 -0.08088
v 0.02527 0.008471 -0.08088
v 0.01943 0.01236 -0.07219
v 0.0187 0.01209 -0.06902
v 0.02001 0.006858 -0.03
v 0.02185 0.008612 -0.07192
v 0.02077 0.007002 -0.03073
v 0.01845 0.01378 -0.07103
v 0.01971 0.004285 -0.0299
v 0.02143 0.00747 -0.03158
v 0.0178 0.02905 0.07776
v 0.01774 0.02501 0.07238
v 0.01774 0.02501 0.07238
v 0.02105 0.01012 -0.07302
v 0.0209 0.005607 -0.0308
v 0.02206 0.007966 -0.06957
v 0.02188 0.006079 -0.03147
v 0.01779 0.01253 0.06936
v 0.02643 0.004015 -0.0715
v 0.02643 0.004015 -0.0715
v 0.01967 0.01377 -0.0745
v 0.0262 0.004366 -0.07397
v 0.0262 0.004366 -0.07397
v 0.01792 0.01315 -0.06647
v 0.01772 0.01373 0.06586
v 0.01772 0.01373 0.06586
v 0.01786 0.0108 0.02656
v 0.01786 0.0108 0.02656
v 0.01786 0.0108 0.02656
v 0.01772 0.01374 -0.02182
v 0.01772 0.01374 -0.02182
v 0.01787 0.0108 -0.02381
v 0.01787 0.0108 -0.02381
v 0.01807 0.0108 -0.02641
v 0.01807 0.0108 -0.02641
v 0.01807 0.0108 -0.02641
v 0.01847 0.01053 -0.02821
v 0.01803 0.01286 -0.0316
v 0.01861 0.01129 -0.02984
v 0.01772 0.02651 0.07218
v 0.01872 0.01172 -0.03256
v 0.01772 0.01379 -0.02919
v 0.0185 0.009416 -0.02773
v 0.01922 0.01014 -0.03022
v 0.01813 0.01275 -0.03588
v 0.01936 0.009608 -0.02996
v 0.01927 0.008723 -0.02932
v 0.0184 0.007578 -0.02705
v 0.01879 0.007527 -0.02813
v 0.01954 0.01028 -0.03148
v 0.01772 0.02021 0.07099
v 0.01866 0.01195 -0.03664
v 0.01939 0.007087 -0.02921
v 0.01966 0.01048 -0.03266
v 0.02056 0.008917 -0.03168
v 0.02032 0.008221 -0.03067
v 0.01944 0.01103 -0.0347
v 0.02037 0.01014 -0.03578
v 0.02091 0.00905 -0.03268
v 0.01824 0.003946 -0.0263
v 0.01824 0.003946 -0.0263
v 0.01867 0.01184 -0.05988
v 0.02108 0.009217 -0.03382
v 0.02214 0.007918 -0.03312
v 0.02263 0.006969 -0.03256
v 0.02343 0.007198 -0.0343
v 0.02216 0.006618 -0.03184
v 0.02361 0.005813 -0.03264
v 0.01939 0.01103 -0.04724
v 0.02366 0.007273 -0.0355
v 0.02176 0.008887 -0.03581
v 0.02064 0.003994 -0.0308
v 0.02155 0.003957 -0.03137
v 0.0247 0.00583 -0.0338
v 0.02291 0.004644 -0.03191
v 0.02536 0.004003 -0.03298
v 0.02828 0.003996 -0.03667
v 0.02828 0.003996 -0.03667
v 0.02776 0.003987 -0.03534
v 0.02776 0.003987 -0.03534
v 0.02723 0.003992 -0.03452
v 0.02723 0.003992 -0.03452
v 0.02651 0.003965 -0.03376
v 0.01775 0.01578 0.0696
v 0.01825 0.031 0.08987
v 0.02274 0.008181 -0.03952
v 0.01772 0.01484 0.06869
v 0.01772 0.01484 0.06869
v 0.02094 0.009256 -0.06275
v 0.01772 0.01392 0.06712
v 0.01772 0.01392 0.06712
v 0.02799 0.004 -0.04934
v 0.02799 0.004 -0.04934
v 0.02425 0.007032 -0.03746
v 0.02862 0.003998 -0.03937
v 0.02862 0.003998 -0.03937
v 0.01807 0.0124 -0.0288
v 0.0182 0.008758 -0.02632
v 0.0182 0.008758 -0.02632
v 0.01774 0.01375 -0.06602
v 0.02334 0.005177 -0.0322
v 0.01969 -0.001388 -0.03009
v 0.01873 -0.001573 -0.02901
v 0.02835 -0.001519 -0.03715
v 0.02811 -0.001651 -0.03624
v 0.02766 -0.00149 -0.03519
v 0.02857 -0.001543 -0.0387
v 0.02721 -0.001194 -0.03449
v 0.02063 -0.001705 -0.03087
v 0.01791 -0.002127 -0.02767
v 0.01759 -0.001978 -0.02673
v 0.01759 -0.001978 -0.02673
v 0.02165 -0.001809 -0.03146
v 0.02681 -0.001732 -0.03409
v 0.02594 -0.001358 -0.03335
v 0.02461 -0.001352 -0.0326
v 0.02858 -0.001353 -0.04072
v 0.01449 0.06515 -0.0955
v 0.01275 0.0638 -0.0973
v 0.0216 0.03479 -0.09348
v 0.02187 0.02627 -0.09494
v 0.02299 0.01631 -0.09282
v 0.02404 0.01284 -0.08818
v 0.02366 0.01048 -0.09104
v 0.02433 0.00636 -0.08836
v 0.02512 0.001126 -0.08348
v 0.01746 0.06587 -0.08554
v 0.01801 0.06377 -0.08922
v 0.01735 0.06631 -0.08837
v 0.01709 0.06636 -0.09049
v 0.01024 0.06798 -0.09407
v 0.0171 0.06549 -0.09187
v 0.01769 0.06414 -0.09161
v 0.0164 0.06682 -0.09197
v 0.01647 0.06513 -0.09368
v 0.01566 0.06546 -0.09435
v 0.01542 0.06743 -0.09267
v 0.01465 0.06741 -0.09338
v 0.01138 0.06618 -0.09566
v 0.0135 0.06655 -0.09478
v 0.0137 0.06768 -0.09364
v 0.01836 0.06178 -0.09154
v 0.006538 0.06424 -0.09799
v 0.01541 0.06255 -0.09688
v 0.01662 0.0622 -0.09594
v 0.01794 0.06157 -0.09388
v 0.009526 0.06362 -0.09814
v 0.006979 0.06169 -0.0999
v 0.01085 0.06108 -0.0998
v 0.01895 0.05822 -0.09294
v 0.02636 -0.00172 -0.07219
v 0.01869 0.05788 -0.09498
v 0.01436 0.05962 -0.09965
v 0.02601 -0.001228 -0.07611
v 0.0159 0.05882 -0.09923
v 0.02551 -0.000194 -0.08058
v 0.01296 0.06028 -0.09976
v 0.01727 0.06319 -0.09406
v 0.01696 0.05828 -0.09852
v 0.01736 0.06574 -0.08129
v 0.01816 0.05808 -0.09648
v 0.01865 0.05504 -0.09753
v 0.01944 0.05295 -0.09602
v 0.01762 0.0574 -0.09819
v 0.01807 0.05586 -0.09834
v 0.02004 0.04992 -0.09489
v 0.01919 0.052 -0.09752
v 0.01966 0.0489 -0.09719
v 0.02107 0.03405 -0.09606
v 0.02064 0.005675 -0.09185
v 0.02036 0.008159 -0.09312
v 0.01972 0.01372 -0.09507
v 0.0226 -0.004855 -0.07531
v 0.02188 -0.003174 -0.08198
v 0.02223 -0.004217 -0.07886
v 0.02144 -0.001972 -0.08442
v 0.02095 0.000841 -0.08813
v 0.02092 0.003807 -0.09065
v 0.02163 -0.000486 -0.08656
v 0.02109 0.002169 -0.08937
v 0.02019 0.01057 -0.09407
v 0.01688 0.04272 -0.09954
v 0.01338 0.05824 -0.1003
v 0.01772 0.03568 -0.0988
v 0.01613 0.05075 -0.1001
v 0.01849 0.02821 -0.0978
v 0.008263 0.0598 -0.1004
v 0.01918 0.02102 -0.09658
v 0.0173 0.06594 -0.04331
v 0.0173 0.06594 -0.04331
v 0.01392 0.007577 0.09339
v 0.004 0.008887 0.09408
v 0.004 0.008887 0.09408
v 0.01384 -0.001167 0.08758
v 0.004 -0.001131 0.08795
v 0.004 -0.001131 0.08795
v 0.004 -0.002256 0.08645
v 0.004 -0.002256 0.08645
v 0.01363 -0.004645 0.07977
v 0.004 -0.00453 0.08114
v 0.004 -0.00453 0.08114
v 0.01403 0.01077 0.09442
v 0.004 0.01438 0.09554
v 0.004 0.01438 0.09554
v 0.01352 -4.7E-05 0.08886
v 0.004 0.000227 0.08937
v 0.004 0.000227 0.08937
v 0.004 -0.003506 0.08415
v 0.004 -0.003506 0.08415
v 0.01383 0.001272 0.08998
v 0.01375 -0.003355 0.08396
v 0.004 0.002152 0.0909
v 0.004 0.002152 0.0909
v 0.01397 -0.005056 0.07646
v 0.004 -0.005188 0.07735
v 0.004 -0.005188 0.07735
v 0.01375 0.003117 0.0913
v 0.01361 -0.002476 0.08575
v 0.004 0.004986 0.09254
v 0.004 0.004986 0.09254
v 0.01359 0.005498 0.09256
v 0.00396 -0.009595 0.1006
v 0.003996 -0.01056 0.09862
v 0.003989 -0.005611 0.1019
v 0.003996 0.01062 0.1018
v 0.003966 0.0146 0.1006
v 0.01731 0.01084 -0.02692
v 0.01731 0.01084 -0.02692
v 0.0173 -0.003033 -0.02692
v 0.0173 -0.003033 -0.02692
v 0.01693 -0.003694 -0.02718
v 0.01693 -0.003694 -0.02718
v 0.01693 -0.003694 -0.02718
v 0.01658 0.0111 -0.02737
v 0.01658 0.0111 -0.02737
v 0.01658 0.0111 -0.02737
v 0.01613 0.01144 -0.02764
v 0.01613 0.01144 -0.02764
v 0.01571 0.0119 -0.02788
v 0.01406 -0.003753 -0.02875
v 0.01406 -0.003753 -0.02875
v 0.01098 -0.003806 -0.03008
v 0.01098 -0.003806 -0.03008
v 0.007792 -0.003869 -0.03104
v 0.007792 -0.003869 -0.03104
v 0.002096 -0.003974 -0.03194
v 0.002096 -0.003974 -0.03194
v 0.01738 0.01083 -0.01386
v 0.01509 -0.003733 0.02822
v 0.01509 -0.003733 0.02822
v 0.01621 0.01132 0.02759
v 0.01621 0.01132 0.02759
v 0.001919 -0.00398 0.03196
v 0.001919 -0.00398 0.03196
v 0.01654 -0.003709 0.0274
v 0.01654 -0.003709 0.0274
v 0.01654 -0.003709 0.0274
v 0.0169 -0.003172 0.02718
v 0.0169 -0.003172 0.02718
v 0.01721 0.01086 0.02698
v 0.01721 0.01086 0.02698
v 0.004953 -0.003921 0.03163
v 0.004953 -0.003921 0.03163
v 0.00811 -0.003862 0.03097
v 0.00811 -0.003862 0.03097
v 0.01068 -0.003816 0.03017
v 0.01068 -0.003816 0.03017
v 0.01285 -0.003779 0.02932
v 0.01285 -0.003779 0.02932
v 0.01551 0.01218 0.02799
v 0.01551 0.01218 0.02799
v 0.01954 -0.004339 -0.03197
v 0.01966 -0.004792 -0.03298
v 0.01964 -0.00221 -0.03019
v 0.0186 -0.002373 -0.02908
v 0.01886 -0.003884 -0.03069
v 0.01973 -0.003038 -0.03073
v 0.01768 -0.004909 -0.03154
v 0.01804 -0.004393 -0.03065
v 0.01841 -0.003099 -0.02932
v 0.01791 -0.003853 -0.02951
v 0.01766 -0.003105 -0.02803
v 0.0172 -0.003946 -0.0284
v 0.01638 -0.004999 -0.03021
v 0.0284 -0.002444 -0.03963
v 0.01687 -0.004681 -0.02972
v 0.01642 -0.004632 -0.02854
v 0.01642 -0.004632 -0.02854
v 0.0276 -0.003767 -0.03959
v 0.02732 -0.002115 -0.03487
v 0.02762 -0.002613 -0.03574
v 0.02632 -0.002124 -0.03378
v 0.02815 -0.002432 -0.03721
v 0.02663 -0.002727 -0.03437
v 0.0268 -0.003128 -0.03484
v 0.02705 -0.003648 -0.03601
v 0.02777 -0.003217 -0.03717
v 0.02657 -0.004584 -0.03985
v 0.0258 -0.00291 -0.03377
v 0.02747 -0.003738 -0.03786
v 0.02501 -0.002195 -0.03295
v 0.02563 -0.004939 -0.03839
v 0.02458 -0.002979 -0.0331
v 0.02479 -0.003682 -0.03372
v 0.02697 -0.004152 -0.03734
v 0.02581 -0.003684 -0.03442
v 0.02643 -0.004385 -0.0366
v 0.0261 -0.004699 -0.0374
v 0.02626 -0.004074 -0.03541
v 0.02549 -0.004763 -0.03621
v 0.02513 -0.004463 -0.035
v 0.02401 -0.004388 -0.0342
v 0.02159 -0.002717 -0.03174
v 0.02411 -0.004892 -0.03538
v 0.02132 -0.003367 -0.03199
v 0.02119 -0.004178 -0.03272
v 0.02059 -0.002544 -0.03111
v 0.01531 -0.005197 -0.02977
v 0.01531 -0.005197 -0.02977
v 0.02797 -0.003179 -0.04109
v 0.01998 -0.003802 -0.03157
v 0.02604 -0.002739 -0.07215
v 0.02549 -0.003608 -0.07242
v 0.02476 -0.004302 -0.07251
v 0.02405 -0.004723 -0.07239
v 0.02338 -0.00495 -0.07293
v 0.02587 -0.002416 -0.07495
v 0.02542 -0.003175 -0.07517
v 0.02248 0.01441 -0.09369
v 0.02278 0.01497 -0.0933
v 0.02189 0.01411 -0.09422
v 0.02255 0.008462 -0.09224
v 0.02244 0.006394 -0.09147
v 0.02316 0.005144 -0.09023
v 0.02133 0.006964 -0.09235
v 0.02109 0.01472 -0.09487
v 0.02255 0.004123 -0.09016
v 0.02328 0.002582 -0.08847
v 0.02176 0.004905 -0.09109
v 0.0219 0.003317 -0.09001
v 0.02315 0.001147 -0.08742
v 0.024 0.001358 -0.08655
v 0.02069 0.01259 -0.09457
v 0.02351 -0.000497 -0.0853
v 0.02313 0.01041 -0.09215
v 0.02007 0.01681 -0.09565
v 0.02434 -0.000522 -0.084
v 0.02369 -0.001932 -0.08299
v 0.02464 -0.002014 -0.08107
v 0.02217 0.01147 -0.09344
v 0.02371 -0.002938 -0.081
v 0.02438 -0.003216 -0.07892
v 0.02506 -0.002567 -0.07865
v 0.02467 -0.00368 -0.07662
v 0.02351 -0.004058 -0.07815
v 0.02153 0.01143 -0.09388
v 0.02494 -0.00381 -0.07486
v 0.02314 0.008216 -0.09152
v 0.02188 0.00834 -0.09267
v 0.02362 0.005286 -0.08969
v 0.02397 0.006624 -0.08957
v 0.02109 0.009588 -0.09349
v 0.02259 -2.1E-05 -0.08667
v 0.02415 -0.004377 -0.07495
v 0.02397 0.003768 -0.08834
v 0.02454 0.003479 -0.08683
v 0.02283 -0.001418 -0.08467
v 0.02242 -0.002457 -0.08327
v 0.02289 -0.003334 -0.08102
v 0.02325 -0.004527 -0.07647
v 0.02454 0.001691 -0.08579
v 0.0223 0.002123 -0.08891
v 0.02206 -0.001283 -0.08533
v 0.0216 0.01787 -0.095
v 0.02173 0.000747 -0.08789
v 0.02499 -0.000704 -0.08217
v 0.02555 -0.001845 -0.0782
v 0.01964 0.02592 -0.09718
v 0.02059 0.03328 -0.09696
v 0.02059 0.02544 -0.09659
v 0.02002 0.03328 -0.09755
v 0.01909 0.03321 -0.09816
v 0.01571 0.05594 -0.1001
v 0.01918 0.04085 -0.09847
v 0.01839 0.03921 -0.0989
v 0.02025 0.03988 -0.0972
v 0.01081 0.06011 -0.1002
v 0.01948 0.04326 -0.09813
v 0.02079 0.0193 -0.09574
v 0.01774 0.04534 -0.09945
v 0.02166 0.02369 -0.09534
v 0.01818 0.04838 -0.09923
v 0.01846 0.05076 -0.09891
v 0.0192 0.0497 -0.09805
v 0.01718 0.0506 -0.09977
v 0.01642 0.05707 -0.09959
v 0.01517 0.05795 -0.09998
v 0.01384 0.05909 -0.1
v 0.01714 0.05382 -0.09967
v 0.005185 0.06101 -0.1003
v 0.01864 0.05321 -0.09829
v 0.01754 0.05506 -0.09919
v 0.01697 0.05724 -0.0991
v 0.01471 0.06863 -0.08861
v 0.01506 0.06821 -0.09159
v 0.01265 0.06796 -0.09369
v 0.01406 0.0683 -0.09249
v 0.01033 0.06851 -0.09321
v 0.01287 0.06858 -0.0924
v 0.01699 0.06672 -0.08179
v 0.01639 0.06752 -0.08194
v 0.01591 0.06795 -0.08147
v 0.01505 0.06846 -0.08267
v 0.01657 0.0671 -0.09089
v 0.01693 0.06705 -0.08578
v 0.01589 0.06791 -0.09051
v 0.01566 0.06823 -0.08772
v 0.01533 0.06833 -0.08994
v 0.0164 0.06769 -0.08799
v 0.01587 0.06758 -0.09168
v 0.01467 0.06791 -0.0927
v 0.01686 0.06707 -0.08932
v 0.01631 0.0676 0.03331
v 0.01458 0.06861 0.0343
v 0.01538 0.06829 0.02485
v 0.01696 0.06676 0.01813
v 0.01732 0.06588 0.02
v 0.01732 0.06588 0.02
v 0.01458 0.06863 -0.06712
v 0.01533 0.06832 -0.06196
v 0.01585 0.06799 0.03475
v 0.01715 0.06637 -0.05356
v 0.01513 0.06842 0.06702
v 0.0168 0.067 -0.04728
v 0.01619 0.06772 -0.0445
v 0.01651 0.06737 0.06627
v 0.0155 0.06822 -0.0427
v 0.01686 0.06691 0.07557
v 0.01468 0.06859 -0.04365
v 0.01586 0.06799 0.06805
v 0.01716 0.06632 0.08075
v 0.01466 0.06861 -0.01112
v 0.01666 0.0672 -0.0299
v 0.0171 0.06647 -0.03485
v 0.01532 0.06833 0.08207
v 0.01625 0.06765 0.08013
v 0.01613 0.06781 0.08367
v 0.0167 0.06715 0.08151
v 0.01555 0.06819 -0.01233
v 0.0163 0.0676 0.007437
v 0.01496 0.06849 0.003743
v 0.01579 0.06804 0.00754
v 0.01495 0.0685 0.08868
v 0.01677 0.06718 0.08659
v 0.01732 0.06621 0.08612
v 0.01575 0.06812 0.08684
v 0.01624 0.06766 0.08889
v 0.01691 0.06682 0.08884
v 0.01558 0.06807 0.09016
v 0.0138 0.06858 0.09167
v 0.01485 0.06828 0.09139
v 0.01243 0.06845 0.09284
v 0.01422 0.06822 0.09237
v 0.01575 0.0676 0.09148
v 0.01508 0.0678 0.09227
v 0.009714 0.06867 0.09273
v 0.01643 0.06729 0.09008
v 0.01665 -0.003529 0.07375
v 0.016 -0.004301 0.02839
v 0.016 -0.004301 0.02839
v 0.01578 -0.004448 0.07314
v 0.0149 -0.004981 0.02973
v 0.0149 -0.004981 0.02973
v 0.01494 -0.004924 0.07361
v 0.01379 -0.005251 0.03053
v 0.01379 -0.005251 0.03053
v 0.01498 -0.004665 0.07693
v 0.01514 -0.004219 0.07948
v 0.01665 -0.001944 0.08197
v 0.01671 -0.002826 0.07841
v 0.01601 -0.003436 0.08009
v 0.01577 -0.004199 0.07677
v 0.01637 -0.003571 0.07686
v 0.01496 0.0114 0.09429
v 0.01539 0.01659 0.09531
v 0.0154 0.0126 0.09435
v 0.01632 0.01611 0.09447
v 0.01672 0.0116 0.09273
v 0.01594 0.01082 0.09345
v 0.01453 0.005682 0.09241
v 0.01486 0.004196 0.09151
v 0.01476 0.002474 0.09051
v 0.0146 0.000519 0.08904
v 0.01519 -8E-05 0.088
v 0.01499 -0.000985 0.08714
v 0.0149 0.008085 0.09323
v 0.01453 -0.002085 0.08592
v 0.01533 -0.002048 0.08516
v 0.01569 0.008317 0.09281
v 0.01488 -0.00296 0.08401
v 0.01584 -0.001083 0.08595
v 0.01632 -0.001008 0.08511
v 0.01392 -0.003904 0.08248
v 0.01577 -0.00266 0.08319
v 0.01607 0.007087 0.09196
v 0.01669 -0.000446 0.08476
v 0.01489 -0.00381 0.08163
v 0.01424 -0.004535 0.07974
v 0.01663 0.007036 0.09114
v 0.01525 0.006201 0.09226
v 0.015 0.02107 0.09639
v 0.01562 0.003724 0.09069
v 0.01614 0.004073 0.09032
v 0.01627 -0.002387 0.08234
v 0.0166 0.003689 0.08929
v 0.01554 0.001261 0.08895
v 0.01612 0.001662 0.08859
v 0.01661 0.001167 0.08713
v 0.01603 0.000369 0.08747
v 0.01657 0.02445 0.09581
v 0.01699 0.02463 0.09516
v 0.01538 0.02946 0.09762
v 0.01591 0.02412 0.0964
v 0.01686 0.03479 0.09701
v 0.01472 0.02758 0.09761
v 0.01617 0.0332 0.09759
v 0.01473 0.03439 0.09857
v 0.01674 0.05522 0.09873
v 0.0164 0.03939 0.09816
v 0.01452 0.05552 0.1002
v 0.01529 0.03801 0.09878
v 0.01704 0.04479 0.09789
v 0.01562 0.04472 0.09924
v 0.01631 0.04761 0.09899
v 0.01453 0.04499 0.0997
v 0.01713 0.05219 0.09832
v 0.01597 0.05587 0.09947
v 0.01528 0.05555 0.09992
v 0.01626 0.05693 0.09903
v 0.01535 0.05794 0.09957
v 0.01577 0.0516 0.09962
v 0.01471 0.05182 0.1001
v 0.01662 0.05323 0.09895
v 0.01254 0.05983 0.1001
v 0.01298 0.05875 0.1003
v 0.005779 0.06116 0.1002
v 0.01449 0.05789 0.1
v 0.01394 0.05921 0.09986
v 0.01526 0.02062 0.07075
v 0.01737 0.02473 0.07195
v 0.001534 0.01312 0.0995
v 0.001026 0.01357 0.09884
v 0.000593 0.0135 0.09864
v 0.001833 0.01245 0.1003
v 0.001975 0.01468 0.09983
v 0.000518 0.01508 0.09765
v 0.001767 0.01517 0.09879
v 0.001187 0.01525 0.09792
v 0.001036 0.008401 0.1003
v 0.001463 0.009096 0.1006
v 0.001777 0.009177 0.101
v 0.00102 0.009943 0.1001
v 0.000999 0.0169 0.09639
v 0.001453 0.01726 0.09655
v 0.000523 0.01171 0.09938
v 0.001777 0.01761 0.09685
v 0.00102 0.01148 0.09968
v 0.001451 0.01143 0.1
v 0.01604 0.01147 -0.006742
v 0.01609 0.01142 -0.01874
v 0.01531 0.01267 -0.02154
v 0.01663 0.01106 -0.0128
v 0.01563 0.01198 -0.008166
v 0.01685 0.01097 0.003384
v 0.01614 0.01138 0.002994
v 0.01545 0.01231 0.01095
v 0.01633 0.01124 0.01369
v 0.0158 0.01174 0.01719
v 0.01698 0.01091 0.01319
v 0.01626 0.01129 0.02141
v 0.01702 0.0109 0.0221
v 0.005159 -0.003915 -0.03159
v 0.005159 -0.003915 -0.03159
v 0.01743 0.01634 0.06942
v 0.01743 0.01634 0.06942
v 0.01744 0.01538 0.06882
v 0.01739 0.0147 0.06805
v 0.01744 0.01417 0.067
v 0.01744 0.01417 0.067
v 0.01744 0.01398 0.06595
v 0.01744 0.01398 0.06595
v 0.01746 0.02036 0.07075
v 0.01746 0.02036 0.07075
v 0.01739 0.02744 0.07152
v 0.01746 0.02648 0.07191
v 0.01734 0.02577 0.072
v 0.01734 0.02577 0.072
v 0.01741 0.02951 0.0684
v 0.01739 0.02926 0.06939
v 0.01739 0.02926 0.06939
v 0.01747 0.02881 0.07031
v 0.01747 0.02881 0.07031
v 0.01743 0.02821 0.07097
v 0.01743 0.02821 0.07097
v 0.01745 0.02888 -0.07021
v 0.01745 0.02888 -0.07021
v 0.01748 0.02942 -0.069
v 0.01748 0.02942 -0.069
v 0.01748 0.0247 -0.07196
v 0.01748 0.0247 -0.07196
v 0.01746 0.02549 -0.07203
v 0.01749 0.02612 -0.07199
v 0.01749 0.02612 -0.07199
v 0.01745 0.02713 -0.0717
v 0.01745 0.02713 -0.0717
v 0.01746 0.02817 -0.07103
v 0.01746 0.02817 -0.07103
v 0.01749 0.01611 -0.06933
v 0.01749 0.01611 -0.06933
v 0.0175 0.02047 -0.0708
v 0.0175 0.02047 -0.0708
v 0.01755 0.01396 -0.06599
v 0.01755 0.01396 -0.06599
v 0.01752 0.01409 -0.06672
v 0.01752 0.01409 -0.06672
v 0.01752 0.01437 -0.06751
v 0.01752 0.01437 -0.06751
v 0.01745 0.01501 -0.06846
v 0.01745 0.01501 -0.06846
v 0.01754 0.01396 -0.04111
v 0.01754 0.01396 -0.04111
v 0.01744 0.01398 -0.0231
v 0.01744 0.01398 -0.0231
v 0.0176 0.02962 0.05609
v 0.01751 0.02955 -0.06808
v 0.01762 0.02938 0.06951
v 0.01768 0.02865 -0.07084
v 0.0176 0.0277 0.07153
v 0.0176 0.0277 0.07153
v 0.01756 0.0251 0.07211
v 0.01756 0.0251 0.07211
v 0.01756 0.0251 0.07211
v 0.01767 0.01629 0.06961
v 0.01763 0.01448 0.06796
v 0.01761 0.01387 0.01517
v 0.003215 -0.01148 0.09816
v 0.003617 -0.01124 0.0988
v 0.0039 -0.0109 0.0987
v 0.003239 -0.009349 0.1014
v 0.003276 -0.01081 0.1001
v 0.003882 -0.01038 0.09989
v 0.003621 -0.00981 0.101
v 0.003143 -0.01015 0.1009
v 0.003636 -0.01068 0.09999
v 0.003144 -0.0113 0.09919
v 0.003884 -0.00795 0.1015
v 0.003307 -0.006138 0.1026
v 0.003201 -0.003732 0.103
v 0.003934 -0.003399 0.1024
v 0.003597 -0.00371 0.1028
v 0.003797 -0.006019 0.1022
v 0.003127 -0.008076 0.102
v 0.003541 -0.007902 0.1019
v 0.003161 0.008853 0.1029
v 0.003511 0.008403 0.1029
v 0.003209 0.01405 0.1016
v 0.003589 0.01462 0.1012
v 0.003133 0.01573 0.1007
v 0.003885 0.01638 0.09968
v 0.003292 0.01935 0.09773
v 0.003581 0.0166 0.09997
v 0.003133 0.01243 0.1022
v 0.00354 0.01228 0.1021
v 0.003767 0.01852 0.09815
v 0.003885 0.01205 0.1018
v 0.003133 0.01093 0.1026
v 0.003253 0.01773 0.09931
v 0.003603 0.0102 0.1026
v 0.00396 0.01807 0.09809
v 0.003899 0.009148 0.1024
v 0.001409 -0.01146 0.09698
v 0.002283 -0.01143 0.09865
v 0.002213 0.01975 0.09724
v 0.002213 0.01975 0.09724
v 0.00225 0.01805 0.09901
v 0.00225 0.01805 0.09901
v 0.002225 0.01546 0.1009
v 0.002225 0.01546 0.1009
v 0.002261 0.01286 0.1021
v 0.002211 0.01105 0.1026
v 0.002211 0.01105 0.1026
v 0.002241 0.009519 0.1028
v 0.002241 0.009519 0.1028
v 0.002202 0.007946 0.103
v 0.002202 0.007946 0.103
v 0.002248 -0.003088 0.103
v 0.002312 -0.004833 0.1028
v 0.002295 -0.007458 0.1022
v 0.002232 -0.009697 0.1012
v 0.00225 -0.01061 0.1004
v 0.002197 -0.01107 0.09962
v 0.002197 -0.01107 0.09962
v 0.002044 -0.003977 0.1027
v 0.00211 -0.005811 0.1025
v 0.002025 -0.007446 0.102
v 0.002162 0.02018 0.09664
v 0.002162 0.02018 0.09664
v 0.001996 0.01883 0.09632
v 0.001991 0.01907 0.09637
v 0.001992 0.0195 0.09647
v 0.002002 0.01985 0.09655
v 0.002127 0.02012 0.09662
v 0.000627 0.01713 0.09586
v 0.000981 0.01728 0.09591
v 0.001439 0.01766 0.09602
v 0.001133 0.0174 0.09595
v 0.001774 0.01814 0.09615
v 0.00186 0.01843 0.09622
v 0.001552 0.01781 0.09606
v -0.01275 0.00875 0.036
v -0.01275 0.00875 0.036
v -0.01275 0.00875 0.036
v -0.01275 0.00975 0.035
v -0.01275 0.00975 0.035
v -0.01275 -0.002782 0.035
v -0.01275 -0.002782 0.035
v -0.01275 -0.002782 0.035
v -0.01275 -0.002782 0.036
v -0.01275 -0.002782 0.036
v -0.01275 -0.002782 0.036
v -0.01526 0.02944 0.06846
v -0.01526 0.02914 0.06963
v -0.01526 0.02944 -0.06846
v -0.01525 0.01639 -0.06939
v -0.01525 0.02121 -0.07093
v -0.01526 0.02514 -0.07196
v -0.01526 0.02623 -0.07189
v -0.01526 0.02729 -0.07155
v -0.01526 0.02822 -0.07088
v -0.01526 0.02883 -0.07016
v -0.01526 0.02832 0.07079
v -0.01526 0.02723 0.07159
v -0.01526 0.02924 -0.06932
v -0.001992 -0.00297 0.03196
v -0.004966 -0.002918 0.03162
v 0.0013 -0.003027 0.03202
v -0.01149 -0.002804 0.02988
v -0.01149 -0.002804 0.02988
v -0.008072 -0.002864 0.03099
v -0.008072 -0.002864 0.03099
v -0.008072 -0.002864 0.03099
v 0.0013 -0.003936 0.03202
v 0 -0.004008 0.032
v 0 -0.004008 0.032
v 0 -0.004008 0.032
v 0 0.01559 0.09719
v 0 0.01559 0.09719
v 0 -0.007535 0.09901
v 0 -0.007535 0.09901
v 0 0.01351 0.09855
v 0 -0.01008 0.09759
v 0 -0.01008 0.09759
v 0 -0.01008 0.09759
v 0 -0.01008 0.09759
v 0 0.01076 0.0996
v 0 0.01076 0.0996
v 0 -0.01143 0.09643
v 0 -0.01143 0.09643
v 0 0.008358 0.09998
v 0 -0.0055 0.045
v 0 -0.0055 0.045
v 0 -0.01145 0.045
v 0 -0.01145 0.045
v 0 -0.0055 0.03349
v 0 -0.0055 0.03349
v 0 0.01687 0.09602
v 0 -0.003706 0.09996
v 0 -0.003706 0.09996
v 0 -0.005556 0.09963
v -0.003953 -0.0109 0.04507
v -0.003953 -0.0109 0.04507
v -0.003291 -0.01149 0.04506
v -0.003291 -0.01149 0.04506
v -0.003291 -0.01149 0.04506
v -0.004 -0.00543 0.04507
v -0.004 -0.00543 0.04507
v -0.004 -0.00543 0.04507
v -0.000517 -0.004522 0.09991
v -0.00146 -0.009547 0.09868
v -0.001072 -0.00844 0.09892
v -0.001072 -0.00844 0.09892
v 0 -0.008221 0.09875
v 0 -0.008221 0.09875
v 0 -0.008221 0.09875
v -0.001556 -0.007202 0.09994
v -0.001874 -0.01132 0.09822
v -0.001874 -0.01132 0.09822
v -0.001491 -0.004739 0.1005
v -0.000994 -0.004834 0.1001
v -0.002012 -0.0105 0.1001
v -0.002012 -0.0105 0.1001
v -0.001963 -0.007806 0.1007
v -0.001827 -0.006041 0.1008
v -0.001974 -0.01106 0.09888
v -0.001145 -0.006344 0.09979
v -0.000979 -0.01027 0.09775
v -0.000501 -0.006231 0.09952
v 0 -0.01022 0.09753
v 0 -0.01022 0.09753
v 0 -0.01022 0.09753
v 0 -0.01022 0.09753
v 0 -0.01022 0.09753
v -0.001466 -0.01132 0.09738
v -0.001466 -0.01132 0.09738
v -0.001979 -0.004332 0.1016
v -0.001723 -0.003337 0.101
v -0.001148 -0.00336 0.1003
v -0.001867 -0.008843 0.09978
v 0 -0.002976 0.1
v 0 -0.002976 0.1
v 0 -0.002976 0.1
v -0.000663 -0.01143 0.09655
v -0.000663 -0.01143 0.09655
v -0.000663 -0.01143 0.09655
v -0.000663 -0.01143 0.09655
v -0.001979 0.0103 0.1015
v -0.002016 0.01373 0.1015
v -0.002021 0.009548 0.1026
v -0.001977 0.01789 0.09736
v -0.002018 0.01783 0.09894
v -0.00205 -0.009878 0.1009
v -0.00205 -0.009878 0.1009
v -0.001513 0.02187 0.09692
v 0 0.02263 0.09721
v 0 0.02263 0.09721
v -0.001896 0.02207 0.09709
v -0.003142 0.02021 0.09673
v -0.003142 0.02021 0.09673
v -0.002632 0.02025 0.09668
v 0 0.06712 0.09546
v 0 0.06517 0.09747
v 0 0.06388 0.09861
v 0 0.06858 0.09356
v 0 0.06156 0.1002
v 0 0.06898 0.09228
v 0 0.06036 0.1006
v 0 0.05583 0.1005
v 0 0.04643 0.1001
v 0 0.03759 0.09935
v 0 0.069 0.067
v 0 0.069 0.067
v 0 0.03016 0.09843
v -0.01526 0.01407 0.06639
v -0.01526 0.01407 0.06639
v -0.01532 0.01174 0.0281
v -0.01532 0.01174 0.0281
v -0.01527 0.01309 0.02812
v -0.01527 0.01309 0.02812
v -0.01541 0.009796 0.03495
v -0.01541 0.009796 0.03495
v -0.0153 0.01286 -0.000291
v -0.01538 0.01266 -0.02806
v -0.01599 0.01232 -0.02772
v -0.01599 0.01232 -0.02772
v -0.01574 0.004121 0.02786
v -0.01574 0.004121 0.02786
v -0.01574 0.004121 0.03495
v -0.01574 0.004121 0.03495
v -0.01526 0.01406 -0.06631
v -0.01526 0.01406 -0.06631
v -0.01526 0.02569 0.07197
v -0.01526 0.02459 0.07186
v -0.01525 0.01446 -0.06755
v -0.01526 0.01525 -0.06862
v -0.01526 0.01621 0.06931
v -0.01526 0.01374 -0.03082
v -0.01526 0.01511 0.06847
v -0.01526 0.01449 0.06759
v -0.01478 -0.001834 0.02838
v -0.01478 -0.001834 0.02838
v -0.01479 -0.001783 0.03496
v -0.01479 -0.001783 0.03496
v -0.01541 0.005368 -0.02805
v -0.01435 -0.002439 0.03497
v -0.01435 -0.002439 0.03497
v -0.01441 -0.002361 0.02857
v -0.01441 -0.002361 0.02857
v -0.01381 -0.002729 0.02887
v -0.01381 -0.002729 0.02887
v -0.01365 -0.002754 0.03498
v -0.01365 -0.002754 0.03498
v -0.01396 0.06872 -0.09093
v -0.01414 0.06874 0.08729
v -0.01145 0.0688 0.06581
v -0.01145 0.0688 0.06581
v -0.01145 0.0688 0.06581
v -0.01406 0.06874 -0.08162
v -0.01132 0.06877 -0.09213
v -0.01083 0.06881 0.06659
v -0.01083 0.06881 0.06659
v -0.01083 0.06881 0.06659
v -0.01023 0.06882 0.06681
v -0.01023 0.06882 0.06681
v -0.01223 0.06876 0.09179
v 0 0.069 -0.067
v 0 0.069 -0.067
v 0 0.06898 -0.09224
v -0.01056 0.06882 -0.06674
v -0.01056 0.06882 -0.06674
v -0.01056 0.06882 -0.06674
v -0.01128 0.0688 -0.06613
v -0.01128 0.0688 -0.06613
v -0.01128 0.0688 -0.06613
v -0.01402 0.0687 0.09052
v -0.01149 0.0688 -0.06554
v -0.01149 0.0688 -0.06554
v 0 -0.003633 -0.08191
v 0 0.005167 -0.09198
v 0 -0.002494 -0.08425
v 0 -0.001261 -0.08619
v 0 0.06865 -0.09341
v 0 0.002373 -0.09003
v 0 0.000328 -0.08815
v 0 0.06721 -0.09535
v 0 0.06576 -0.09692
v 0 0.06364 -0.09878
v 0 0.06171 -0.1001
v 0 -0.0055 -0.03352
v 0 -0.0055 -0.03352
v 0 -0.004008 -0.032
v 0 -0.004008 -0.032
v 0 -0.004008 -0.032
v 0 0.06046 -0.1006
v 0 0.05519 -0.1005
v 0 0.04706 -0.1002
v 0 0.03532 -0.09912
v 0 0.02442 -0.09754
v 0 -0.005477 -0.07273
v 0 0.01589 -0.09593
v 0 -0.005129 -0.07634
v 0 0.01243 -0.09506
v 0 0.009912 -0.09422
v 0 -0.004503 -0.07925
v 0 0.007346 -0.09314
v 0.0013 -0.003936 -0.03202
v -0.002183 -0.005462 0.03344
v -0.002183 -0.005462 0.03344
v -0.005809 -0.005399 0.03301
v -0.005809 -0.005399 0.03301
v -0.01049 -0.005318 0.03185
v -0.01049 -0.005318 0.03185
v -0.01401 -0.005202 0.07364
v -0.004 -0.005419 0.073
v -0.004 -0.005419 0.073
v -0.01953 -0.005131 -0.03414
v -0.02478 -0.005059 -0.03693
v -0.02265 -0.005082 -0.0723
v -0.004749 -0.005417 -0.03318
v -0.004749 -0.005417 -0.03318
v -0.008216 -0.005356 -0.03248
v -0.008216 -0.005356 -0.03248
v -0.01192 -0.005299 -0.03136
v -0.01192 -0.005299 -0.03136
v -0.01711 -0.005184 -0.03256
v -0.0141 0.03868 0.09921
v -0.01402 0.05266 0.1002
v -0.0141 0.02469 0.09732
v -0.01406 0.0174 0.09597
v -0.009232 0.06002 0.1004
v -0.01349 0.05762 0.1003
v -0.01386 0.03097 0.09829
v -0.003682 0.01994 0.09666
v -0.003682 0.01994 0.09666
v -0.003992 0.01935 0.09654
v -0.003992 0.01935 0.09654
v -0.01604 0.06066 0.09727
v -0.01605 0.05832 0.09881
v -0.009692 0.06532 0.09663
v -0.0171 0.06131 0.09493
v -0.0155 0.06339 0.09585
v -0.01631 0.0647 0.09385
v -0.01732 0.05806 0.09656
v -0.01128 0.06356 0.09782
v -0.01695 0.06639 0.09035
v -0.01673 0.05718 0.09837
v -0.01712 0.06494 0.09166
v -0.01685 0.05987 0.09652
v -0.01681 0.06461 0.09296
v -0.009896 0.06124 0.09986
v -0.01767 0.06054 0.09368
v -0.01739 0.05529 0.09758
v -0.01751 0.06409 0.09083
v -0.01799 0.0532 0.09532
v -0.0175 0.05265 0.09753
v -0.01752 0.04704 0.09708
v -0.01825 0.05175 0.093
v -0.01731 0.03355 0.09595
v -0.01247 0.06579 0.09562
v -0.01789 0.03416 0.09307
v -0.01138 0.0678 0.09407
v -0.01717 0.01692 0.09326
v -0.01771 0.01781 0.09048
v -0.01299 0.06071 0.09946
v -0.0171 0.01128 0.09176
v -0.0178 0.01274 0.08806
v -0.01702 0.007008 0.09013
v -0.01339 0.0678 0.09356
v -0.01825 0.01255 0.08455
v -0.01779 0.0637 0.08893
v -0.01793 0.06058 0.09212
v -0.01696 0.003966 0.08846
v -0.01391 0.065 0.09572
v -0.01732 0.06597 0.08841
v -0.01825 0.00696 0.07916
v -0.01791 0.05725 0.09459
v -0.01395 0.06592 0.09495
v -0.01825 0.06101 0.08402
v -0.01734 0.06583 0.08141
v -0.01734 0.06583 0.08141
v -0.01757 0.002549 0.08019
v -0.01698 -0.000934 0.08238
v -0.01708 -0.001988 0.07818
v -0.01825 0.004182 0.07359
v -0.01386 0.06015 0.09941
v -0.01692 0.001516 0.08645
v -0.01481 0.06744 0.09313
v -0.01467 0.06471 0.09551
v -0.01715 -0.002523 0.07364
v -0.01533 0.06595 0.09399
v -0.01824 0.05748 0.09189
v -0.01495 0.05928 0.09932
v -0.005029 0.06202 0.09981
v -0.003704 0.06562 0.09691
v -0.01825 0.05962 0.08964
v -0.007416 0.06336 0.0986
v -0.01589 0.06706 0.09228
v -0.008705 0.06817 0.09386
v -0.01646 0.06675 0.09149
v -0.01786 0.02857 -0.07609
v -0.02033 0.02574 -0.08272
v -0.01918 0.04026 -0.0865
v -0.01812 0.0316 -0.07935
v -0.02211 0.03405 -0.09043
v -0.02211 0.03405 -0.09043
v -0.01872 0.04071 -0.08513
v -0.01826 0.04707 -0.08106
v -0.02072 0.04629 -0.0924
v -0.01887 0.05971 -0.08946
v -0.01933 0.05631 -0.09227
v -0.01991 0.0522 -0.09288
v -0.01837 0.05509 -0.08324
v -0.01827 0.06095 -0.08228
v -0.01778 0.03429 -0.07099
v -0.01773 0.02981 0.06844
v -0.01773 0.02981 0.06844
v -0.01775 0.02942 0.07008
v -0.01773 0.02864 0.07101
v -0.01773 0.02864 0.07101
v -0.01782 0.03593 0.0763
v -0.01774 0.01605 -0.06959
v -0.01774 0.01605 -0.06959
v -0.01792 0.01538 -0.07043
v -0.01772 0.0245 -0.07222
v -0.01772 0.0245 -0.07222
v -0.01772 0.0245 -0.07222
v -0.01774 0.02613 -0.07234
v -0.01774 0.02613 -0.07234
v -0.01772 0.02978 -0.06858
v -0.01772 0.02978 -0.06858
v -0.01857 0.01531 -0.07278
v -0.01771 0.02935 -0.0699
v -0.01771 0.02935 -0.0699
v -0.01924 0.02764 -0.08105
v -0.01855 0.03167 -0.08113
v -0.02124 0.01475 -0.07895
v -0.01771 0.02736 -0.07187
v -0.01771 0.02736 -0.07187
v -0.01775 0.02841 -0.07135
v -0.02421 0.01564 -0.08571
v -0.02421 0.01564 -0.08571
v -0.02334 0.02323 -0.08791
v -0.02334 0.02323 -0.08791
v -0.01774 0.02741 0.07193
v -0.02004 0.0151 -0.07642
v -0.01825 0.003995 0.02629
v -0.01825 0.003995 0.02629
v -0.01725 -0.002265 0.02695
v -0.01725 -0.002265 0.02695
v -0.02213 0.01026 -0.07617
v -0.01789 0.01254 -0.02694
v -0.02564 0.006552 -0.07852
v -0.02564 0.006552 -0.07852
v -0.01841 0.01215 -0.06722
v -0.01795 0.01362 -0.06854
v -0.01776 0.01395 -0.06727
v -0.01772 0.01492 -0.06868
v -0.01772 0.01492 -0.06868
v -0.02596 0.005159 -0.07608
v -0.02596 0.005159 -0.07608
v -0.02149 0.0125 -0.07753
v -0.01966 0.01047 -0.06747
v -0.02575 0.005373 -0.05631
v -0.02273 0.007726 -0.05958
v -0.01839 0.004024 -0.0273
v -0.0249 0.01069 -0.08293
v -0.0249 0.01069 -0.08293
v -0.01983 0.01035 -0.06876
v -0.01889 0.005167 -0.02856
v -0.0245 0.01338 -0.08474
v -0.0245 0.01338 -0.08474
v -0.01986 0.01085 -0.07064
v -0.02527 0.008471 -0.08088
v -0.02527 0.008471 -0.08088
v -0.01943 0.01236 -0.07219
v -0.0187 0.01209 -0.06902
v -0.02001 0.006858 -0.03
v -0.02185 0.008612 -0.07192
v -0.02077 0.007002 -0.03073
v -0.01845 0.01378 -0.07103
v -0.01971 0.004285 -0.0299
v -0.02143 0.00747 -0.03158
v -0.0178 0.02905 0.07776
v -0.01774 0.02501 0.07238
v -0.01774 0.02501 0.07238
v -0.02105 0.01012 -0.07302
v -0.0209 0.005607 -0.0308
v -0.02206 0.007966 -0.06957
v -0.02188 0.006079 -0.03147
v -0.01779 0.01253 0.06936
v -0.02643 0.004015 -0.0715
v -0.02643 0.004015 -0.0715
v -0.01967 0.01377 -0.0745
v -0.0262 0.004366 -0.07397
v -0.0262 0.004366 -0.07397
v -0.01792 0.01315 -0.06647
v -0.01772 0.01373 0.06586
v -0.01772 0.01373 0.06586
v -0.01786 0.0108 0.02656
v -0.01786 0.0108 0.02656
v -0.01786 0.0108 0.02656
v -0.01772 0.01374 -0.02182
v -0.01772 0.01374 -0.02182
v -0.01787 0.0108 -0.02381
v -0.01787 0.0108 -0.02381
v -0.01807 0.0108 -0.02641
v -0.01807 0.0108 -0.02641
v -0.01807 0.0108 -0.02641
v -0.01847 0.01053 -0.02821
v -0.01803 0.01286 -0.0316
v -0.01861 0.01129 -0.02984
v -0.01772 0.02651 0.07218
v -0.01872 0.01172 -0.03256
v -0.01772 0.01379 -0.02919
v -0.0185 0.009416 -0.02773
v -0.01922 0.01014 -0.03022
v -0.01813 0.01275 -0.03588
v -0.01936 0.009608 -0.02996
v -0.01927 0.008723 -0.02932
v -0.0184 0.007578 -0.02705
v -0.01879 0.007527 -0.02813
v -0.01954 0.01028 -0.03148
v -0.01772 0.02021 0.07099
v -0.01866 0.01195 -0.03664
v -0.01939 0.007087 -0.02921
v -0.01966 0.01048 -0.03266
v -0.02056 0.008917 -0.03168
v -0.02032 0.008221 -0.03067
v -0.01944 0.01103 -0.0347
v -0.02037 0.01014 -0.03578
v -0.02091 0.00905 -0.03268
v -0.01824 0.003946 -0.0263
v -0.01824 0.003946 -0.0263
v -0.01867 0.01184 -0.05988
v -0.02108 0.009217 -0.03382
v -0.02214 0.007918 -0.03312
v -0.02263 0.006969 -0.03256
v -0.02343 0.007198 -0.0343
v -0.02216 0.006618 -0.03184
v -0.02361 0.005813 -0.03264
v -0.01939 0.01103 -0.04724
v -0.02366 0.007273 -0.0355
v -0.02176 0.008887 -0.03581
v -0.02064 0.003994 -0.0308
v -0.02155 0.003957 -0.03137
v -0.0247 0.00583 -0.0338
v -0.02291 0.004644 -0.03191
v -0.02536 0.004003 -0.03298
v -0.02828 0.003996 -0.03667
v -0.02828 0.003996 -0.03667
v -0.02776 0.003987 -0.03534
v -0.02776 0.003987 -0.03534
v -0.02723 0.003992 -0.03452
v -0.02723 0.003992 -0.03452
v -0.02651 0.003965 -0.03376
v -0.01775 0.01578 0.0696
v -0.01825 0.031 0.08987
v -0.02274 0.008181 -0.03952
v -0.01772 0.01484 0.06869
v -0.01772 0.01484 0.06869
v -0.02094 0.009256 -0.06275
v -0.01772 0.01392 0.06712
v -0.01772 0.01392 0.06712
v -0.02799 0.004 -0.04934
v -0.02799 0.004 -0.04934
v -0.02425 0.007032 -0.03746
v -0.02862 0.003998 -0.03937
v -0.02862 0.003998 -0.03937
v -0.01807 0.0124 -0.0288
v -0.0182 0.008758 -0.02632
v -0.0182 0.008758 -0.02632
v -0.01774 0.01375 -0.06602
v -0.02334 0.005177 -0.0322
v -0.01969 -0.001388 -0.03009
v -0.01873 -0.001573 -0.02901
v -0.02835 -0.001519 -0.03715
v -0.02811 -0.001651 -0.03624
v -0.02766 -0.00149 -0.03519
v -0.02857 -0.001543 -0.0387
v -0.02721 -0.001194 -0.03449
v -0.02063 -0.001705 -0.03087
v -0.01791 -0.002127 -0.02767
v -0.01759 -0.001978 -0.02673
v -0.01759 -0.001978 -0.02673
v -0.02165 -0.001809 -0.03146
v -0.02681 -0.001732 -0.03409
v -0.02594 -0.001358 -0.03335
v -0.02461 -0.001352 -0.0326
v -0.02858 -0.001353 -0.04072
v -0.01449 0.06515 -0.0955
v -0.01275 0.0638 -0.0973
v -0.0216 0.03479 -0.09348
v -0.02187 0.02627 -0.09494
v -0.02299 0.01631 -0.09282
v -0.02404 0.01284 -0.08818
v -0.02366 0.01048 -0.09104
v -0.02433 0.00636 -0.08836
v -0.02512 0.001126 -0.08348
v -0.01746 0.06587 -0.08554
v -0.01801 0.06377 -0.08922
v -0.01735 0.06631 -0.08837
v -0.01709 0.06636 -0.09049
v -0.01024 0.06798 -0.09407
v -0.0171 0.06549 -0.09187
v -0.01769 0.06414 -0.09161
v -0.0164 0.06682 -0.09197
v -0.01647 0.06513 -0.09368
v -0.01566 0.06546 -0.09435
v -0.01542 0.06743 -0.09267
v -0.01465 0.06741 -0.09338
v -0.01138 0.06618 -0.09566
v -0.0135 0.06655 -0.09478
v -0.0137 0.06768 -0.09364
v -0.01836 0.06178 -0.09154
v -0.006538 0.06424 -0.09799
v -0.01541 0.06255 -0.09688
v -0.01662 0.0622 -0.09594
v -0.01794 0.06157 -0.09388
v -0.009526 0.06362 -0.09814
v -0.006979 0.06169 -0.0999
v -0.01085 0.06108 -0.0998
v -0.01895 0.05822 -0.09294
v -0.02636 -0.00172 -0.07219
v -0.01869 0.05788 -0.09498
v -0.01436 0.05962 -0.09965
v -0.02601 -0.001228 -0.07611
v -0.0159 0.05882 -0.09923
v -0.02551 -0.000194 -0.08058
v -0.01296 0.06028 -0.09976
v -0.01727 0.06319 -0.09406
v -0.01696 0.05828 -0.09852
v -0.01736 0.06574 -0.08129
v -0.01816 0.05808 -0.09648
v -0.01865 0.05504 -0.09753
v -0.01944 0.05295 -0.09602
v -0.01762 0.0574 -0.09819
v -0.01807 0.05586 -0.09834
v -0.02004 0.04992 -0.09489
v -0.01919 0.052 -0.09752
v -0.01966 0.0489 -0.09719
v -0.02107 0.03405 -0.09606
v -0.02064 0.005675 -0.09185
v -0.02036 0.008159 -0.09312
v -0.01972 0.01372 -0.09507
v -0.0226 -0.004855 -0.07531
v -0.02188 -0.003174 -0.08198
v -0.02223 -0.004217 -0.07886
v -0.02144 -0.001972 -0.08442
v -0.02095 0.000841 -0.08813
v -0.02092 0.003807 -0.09065
v -0.02163 -0.000486 -0.08656
v -0.02109 0.002169 -0.08937
v -0.02019 0.01057 -0.09407
v -0.01688 0.04272 -0.09954
v -0.01338 0.05824 -0.1003
v -0.01772 0.03568 -0.0988
v -0.01613 0.05075 -0.1001
v -0.01849 0.02821 -0.0978
v -0.008263 0.0598 -0.1004
v -0.01918 0.02102 -0.09658
v -0.0173 0.06594 -0.04331
v -0.0173 0.06594 -0.04331
v -0.01392 0.007577 0.09339
v -0.004 0.008887 0.09408
v -0.004 0.008887 0.09408
v -0.01384 -0.001167 0.08758
v -0.004 -0.001131 0.08795
v -0.004 -0.001131 0.08795
v -0.004 -0.002256 0.08645
v -0.004 -0.002256 0.08645
v -0.01363 -0.004645 0.07977
v -0.004 -0.00453 0.08114
v -0.004 -0.00453 0.08114
v -0.01403 0.01077 0.09442
v -0.004 0.01438 0.09554
v -0.004 0.01438 0.09554
v -0.01352 -4.7E-05 0.08886
v -0.004 0.000227 0.08937
v -0.004 0.000227 0.08937
v -0.004 -0.003506 0.08415
v -0.004 -0.003506 0.08415
v -0.01383 0.001272 0.08998
v -0.01375 -0.003355 0.08396
v -0.004 0.002152 0.0909
v -0.004 0.002152 0.0909
v -0.01397 -0.005056 0.07646
v -0.004 -0.005188 0.07735
v -0.004 -0.005188 0.07735
v -0.01375 0.003117 0.0913
v -0.01361 -0.002476 0.08575
v -0.004 0.004986 0.09254
v -0.004 0.004986 0.09254
v -0.01359 0.005498 0.09256
v -0.00396 -0.009595 0.1006
v -0.003996 -0.01056 0.09862
v -0.003989 -0.005611 0.1019
v -0.003996 0.01062 0.1018
v -0.003966 0.0146 0.1006
v -0.01731 0.01084 -0.02692
v -0.01731 0.01084 -0.02692
v -0.0173 -0.003033 -0.02692
v -0.0173 -0.003033 -0.02692
v -0.01693 -0.003694 -0.02718
v -0.01693 -0.003694 -0.02718
v -0.01693 -0.003694 -0.02718
v -0.01658 0.0111 -0.02737
v -0.01658 0.0111 -0.02737
v -0.01658 0.0111 -0.02737
v -0.01613 0.01144 -0.02764
v -0.01613 0.01144 -0.02764
v -0.01571 0.0119 -0.02788
v -0.01406 -0.003753 -0.02875
v -0.01406 -0.003753 -0.02875
v -0.01098 -0.003806 -0.03008
v -0.01098 -0.003806 -0.03008
v -0.007792 -0.003869 -0.03104
v -0.007792 -0.003869 -0.03104
v -0.002096 -0.003974 -0.03194
v -0.002096 -0.003974 -0.03194
v -0.01738 0.01083 -0.01386
v -0.01509 -0.003733 0.02822
v -0.01509 -0.003733 0.02822
v -0.01621 0.01132 0.02759
v -0.01621 0.01132 0.02759
v -0.001919 -0.00398 0.03196
v -0.001919 -0.00398 0.03196
v -0.01654 -0.003709 0.0274
v -0.01654 -0.003709 0.0274
v -0.01654 -0.003709 0.0274
v -0.0169 -0.003172 0.02718
v -0.0169 -0.003172 0.02718
v -0.01721 0.01086 0.02698
v -0.01721 0.01086 0.02698
v -0.004953 -0.003921 0.03163
v -0.004953 -0.003921 0.03163
v -0.00811 -0.003862 0.03097
v -0.00811 -0.003862 0.03097
v -0.01068 -0.003816 0.03017
v -0.01068 -0.003816 0.03017
v -0.01285 -0.003779 0.02932
v -0.01285 -0.003779 0.02932
v -0.01551 0.01218 0.02799
v -0.01551 0.01218 0.02799
v -0.01954 -0.004339 -0.03197
v -0.01966 -0.004792 -0.03298
v -0.01964 -0.00221 -0.03019
v -0.0186 -0.002373 -0.02908
v -0.01886 -0.003884 -0.03069
v -0.01973 -0.003038 -0.03073
v -0.01768 -0.004909 -0.03154
v -0.01804 -0.004393 -0.03065
v -0.01841 -0.003099 -0.02932
v -0.01791 -0.003853 -0.02951
v -0.01766 -0.003105 -0.02803
v -0.0172 -0.003946 -0.0284
v -0.01638 -0.004999 -0.03021
v -0.0284 -0.002444 -0.03963
v -0.01687 -0.004681 -0.02972
v -0.01642 -0.004632 -0.02854
v -0.01642 -0.004632 -0.02854
v -0.0276 -0.003767 -0.03959
v -0.02732 -0.002115 -0.03487
v -0.02762 -0.002613 -0.03574
v -0.02632 -0.002124 -0.03378
v -0.02815 -0.002432 -0.03721
v -0.02663 -0.002727 -0.03437
v -0.0268 -0.003128 -0.03484
v -0.02705 -0.003648 -0.03601
v -0.02777 -0.003217 -0.03717
v -0.02657 -0.004584 -0.03985
v -0.0258 -0.00291 -0.03377
v -0.02747 -0.003738 -0.03786
v -0.02501 -0.002195 -0.03295
v -0.02563 -0.004939 -0.03839
v -0.02458 -0.002979 -0.0331
v -0.02479 -0.003682 -0.03372
v -0.02697 -0.004152 -0.03734
v -0.02581 -0.003684 -0.03442
v -0.02643 -0.004385 -0.0366
v -0.0261 -0.004699 -0.0374
v -0.02626 -0.004074 -0.03541
v -0.02549 -0.004763 -0.03621
v -0.02513 -0.004463 -0.035
v -0.02401 -0.004388 -0.0342
v -0.02159 -0.002717 -0.03174
v -0.02411 -0.004892 -0.03538
v -0.02132 -0.003367 -0.03199
v -0.02119 -0.004178 -0.03272
v -0.02059 -0.002544 -0.03111
v -0.01531 -0.005197 -0.02977
v -0.01531 -0.005197 -0.02977
v -0.02797 -0.003179 -0.04109
v -0.01998 -0.003802 -0.03157
v -0.02604 -0.002739 -0.07215
v -0.02549 -0.003608 -0.07242
v -0.02476 -0.004302 -0.07251
v -0.02405 -0.004723 -0.07239
v -0.02338 -0.00495 -0.07293
v -0.02587 -0.002416 -0.07495
v -0.02542 -0.003175 -0.07517
v -0.02248 0.01441 -0.09369
v -0.02278 0.01497 -0.0933
v -0.02189 0.01411 -0.09422
v -0.02255 0.008462 -0.09224
v -0.02244 0.006394 -0.09147
v -0.02316 0.005144 -0.09023
v -0.02133 0.006964 -0.09235
v -0.02109 0.01472 -0.09487
v -0.02255 0.004123 -0.09016
v -0.02328 0.002582 -0.08847
v -0.02176 0.004905 -0.09109
v -0.0219 0.003317 -0.09001
v -0.02315 0.001147 -0.08742
v -0.024 0.001358 -0.08655
v -0.02069 0.01259 -0.09457
v -0.02351 -0.000497 -0.0853
v -0.02313 0.01041 -0.09215
v -0.02007 0.01681 -0.09565
v -0.02434 -0.000522 -0.084
v -0.02369 -0.001932 -0.08299
v -0.02464 -0.002014 -0.08107
v -0.02217 0.01147 -0.09344
v -0.02371 -0.002938 -0.081
v -0.02438 -0.003216 -0.07892
v -0.02506 -0.002567 -0.07865
v -0.02467 -0.00368 -0.07662
v -0.02351 -0.004058 -0.07815
v -0.02153 0.01143 -0.09388
v -0.02494 -0.00381 -0.07486
v -0.02314 0.008216 -0.09152
v -0.02188 0.00834 -0.09267
v -0.02362 0.005286 -0.08969
v -0.02397 0.006624 -0.08957
v -0.02109 0.009588 -0.09349
v -0.02259 -2.1E-05 -0.08667
v -0.02415 -0.004377 -0.07495
v -0.02397 0.003768 -0.08834
v -0.02454 0.003479 -0.08683
v -0.02283 -0.001418 -0.08467
v -0.02242 -0.002457 -0.08327
v -0.02289 -0.003334 -0.08102
v -0.02325 -0.004527 -0.07647
v -0.02454 0.001691 -0.08579
v -0.0223 0.002123 -0.08891
v -0.02206 -0.001283 -0.08533
v -0.0216 0.01787 -0.095
v -0.02173 0.000747 -0.08789
v -0.02499 -0.000704 -0.08217
v -0.02555 -0.001845 -0.0782
v -0.01964 0.02592 -0.09718
v -0.02059 0.03328 -0.09696
v -0.02059 0.02544 -0.09659
v -0.02002 0.03328 -0.09755
v -0.01909 0.03321 -0.09816
v -0.01571 0.05594 -0.1001
v -0.01918 0.04085 -0.09847
v -0.01839 0.03921 -0.0989
v -0.02025 0.03988 -0.0972
v -0.01081 0.06011 -0.1002
v -0.01948 0.04326 -0.09813
v -0.02079 0.0193 -0.09574
v -0.01774 0.04534 -0.09945
v -0.02166 0.02369 -0.09534
v -0.01818 0.04838 -0.09923
v -0.01846 0.05076 -0.09891
v -0.0192 0.0497 -0.09805
v -0.01718 0.0506 -0.09977
v -0.01642 0.05707 -0.09959
v -0.01517 0.05795 -0.09998
v -0.01384 0.05909 -0.1
v -0.01714 0.05382 -0.09967
v -0.005185 0.06101 -0.1003
v -0.01864 0.05321 -0.09829
v -0.01754 0.05506 -0.09919
v -0.01697 0.05724 -0.0991
v -0.01471 0.06863 -0.08861
v -0.01506 0.06821 -0.09159
v -0.01265 0.06796 -0.09369
v -0.01406 0.0683 -0.09249
v -0.01033 0.06851 -0.09321
v -0.01287 0.06858 -0.0924
v -0.01699 0.06672 -0.08179
v -0.01639 0.06752 -0.08194
v -0.01591 0.06795 -0.08147
v -0.01505 0.06846 -0.08267
v -0.01657 0.0671 -0.09089
v -0.01693 0.06705 -0.08578
v -0.01589 0.06791 -0.09051
v -0.01566 0.06823 -0.08772
v -0.01533 0.06833 -0.08994
v -0.0164 0.06769 -0.08799
v -0.01587 0.06758 -0.09168
v -0.01467 0.06791 -0.0927
v -0.01686 0.06707 -0.08932
v -0.01631 0.0676 0.03331
v -0.01458 0.06861 0.0343
v -0.01538 0.06829 0.02485
v -0.01696 0.06676 0.01813
v -0.01732 0.06588 0.02
v -0.01732 0.06588 0.02
v -0.01458 0.06863 -0.06712
v -0.01533 0.06832 -0.06196
v -0.01585 0.06799 0.03475
v -0.01715 0.06637 -0.05356
v -0.01513 0.06842 0.06702
v -0.0168 0.067 -0.04728
v -0.01619 0.06772 -0.0445
v -0.01651 0.06737 0.06627
v -0.0155 0.06822 -0.0427
v -0.01686 0.06691 0.07557
v -0.01468 0.06859 -0.04365
v -0.01586 0.06799 0.06805
v -0.01716 0.06632 0.08075
v -0.01466 0.06861 -0.01112
v -0.01666 0.0672 -0.0299
v -0.0171 0.06647 -0.03485
v -0.01532 0.06833 0.08207
v -0.01625 0.06765 0.08013
v -0.01613 0.06781 0.08367
v -0.0167 0.06715 0.08151
v -0.01555 0.06819 -0.01233
v -0.0163 0.0676 0.007437
v -0.01496 0.06849 0.003743
v -0.01579 0.06804 0.00754
v -0.01495 0.0685 0.08868
v -0.01677 0.06718 0.08659
v -0.01732 0.06621 0.08612
v -0.01575 0.06812 0.08684
v -0.01624 0.06766 0.08889
v -0.01691 0.06682 0.08884
v -0.01558 0.06807 0.09016
v -0.0138 0.06858 0.09167
v -0.01485 0.06828 0.09139
v -0.01243 0.06845 0.09284
v -0.01422 0.06822 0.09237
v -0.01575 0.0676 0.09148
v -0.01508 0.0678 0.09227
v -0.009714 0.06867 0.09273
v -0.01643 0.06729 0.09008
v -0.01665 -0.003529 0.07375
v -0.016 -0.004301 0.02839
v -0.016 -0.004301 0.02839
v -0.01578 -0.004448 0.07314
v -0.0149 -0.004981 0.02973
v -0.0149 -0.004981 0.02973
v -0.01494 -0.004924 0.07361
v -0.01379 -0.005251 0.03053
v -0.01379 -0.005251 0.03053
v -0.01498 -0.004665 0.07693
v -0.01514 -0.004219 0.07948
v -0.01665 -0.001944 0.08197
v -0.01671 -0.002826 0.07841
v -0.01601 -0.003436 0.08009
v -0.01577 -0.004199 0.07677
v -0.01637 -0.003571 0.07686
v -0.01496 0.0114 0.09429
v -0.01539 0.01659 0.09531
v -0.0154 0.0126 0.09435
v -0.01632 0.01611 0.09447
v -0.01672 0.0116 0.09273
v -0.01594 0.01082 0.09345
v -0.01453 0.005682 0.09241
v -0.01486 0.004196 0.09151
v -0.01476 0.002474 0.09051
v -0.0146 0.000519 0.08904
v -0.01519 -8E-05 0.088
v -0.01499 -0.000985 0.08714
v -0.0149 0.008085 0.09323
v -0.01453 -0.002085 0.08592
v -0.01533 -0.002048 0.08516
v -0.01569 0.008317 0.09281
v -0.01488 -0.00296 0.08401
v -0.01584 -0.001083 0.08595
v -0.01632 -0.001008 0.08511
v -0.01392 -0.003904 0.08248
v -0.01577 -0.00266 0.08319
v -0.01607 0.007087 0.09196
v -0.01669 -0.000446 0.08476
v -0.01489 -0.00381 0.08163
v -0.01424 -0.004535 0.07974
v -0.01663 0.007036 0.09114
v -0.01525 0.006201 0.09226
v -0.015 0.02107 0.09639
v -0.01562 0.003724 0.09069
v -0.01614 0.004073 0.09032
v -0.01627 -0.002387 0.08234
v -0.0166 0.003689 0.08929
v -0.01554 0.001261 0.08895
v -0.01612 0.001662 0.08859
v -0.01661 0.001167 0.08713
v -0.01603 0.000369 0.08747
v -0.01657 0.02445 0.09581
v -0.01699 0.02463 0.09516
v -0.01538 0.02946 0.09762
v -0.01591 0.02412 0.0964
v -0.01686 0.03479 0.09701
v -0.01472 0.02758 0.09761
v -0.01617 0.0332 0.09759
v -0.01473 0.03439 0.09857
v -0.01674 0.05522 0.09873
v -0.0164 0.03939 0.09816
v -0.01452 0.05552 0.1002
v -0.01529 0.03801 0.09878
v -0.01704 0.04479 0.09789
v -0.01562 0.04472 0.09924
v -0.01631 0.04761 0.09899
v -0.01453 0.04499 0.0997
v -0.01713 0.05219 0.09832
v -0.01597 0.05587 0.09947
v -0.01528 0.05555 0.09992
v -0.01626 0.05693 0.09903
v -0.01535 0.05794 0.09957
v -0.01577 0.0516 0.09962
v -0.01471 0.05182 0.1001
v -0.01662 0.05323 0.09895
v -0.01254 0.05983 0.1001
v -0.01298 0.05875 0.1003
v -0.005779 0.06116 0.1002
v -0.01449 0.05789 0.1
v -0.01394 0.05921 0.09986
v -0.01526 0.02062 0.07075
v -0.01737 0.02473 0.07195
v -0.001534 0.01312 0.0995
v -0.001026 0.01357 0.09884
v -0.000593 0.0135 0.09864
v -0.001833 0.01245 0.1003
v -0.001975 0.01468 0.09983
v -0.000518 0.01508 0.09765
v -0.001767 0.01517 0.09879
v -0.001187 0.01525 0.09792
v 0 0.008375 0.1
v 0 0.008375 0.1
v 0 0.008375 0.1
v -0.001036 0.008401 0.1003
v -0.001463 0.009096 0.1006
v 0 0.01673 0.09626
v 0 0.01673 0.09626
v 0 0.01673 0.09626
v 0 0.009889 0.09983
v 0 0.009889 0.09983
v 0 0.009889 0.09983
v -0.001777 0.009177 0.101
v -0.00102 0.009943 0.1001
v -0.000999 0.0169 0.09639
v -0.001453 0.01726 0.09655
v -0.000523 0.01171 0.09938
v -0.001777 0.01761 0.09685
v -0.00102 0.01148 0.09968
v -0.001451 0.01143 0.1
v -0.01604 0.01147 -0.006742
v -0.01609 0.01142 -0.01874
v -0.01531 0.01267 -0.02154
v -0.01663 0.01106 -0.0128
v -0.01563 0.01198 -0.008166
v -0.01685 0.01097 0.003384
v -0.01614 0.01138 0.002994
v -0.01545 0.01231 0.01095
v -0.01633 0.01124 0.01369
v -0.0158 0.01174 0.01719
v -0.01698 0.01091 0.01319
v -0.01626 0.01129 0.02141
v -0.01702 0.0109 0.0221
v -0.005159 -0.003915 -0.03159
v -0.005159 -0.003915 -0.03159
v -0.01743 0.01634 0.06942
v -0.01743 0.01634 0.06942
v -0.01744 0.01538 0.06882
v -0.01739 0.0147 0.06805
v -0.01744 0.01417 0.067
v -0.01744 0.01417 0.067
v -0.01744 0.01398 0.06595
v -0.01744 0.01398 0.06595
v -0.01746 0.02036 0.07075
v -0.01746 0.02036 0.07075
v -0.01739 0.02744 0.07152
v -0.01746 0.02648 0.07191
v -0.01734 0.02577 0.072
v -0.01734 0.02577 0.072
v -0.01741 0.02951 0.0684
v -0.01739 0.02926 0.06939
v -0.01739 0.02926 0.06939
v -0.01747 0.02881 0.07031
v -0.01747 0.02881 0.07031
v -0.01743 0.02821 0.07097
v -0.01743 0.02821 0.07097
v -0.01745 0.02888 -0.07021
v -0.01745 0.02888 -0.07021
v -0.01748 0.02942 -0.069
v -0.01748 0.02942 -0.069
v -0.01748 0.0247 -0.07196
v -0.01748 0.0247 -0.07196
v -0.01746 0.02549 -0.07203
v -0.01749 0.02612 -0.07199
v -0.01749 0.02612 -0.07199
v -0.01745 0.02713 -0.0717
v -0.01745 0.02713 -0.0717
v -0.01746 0.02817 -0.07103
v -0.01746 0.02817 -0.07103
v -0.01749 0.01611 -0.06933
v -0.01749 0.01611 -0.06933
v -0.0175 0.02047 -0.0708
v -0.0175 0.02047 -0.0708
v -0.01755 0.01396 -0.06599
v -0.01755 0.01396 -0.06599
v -0.01752 0.01409 -0.06672
v -0.01752 0.01409 -0.06672
v -0.01752 0.01437 -0.06751
v -0.01752 0.01437 -0.06751
v -0.01745 0.01501 -0.06846
v -0.01745 0.01501 -0.06846
v -0.01754 0.01396 -0.04111
v -0.01754 0.01396 -0.04111
v -0.01744 0.01398 -0.0231
v -0.01744 0.01398 -0.0231
v -0.0176 0.02962 0.05609
v -0.01751 0.02955 -0.06808
v -0.01762 0.02938 0.06951
v -0.01768 0.02865 -0.07084
v -0.0176 0.0277 0.07153
v -0.0176 0.0277 0.07153
v -0.01756 0.0251 0.07211
v -0.01756 0.0251 0.07211
v -0.01756 0.0251 0.07211
v -0.01767 0.01629 0.06961
v -0.01763 0.01448 0.06796
v -0.01761 0.01387 0.01517
v -0.003215 -0.01148 0.09816
v -0.003617 -0.01124 0.0988
v -0.0039 -0.0109 0.0987
v -0.003239 -0.009349 0.1014
v -0.003276 -0.01081 0.1001
v -0.003882 -0.01038 0.09989
v -0.003621 -0.00981 0.101
v -0.003143 -0.01015 0.1009
v -0.003636 -0.01068 0.09999
v -0.003144 -0.0113 0.09919
v -0.003884 -0.00795 0.1015
v -0.003307 -0.006138 0.1026
v -0.003201 -0.003732 0.103
v -0.003934 -0.003399 0.1024
v -0.003597 -0.00371 0.1028
v -0.003797 -0.006019 0.1022
v -0.003127 -0.008076 0.102
v -0.003541 -0.007902 0.1019
v -0.003161 0.008853 0.1029
v -0.003511 0.008403 0.1029
v -0.003209 0.01405 0.1016
v -0.003589 0.01462 0.1012
v -0.003133 0.01573 0.1007
v -0.003885 0.01638 0.09968
v -0.003292 0.01935 0.09773
v -0.003581 0.0166 0.09997
v -0.003133 0.01243 0.1022
v -0.00354 0.01228 0.1021
v -0.003767 0.01852 0.09815
v -0.003885 0.01205 0.1018
v -0.003133 0.01093 0.1026
v -0.003253 0.01773 0.09931
v -0.003603 0.0102 0.1026
v -0.00396 0.01807 0.09809
v -0.003899 0.009148 0.1024
v -0.001409 -0.01146 0.09698
v -0.002283 -0.01143 0.09865
v -0.002213 0.01975 0.09724
v -0.002213 0.01975 0.09724
v -0.00225 0.01805 0.09901
v -0.00225 0.01805 0.09901
v -0.002225 0.01546 0.1009
v -0.002225 0.01546 0.1009
v -0.002261 0.01286 0.1021
v -0.002211 0.01105 0.1026
v -0.002211 0.01105 0.1026
v -0.002241 0.009519 0.1028
v -0.002241 0.009519 0.1028
v -0.002202 0.007946 0.103
v -0.002202 0.007946 0.103
v -0.002248 -0.003088 0.103
v -0.002312 -0.004833 0.1028
v -0.002295 -0.007458 0.1022
v -0.002232 -0.009697 0.1012
v -0.00225 -0.01061 0.1004
v -0.002197 -0.01107 0.09962
v -0.002197 -0.01107 0.09962
v -0.002044 -0.003977 0.1027
v -0.00211 -0.005811 0.1025
v -0.002025 -0.007446 0.102
v 0 0.01706 0.09581
v -0.002162 0.02018 0.09664
v -0.002162 0.02018 0.09664
v 0 0.02243 0.09705
v 0 0.02243 0.09705
v 0 0.02243 0.09705
v -0.001996 0.01883 0.09632
v -0.001991 0.01907 0.09637
v -0.001992 0.0195 0.09647
v -0.002002 0.01985 0.09655
v -0.002127 0.02012 0.09662
v 0 0.02259 0.09707
v 0 0.02244 0.09704
v 0 0.01708 0.09584
v 0 0.01708 0.09584
v 0 0.01708 0.09584
v -0.000627 0.01713 0.09586
v 0 0.01705 0.09581
v -0.000981 0.01728 0.09591
v -0.001439 0.01766 0.09602
v -0.001133 0.0174 0.09595
v -0.001774 0.01814 0.09615
v -0.00186 0.01843 0.09622
v -0.001552 0.01781 0.09606
v 0.01056 0.06142 -0.06674
v 0.01056 0.06142 -0.06674
v 0.01056 0.06142 -0.06674
v 0 0.0616 -0.067
v 0 0.0616 -0.067
v 0.01023 0.06142 0.06681
v 0.01023 0.06142 0.06681
v 0 0.0616 0.067
v 0 0.0616 0.067
v -0.01023 0.06142 0.06681
v -0.01023 0.06142 0.06681
v 0.01128 0.0614 -0.06613
v 0.01128 0.0614 -0.06613
v 0.01128 0.0614 -0.06613
v 0.01149 0.0614 -0.06554
v 0.01149 0.0614 -0.06554
v 0.01083 0.06141 0.06659
v 0.01083 0.06141 0.06659
v 0.01083 0.06141 0.06659
v -0.01056 0.06142 -0.06674
v -0.01056 0.06142 -0.06674
v -0.01056 0.06142 -0.06674
v -0.01128 0.0614 -0.06613
v -0.01128 0.0614 -0.06613
v -0.01128 0.0614 -0.06613
v -0.01149 0.0614 -0.06554
v -0.01149 0.0614 -0.06554
v -0.01083 0.06141 0.06659
v -0.01083 0.06141 0.06659
v -0.01083 0.06141 0.06659
v -0.01145 0.0614 0.06581
v -0.01145 0.0614 0.06581
v -0.01145 0.0614 0.06581
v 0.01145 0.0614 0.06581
v 0.01145 0.0614 0.06581
v 0.01145 0.0614 0.06581
v -0.00122 0.004007 0.03436
v 0.008394 0.004004 0.03436
v 0.01256 0.004007 0.0358
v 0.01084 0.004002 0.03395
v 0.01084 0.004002 0.03395
v 0.009584 0.004004 0.03422
v -0.002815 0.004007 0.03436
v -0.006783 0.004006 0.03436
v -0.008395 0.004006 0.03436
v -0.009585 0.004005 0.03422
v -0.01084 0.004004 0.03395
v -0.01084 0.004004 0.03395
v -0.01265 0.004009 0.03589
v -0.0126 0.00875 0.036
v -0.0126 0.00863 0.03596
v -0.0126 0.008587 0.03594
v -0.0126 0.008527 0.03592
v -0.0126 0.008385 0.03584
v -0.0126 0.008385 0.03584
v 0.01259 0.00875 0.036
v 0.01259 0.008575 0.03594
v 0.01257 0.004397 0.0358
v 0.01259 0.008351 0.03583
v 0.01259 0.008351 0.03583
v 0.01259 0.00851 0.03591
v 0.01524 0.01023 -0.028
v 0.0153 0.01159 -0.02793
v 0.01518 0.012 -0.02785
v 0.01516 0.01231 -0.02772
v -0.001835 0.004 -0.03194
v -0.00439 0.004 -0.03172
v -0.004458 0.004 -0.03171
v -0.0056 0.004 -0.03147
v -0.008358 0.004 -0.03091
v -0.008439 0.004 -0.03089
v -0.008538 0.004 -0.03086
v -0.01219 0.004 -0.0296
v -0.01231 0.004 -0.02955
v -0.01239 0.004 -0.02951
v 0.009392 0.004 -0.03057
v 0.01187 0.004 -0.02971
v -0.01306 0.004 -0.0292
v 0.008439 0.004 -0.03089
v 0.008538 0.004 -0.03086
v 0.004459 0.004 -0.0317
v 0.008358 0.004 -0.03091
v 0.01219 0.004 -0.0296
v 0.01231 0.004 -0.02955
v 0.01519 0.004002 -0.02816
v 0.01494 0.004002 -0.0283
v 0.01446 0.004002 -0.02855
v -0.01526 0.004 -0.02812
v -0.01519 0.004 -0.02816
v -0.01494 0.004 -0.0283
v -0.01446 0.004 -0.02855
v -0.01521 0.005054 -0.02816
v -0.01543 0.01056 -0.0278
v -0.01544 0.01096 -0.02778
v 0.0152 0.00865 -0.02807
v 0.01514 0.004951 -0.02819
v -0.01545 0.01118 -0.02777
v -0.01516 0.01227 -0.02772
v -0.01516 0.01232 -0.02772
v 0.002006 0.004001 -0.03192
v 0.002256 0.004001 -0.0319
v 0.001417 0.004001 -0.03197
v 0.001384 0.004001 -0.03197
v -0.001287 0.004 -0.03202
v -0.001384 0.004 -0.03197
v 0.001287 0.004001 -0.03202
v 0.0013 0.004001 -0.03202
v -0.001417 0.004 -0.03197
v -0.0013 0.004 -0.03202
v 0.00439 0.004 -0.03172
f 6 1 4
f 6 9 1
f 30 7 28
f 28 118 116
f 7 118 28
f 30 10 7
f 34 36 1080
f 34 1080 1078
f 34 1078 39
f 64 43 47
f 50 56 49
f 1085 1087 42
f 49 56 46
f 44 57 43
f 50 58 56
f 42 58 50
f 45 1116 57
f 1100 1116 45
f 43 59 47
f 42 1087 58
f 43 57 59
f 1066 58 1087
f 63 49 62
f 62 54 61
f 54 64 53
f 56 44 46
f 57 65 59
f 54 46 64
f 62 49 54
f 57 1116 65
f 56 1100 45
f 58 1100 56
f 1069 66 1117
f 1075 67 1070
f 1127 42 63
f 1066 1100 58
f 53 55 51
f 61 53 51
f 46 43 64
f 63 50 49
f 64 55 53
f 1085 42 1127
f 64 47 55
f 44 43 46
f 63 42 50
f 61 54 53
f 49 46 54
f 69 71 70
f 61 1011 71
f 61 71 69
f 1013 1011 61
f 1017 72 1018
f 863 70 73
f 51 1013 61
f 863 73 72
f 74 1013 51
f 69 70 863
f 76 1142 2137
f 77 1142 76
f 89 85 81
f 93 95 87
f 93 87 83
f 90 879 104
f 879 89 104
f 104 89 81
f 104 81 97
f 95 107 109
f 95 93 107
f 109 107 112
f 107 114 112
f 114 116 112
f 112 116 118
f 1159 121 130
f 127 121 122
f 130 121 127
f 126 125 120
f 1153 121 1159
f 1153 132 121
f 1213 125 1215
f 1215 125 126
f 1213 133 125
f 133 136 125
f 132 139 121
f 136 140 125
f 121 125 122
f 122 125 140
f 1079 1082 143
f 40 143 145
f 40 145 147
f 40 147 783
f 40 1079 143
f 149 150 40
f 149 40 783
f 155 1236 1246
f 153 157 155
f 153 1246 154
f 153 155 1246
f 161 159 157
f 152 161 157
f 152 157 153
f 626 159 161
f 1155 163 167
f 1157 168 162
f 1160 168 1157
f 1155 166 1154
f 1156 163 1155
f 1156 843 163
f 1142 164 1160
f 169 165 78
f 1160 164 168
f 1142 77 164
f 171 165 169
f 1156 162 843
f 511 165 171
f 1157 162 1156
f 77 78 164
f 1155 167 166
f 78 165 164
f 186 180 232
f 173 178 177
f 173 174 184
f 176 178 184
f 184 178 173
f 176 185 178
f 174 182 184
f 179 184 182
f 187 185 176
f 184 179 176
f 188 179 182
f 185 187 183
f 183 189 181
f 193 190 393
f 192 196 190
f 190 196 393
f 194 196 192
f 187 189 183
f 194 199 196
f 198 199 194
f 196 199 393
f 393 199 205
f 201 202 198
f 198 202 199
f 181 189 210
f 186 200 180
f 175 195 197
f 199 202 205
f 203 202 201
f 180 195 175
f 179 187 176
f 189 206 210
f 203 205 202
f 187 207 189
f 203 208 205
f 180 209 195
f 205 208 211
f 179 212 187
f 188 212 179
f 195 204 197
f 208 217 211
f 180 200 209
f 195 213 204
f 219 217 218
f 211 219 220
f 217 219 211
f 195 209 213
f 222 217 208
f 218 217 222
f 219 225 220
f 207 206 189
f 204 213 223
f 209 224 213
f 188 190 212
f 187 227 207
f 212 227 187
f 191 190 188
f 224 226 213
f 213 226 223
f 210 206 763
f 207 231 206
f 1149 230 1148
f 1152 229 1150
f 1150 230 1149
f 224 177 226
f 223 226 233
f 177 178 226
f 229 232 1150
f 1148 234 1151
f 190 227 212
f 1150 232 230
f 230 234 1148
f 227 231 207
f 178 185 233
f 192 190 191
f 233 185 235
f 190 193 227
f 230 197 234
f 230 232 175
f 231 214 206
f 763 214 215
f 186 232 229
f 206 214 763
f 185 183 235
f 209 200 224
f 232 180 175
f 235 183 181
f 200 221 224
f 230 175 197
f 221 228 224
f 228 177 224
f 228 173 177
f 226 178 233
f 228 174 173
f 236 239 243
f 242 271 238
f 239 245 243
f 239 246 245
f 242 238 246
f 250 256 251
f 253 256 254
f 249 243 248
f 243 249 250
f 236 263 260
f 249 248 245
f 256 231 227
f 257 236 260
f 265 250 251
f 236 257 259
f 237 270 281
f 259 239 236
f 272 237 281
f 251 256 253
f 243 245 248
f 236 273 263
f 268 275 250
f 270 237 238
f 270 238 271
f 244 238 240
f 236 243 250
f 254 256 280
f 278 237 272
f 278 272 276
f 239 242 246
f 268 250 265
f 247 238 244
f 240 237 278
f 256 250 214
f 247 246 238
f 231 256 214
f 271 267 270
f 267 281 270
f 239 259 271
f 275 273 236
f 214 250 249
f 236 250 275
f 271 242 239
f 237 240 238
f 259 267 271
f 282 220 284
f 220 225 284
f 292 291 293
f 290 312 291
f 293 259 257
f 297 306 272
f 309 302 286
f 304 308 312
f 297 302 306
f 308 311 312
f 256 319 280
f 314 308 304
f 308 322 311
f 311 322 286
f 319 256 227
f 286 297 311
f 327 330 324
f 330 295 314
f 332 291 292
f 286 302 297
f 326 211 220
f 335 333 326
f 287 342 345
f 345 347 405
f 349 346 347
f 352 345 351
f 345 352 347
f 346 349 353
f 351 356 357
f 347 352 358
f 320 319 359
f 354 352 351
f 349 360 353
f 358 362 347
f 347 362 349
f 360 349 365
f 362 365 349
f 354 364 363
f 355 361 364
f 354 363 352
f 367 358 363
f 363 358 352
f 357 356 301
f 301 356 368
f 365 362 366
f 366 362 371
f 364 318 363
f 363 318 373
f 373 372 363
f 373 375 376
f 365 377 360
f 380 381 323
f 382 372 373
f 373 376 382
f 372 382 374
f 280 319 348
f 346 353 332
f 365 366 377
f 383 384 409
f 382 385 374
f 378 374 385
f 389 387 382
f 360 377 370
f 193 319 227
f 395 326 398
f 353 370 290
f 304 324 314
f 300 327 324
f 316 311 329
f 316 329 267
f 327 299 400
f 319 392 359
f 326 392 319
f 329 297 272
f 314 295 288
f 393 319 193
f 392 326 395
f 340 338 335
f 364 354 355
f 353 360 370
f 372 367 363
f 205 211 326
f 382 391 389
f 286 288 309
f 306 276 272
f 282 335 326
f 402 378 385
f 385 403 402
f 282 326 220
f 333 335 338
f 338 287 350
f 346 350 405
f 287 345 405
f 405 347 346
f 406 351 342
f 351 345 342
f 406 356 351
f 357 355 351
f 351 355 354
f 368 356 406
f 408 332 292
f 357 361 355
f 298 304 290
f 340 287 338
f 305 357 301
f 342 287 340
f 405 350 287
f 364 313 315
f 305 361 357
f 317 361 305
f 358 367 362
f 362 367 371
f 317 313 361
f 366 371 379
f 323 313 317
f 323 315 313
f 367 372 371
f 361 313 364
f 323 317 380
f 375 373 318
f 371 378 379
f 348 319 320
f 372 374 371
f 364 315 318
f 374 378 371
f 409 376 325
f 383 409 325
f 394 379 402
f 323 325 315
f 376 409 384
f 315 375 318
f 325 375 315
f 350 332 408
f 346 332 350
f 394 366 379
f 376 375 325
f 387 385 382
f 397 377 300
f 300 377 366
f 332 353 290
f 377 397 298
f 323 383 325
f 299 300 394
f 402 379 378
f 377 298 370
f 381 383 323
f 393 205 319
f 319 205 326
f 293 291 259
f 290 304 312
f 384 391 376
f 397 324 298
f 312 316 291
f 316 312 311
f 298 324 304
f 291 316 259
f 300 324 397
f 391 382 376
f 316 267 259
f 398 326 333
f 314 322 308
f 299 327 300
f 366 394 300
f 314 324 330
f 267 329 281
f 297 329 311
f 403 394 402
f 322 288 286
f 400 394 403
f 400 299 394
f 272 281 329
f 314 288 322
f 290 370 298
f 332 290 291
f 386 415 404
f 417 380 410
f 413 388 414
f 415 386 412
f 317 305 411
f 380 317 410
f 386 413 412
f 381 380 421
f 421 380 417
f 388 413 386
f 410 317 411
f 422 391 423
f 390 416 388
f 388 416 414
f 391 416 390
f 416 391 422
f 384 423 391
f 411 305 418
f 384 424 423
f 383 424 384
f 419 418 301
f 305 301 418
f 383 381 424
f 424 381 421
f 419 301 368
f 425 404 415
f 279 428 241
f 429 428 430
f 279 431 428
f 277 431 279
f 428 431 430
f 307 431 277
f 430 431 432
f 307 433 431
f 303 433 307
f 310 433 303
f 432 431 433
f 289 433 310
f 434 433 289
f 435 436 437
f 245 436 435
f 437 441 438
f 439 1232 1229
f 436 441 437
f 438 440 442
f 438 441 440
f 442 443 445
f 443 444 445
f 445 444 446
f 444 426 446
f 714 447 439
f 446 448 449
f 426 448 446
f 714 448 447
f 449 448 714
f 451 1233 439
f 451 439 447
f 447 448 427
f 427 448 426
f 436 245 450
f 444 452 426
f 452 444 453
f 1233 451 1234
f 1234 451 456
f 427 457 455
f 451 455 456
f 456 455 457
f 426 461 427
f 328 459 331
f 452 461 426
f 459 462 331
f 331 462 296
f 462 464 296
f 457 427 465
f 296 464 289
f 427 461 465
f 464 434 289
f 461 452 463
f 439 1233 1232
f 470 469 460
f 247 458 246
f 471 458 474
f 472 469 473
f 469 470 473
f 474 458 247
f 460 471 470
f 470 471 475
f 244 474 247
f 475 471 476
f 474 476 471
f 477 428 429
f 447 455 451
f 447 427 455
f 436 450 441
f 441 450 454
f 443 453 444
f 453 443 466
f 441 454 466
f 460 450 458
f 460 454 450
f 1235 1234 456
f 245 246 450
f 450 246 458
f 469 472 466
f 466 472 467
f 458 471 460
f 453 467 463
f 468 249 435
f 435 249 245
f 466 440 441
f 442 440 466
f 466 443 442
f 453 466 467
f 466 454 469
f 469 454 460
f 452 453 463
f 241 474 244
f 474 428 476
f 476 428 477
f 241 428 474
f 481 1246 1248
f 1231 1230 485
f 1246 481 154
f 1227 484 482
f 1252 478 1226
f 485 1230 488
f 1252 479 478
f 486 1226 478
f 1230 486 488
f 487 1228 1231
f 1225 482 483
f 1231 485 487
f 1250 479 1252
f 486 1230 1226
f 1228 487 484
f 1251 1225 483
f 1225 1227 482
f 484 1227 1228
f 1249 1247 480
f 479 1250 489
f 1250 1249 489
f 489 1249 480
f 483 1248 1251
f 481 1248 483
f 491 1241 495
f 492 1244 490
f 1245 1244 494
f 494 1244 492
f 490 1243 493
f 496 1247 1245
f 1244 1243 490
f 496 480 1247
f 493 1242 491
f 491 1242 1241
f 493 1243 1242
f 496 1245 494
f 497 249 468
f 215 214 497
f 214 249 497
f 328 401 459
f 401 425 459
f 401 404 425
f 502 503 505
f 502 505 526
f 510 500 499
f 510 511 500
f 513 514 503
f 811 508 507
f 513 503 502
f 165 511 510
f 811 516 508
f 518 514 513
f 519 516 811
f 518 520 514
f 522 523 150
f 522 150 149
f 525 520 518
f 526 516 519
f 525 527 520
f 526 505 516
f 529 527 525
f 507 523 522
f 507 508 523
f 499 527 529
f 499 500 527
f 151 35 41
f 533 528 501
f 532 528 533
f 531 35 151
f 531 151 524
f 532 521 528
f 533 512 534
f 532 515 521
f 534 512 172
f 533 501 512
f 531 524 509
f 531 509 517
f 531 517 506
f 531 506 504
f 531 504 515
f 531 515 532
f 530 531 532
f 407 343 369
f 369 343 420
f 343 535 420
f 420 535 537
f 537 535 539
f 535 542 539
f 91 111 539
f 542 91 539
f 543 545 92
f 111 2242 539
f 341 536 344
f 336 556 341
f 25 561 1061
f 108 94 557
f 94 559 563
f 563 559 566
f 566 568 285
f 25 570 561
f 559 568 566
f 25 26 570
f 26 31 570
f 568 337 285
f 31 572 570
f 285 337 283
f 94 563 557
f 31 574 572
f 31 29 574
f 29 576 574
f 29 117 576
f 86 578 84
f 115 557 117
f 117 557 576
f 115 108 557
f 84 559 94
f 578 559 84
f 580 629 584
f 586 152 581
f 587 580 584
f 587 581 580
f 587 584 589
f 590 588 583
f 591 588 590
f 589 588 591
f 415 593 425
f 591 590 540
f 538 540 590
f 591 540 595
f 414 422 598
f 414 416 422
f 597 628 593
f 599 413 414
f 599 414 598
f 601 415 412
f 422 602 598
f 599 598 603
f 598 602 603
f 413 601 412
f 600 602 422
f 599 604 605
f 605 597 593
f 603 604 599
f 608 597 605
f 607 603 602
f 613 597 608
f 612 607 611
f 613 606 597
f 613 608 605
f 609 424 421
f 616 606 613
f 615 617 618
f 604 613 605
f 611 609 621
f 615 613 604
f 610 606 616
f 615 616 613
f 619 618 617
f 620 619 612
f 616 615 618
f 621 609 421
f 618 619 622
f 618 610 616
f 153 610 618
f 622 153 618
f 593 415 601
f 593 601 605
f 625 623 621
f 622 620 581
f 599 601 413
f 153 622 152
f 599 605 601
f 609 600 423
f 588 582 583
f 585 582 588
f 411 418 583
f 161 586 592
f 590 583 418
f 592 626 161
f 592 595 626
f 592 594 595
f 419 538 418
f 590 418 538
f 602 600 607
f 617 604 603
f 614 617 603
f 617 615 604
f 612 614 607
f 600 422 423
f 614 619 617
f 611 623 612
f 424 609 423
f 611 621 623
f 622 619 620
f 421 625 621
f 607 600 609
f 585 623 625
f 582 417 410
f 625 582 585
f 611 607 609
f 583 410 411
f 583 582 410
f 588 584 585
f 152 586 161
f 586 581 587
f 588 589 584
f 587 591 594
f 587 589 591
f 586 594 592
f 586 587 594
f 591 595 594
f 603 607 614
f 623 624 612
f 619 614 612
f 620 612 624
f 625 421 417
f 624 581 620
f 629 624 623
f 582 625 417
f 585 629 623
f 580 624 629
f 152 622 581
f 580 581 624
f 584 629 585
f 459 425 593
f 630 459 593
f 630 593 628
f 631 630 628
f 631 628 597
f 632 597 606
f 632 631 597
f 633 632 606
f 633 606 610
f 634 633 610
f 634 610 153
f 154 634 153
f 635 462 459
f 481 483 678
f 630 635 459
f 631 635 630
f 631 636 635
f 639 682 637
f 638 430 432
f 644 682 639
f 645 642 646
f 652 649 650
f 653 638 432
f 651 654 644
f 656 652 655
f 480 654 651
f 658 639 637
f 653 637 638
f 659 656 657
f 659 657 660
f 664 644 639
f 664 639 658
f 658 637 653
f 632 665 631
f 651 644 664
f 640 666 642
f 640 642 641
f 641 667 640
f 642 666 668
f 640 658 653
f 640 653 666
f 647 643 641
f 489 480 651
f 478 643 647
f 645 648 647
f 670 651 664
f 486 647 648
f 669 653 432
f 667 658 640
f 667 664 658
f 669 432 433
f 666 653 669
f 489 651 670
f 652 671 649
f 650 655 652
f 670 664 667
f 479 489 670
f 656 675 652
f 655 657 656
f 643 670 667
f 668 666 669
f 661 662 660
f 479 670 643
f 663 660 662
f 662 661 636
f 665 662 636
f 665 636 631
f 672 662 665
f 632 672 665
f 673 668 669
f 674 669 433
f 643 667 641
f 645 641 642
f 645 647 641
f 673 669 674
f 675 671 652
f 659 676 656
f 674 433 434
f 673 642 668
f 486 478 647
f 672 663 662
f 672 678 663
f 646 642 673
f 679 673 674
f 633 672 632
f 633 634 672
f 680 645 646
f 650 673 679
f 680 648 645
f 679 674 434
f 646 673 650
f 675 681 671
f 676 675 656
f 677 676 659
f 488 648 680
f 649 680 646
f 649 646 650
f 634 678 672
f 683 488 680
f 643 478 479
f 671 680 649
f 648 488 486
f 683 671 487
f 655 650 679
f 681 487 671
f 676 681 675
f 683 680 671
f 677 482 676
f 677 483 482
f 485 488 683
f 678 483 663
f 634 481 678
f 655 679 684
f 684 679 434
f 644 697 682
f 487 485 683
f 684 434 464
f 154 481 634
f 657 655 684
f 484 487 681
f 484 681 676
f 685 684 464
f 661 684 685
f 661 657 684
f 685 464 462
f 482 484 676
f 660 657 661
f 663 659 660
f 635 685 462
f 663 677 659
f 483 677 663
f 636 661 685
f 636 685 635
f 687 688 689
f 429 687 477
f 688 686 690
f 690 686 494
f 492 693 690
f 691 703 493
f 692 689 690
f 692 687 689
f 691 493 491
f 695 491 495
f 693 492 490
f 692 696 687
f 496 654 480
f 693 698 692
f 693 490 698
f 476 477 694
f 700 692 698
f 696 692 701
f 476 694 702
f 702 696 701
f 700 701 692
f 465 461 706
f 465 706 695
f 457 465 695
f 700 703 707
f 707 701 700
f 708 456 695
f 702 701 709
f 476 702 475
f 703 691 707
f 709 475 702
f 699 637 682
f 709 710 473
f 473 470 709
f 463 467 711
f 654 697 644
f 430 638 699
f 697 654 686
f 688 682 697
f 494 686 496
f 492 690 494
f 688 690 689
f 687 694 477
f 692 690 693
f 694 687 696
f 698 490 493
f 696 702 694
f 703 698 493
f 703 700 698
f 710 701 707
f 710 709 701
f 709 470 475
f 691 704 707
f 704 710 707
f 691 705 704
f 711 473 710
f 711 710 704
f 705 691 491
f 711 472 473
f 491 706 705
f 463 711 704
f 705 463 704
f 711 467 472
f 461 705 706
f 491 695 706
f 461 463 705
f 456 457 695
f 708 695 495
f 708 495 1241
f 456 708 1235
f 1235 708 1241
f 637 699 638
f 686 654 496
f 688 697 686
f 429 430 699
f 699 682 688
f 429 699 687
f 688 687 699
f 717 715 714
f 439 716 714
f 716 717 714
f 716 126 717
f 126 120 717
f 722 438 442
f 720 725 721
f 120 712 726
f 713 726 724
f 120 726 713
f 727 719 723
f 437 468 435
f 442 445 728
f 728 713 724
f 445 446 729
f 445 713 728
f 729 713 445
f 715 729 449
f 715 713 729
f 715 449 714
f 437 438 730
f 712 120 125
f 120 713 715
f 715 717 120
f 730 438 722
f 725 726 712
f 722 724 730
f 126 716 1215
f 722 728 724
f 1229 716 439
f 728 722 442
f 729 446 449
f 716 1229 1215
f 727 730 724
f 718 468 437
f 437 723 718
f 718 723 719
f 720 719 727
f 727 725 720
f 437 730 723
f 125 721 712
f 727 723 730
f 725 712 721
f 725 727 724
f 726 725 724
f 735 216 498
f 734 215 736
f 740 718 742
f 738 721 737
f 744 734 731
f 497 468 740
f 738 737 747
f 745 738 747
f 739 741 748
f 745 743 720
f 745 747 750
f 744 754 746
f 752 497 742
f 742 743 751
f 742 718 719
f 753 121 761
f 751 743 758
f 750 737 125
f 750 747 737
f 760 759 733
f 752 736 497
f 732 733 759
f 750 125 121
f 758 757 760
f 739 744 731
f 734 751 758
f 734 736 752
f 744 739 748
f 759 750 732
f 754 756 746
f 746 756 749
f 753 748 741
f 732 750 121
f 741 121 753
f 734 758 731
f 733 731 760
f 733 739 731
f 721 125 737
f 721 738 720
f 740 468 718
f 743 742 719
f 743 719 720
f 720 738 745
f 746 734 744
f 744 748 754
f 749 734 746
f 749 215 734
f 755 748 753
f 755 754 748
f 751 734 752
f 742 497 740
f 742 751 752
f 758 760 731
f 745 750 757
f 757 743 745
f 743 757 758
f 757 750 759
f 760 757 759
f 741 733 732
f 741 739 733
f 741 732 121
f 749 756 763
f 755 756 754
f 762 763 756
f 762 756 755
f 215 749 763
f 755 753 764
f 755 764 765
f 763 766 210
f 762 755 765
f 765 766 762
f 139 132 768
f 770 768 132
f 773 772 769
f 770 771 768
f 181 210 766
f 233 235 772
f 771 770 204
f 223 773 771
f 774 1151 234
f 1153 774 132
f 234 770 774
f 1151 774 1153
f 764 753 761
f 139 761 121
f 768 769 139
f 771 769 768
f 772 767 769
f 773 769 771
f 773 233 772
f 233 773 223
f 762 766 763
f 767 764 761
f 765 764 767
f 761 769 767
f 775 766 765
f 139 769 761
f 775 181 766
f 775 765 767
f 775 235 181
f 772 775 767
f 772 235 775
f 204 223 771
f 770 132 774
f 197 204 770
f 197 770 234
f 567 225 776
f 567 284 225
f 564 567 776
f 777 776 779
f 777 564 776
f 780 777 779
f 780 779 782
f 780 782 149
f 783 780 149
f 785 786 816
f 785 816 522
f 788 787 789
f 790 786 785
f 219 218 787
f 219 787 788
f 790 789 786
f 791 789 790
f 788 789 791
f 782 522 149
f 782 785 522
f 779 785 782
f 779 790 785
f 776 788 791
f 776 790 779
f 776 791 790
f 225 788 776
f 225 219 788
f 792 165 510
f 792 793 165
f 794 793 792
f 795 793 794
f 797 795 794
f 796 198 795
f 796 795 797
f 201 198 796
f 801 518 513
f 801 513 502
f 803 802 801
f 804 510 499
f 804 792 510
f 807 792 804
f 805 806 803
f 526 519 808
f 805 526 808
f 807 797 792
f 808 806 805
f 806 809 803
f 809 812 810
f 809 806 812
f 808 519 811
f 808 812 806
f 813 797 807
f 814 218 222
f 808 811 815
f 813 796 797
f 798 804 499
f 817 796 813
f 798 499 529
f 818 804 798
f 818 807 804
f 201 796 817
f 813 807 818
f 798 529 525
f 799 798 525
f 799 525 800
f 203 201 817
f 525 518 800
f 820 818 799
f 801 800 518
f 820 813 818
f 821 813 820
f 808 815 812
f 817 813 821
f 820 799 800
f 165 793 819
f 823 817 821
f 208 817 823
f 208 203 817
f 824 820 800
f 825 820 824
f 825 821 820
f 824 800 801
f 824 801 802
f 823 821 825
f 798 799 818
f 803 801 502
f 826 823 825
f 827 824 802
f 827 825 824
f 222 208 823
f 222 823 826
f 805 502 526
f 805 803 502
f 826 825 827
f 809 827 802
f 809 802 803
f 810 827 809
f 797 794 792
f 810 826 827
f 814 826 810
f 222 826 814
f 816 811 507
f 822 810 812
f 787 814 810
f 816 815 811
f 218 814 787
f 787 810 822
f 786 815 816
f 789 812 815
f 789 815 786
f 789 822 812
f 787 822 789
f 522 816 507
f 833 164 819
f 830 833 819
f 831 828 834
f 830 831 834
f 834 828 832
f 168 164 833
f 830 835 833
f 188 844 191
f 836 844 188
f 830 839 835
f 830 834 839
f 839 834 837
f 837 832 840
f 837 841 839
f 839 841 843
f 841 837 842
f 840 842 837
f 836 188 182
f 844 842 840
f 174 847 182
f 841 849 843
f 841 842 849
f 844 840 192
f 163 850 838
f 167 163 838
f 849 850 843
f 166 852 186
f 166 853 852
f 166 186 854
f 845 849 851
f 850 849 846
f 846 849 845
f 221 856 228
f 856 855 228
f 855 856 853
f 855 853 167
f 829 198 194
f 164 165 819
f 828 829 832
f 832 829 194
f 837 834 832
f 194 192 840
f 835 168 833
f 844 851 842
f 849 842 851
f 828 795 198
f 162 168 835
f 840 832 194
f 162 835 839
f 162 839 843
f 192 191 844
f 850 163 843
f 851 844 836
f 836 845 851
f 850 846 838
f 847 845 836
f 847 836 182
f 228 848 174
f 848 847 174
f 848 845 847
f 846 848 855
f 846 845 848
f 855 838 846
f 855 848 228
f 852 856 221
f 852 221 200
f 855 167 838
f 853 856 852
f 186 852 200
f 166 167 853
f 229 854 186
f 1152 854 229
f 166 854 1154
f 1154 854 1152
f 828 198 829
f 795 831 793
f 831 795 828
f 831 819 793
f 831 830 819
f 904 858 99
f 99 858 100
f 1017 1016 72
f 69 863 862
f 861 864 1068
f 861 860 864
f 1068 864 1064
f 862 865 859
f 859 866 860
f 862 863 865
f 859 865 866
f 860 866 864
f 864 1983 1064
f 867 870 1978
f 1978 870 1986
f 866 871 864
f 864 871 1983
f 867 868 870
f 866 872 871
f 865 872 866
f 1986 873 1073
f 865 874 872
f 865 72 874
f 1986 875 873
f 870 875 1986
f 863 72 865
f 868 876 870
f 870 876 875
f 1073 873 1068
f 868 862 876
f 869 862 868
f 869 69 862
f 876 859 875
f 875 860 873
f 875 859 860
f 873 861 1068
f 873 860 861
f 862 859 876
f 61 869 62
f 69 869 61
f 869 868 62
f 62 868 63
f 868 867 63
f 867 1978 63
f 63 1978 1127
f 544 536 880
f 878 546 544
f 547 546 878
f 882 880 556
f 879 90 547
f 880 883 877
f 89 879 881
f 89 881 884
f 886 881 883
f 887 556 336
f 882 883 880
f 888 886 885
f 880 536 556
f 881 886 884
f 556 536 341
f 886 560 579
f 886 888 560
f 887 888 885
f 882 556 887
f 878 881 547
f 885 882 887
f 884 85 89
f 885 886 883
f 885 883 882
f 889 887 336
f 887 889 888
f 884 886 579
f 877 883 881
f 569 889 336
f 579 85 884
f 560 888 889
f 560 889 569
f 881 879 547
f 877 878 880
f 881 878 877
f 878 544 880
f 158 552 890
f 1237 554 1238
f 158 890 156
f 160 552 158
f 160 550 552
f 541 548 627
f 156 554 1237
f 596 541 627
f 156 890 554
f 160 548 550
f 627 548 160
f 558 565 778
f 781 558 778
f 781 577 558
f 784 577 781
f 148 577 784
f 148 575 577
f 148 573 575
f 146 573 148
f 146 571 573
f 144 562 571
f 144 571 146
f 144 1062 562
f 144 1083 1062
f 892 894 103
f 894 105 103
f 894 895 105
f 105 895 106
f 895 896 106
f 896 82 106
f 898 82 896
f 100 858 857
f 858 900 857
f 857 900 103
f 900 892 103
f 902 903 23
f 23 903 99
f 903 904 99
f 12 906 13
f 906 907 13
f 907 909 13
f 13 909 22
f 909 911 22
f 22 911 23
f 911 902 23
f 943 906 14
f 906 12 14
f 21 913 24
f 913 915 24
f 24 915 14
f 915 943 14
f 917 919 17
f 17 920 18
f 919 920 17
f 18 922 19
f 920 922 18
f 19 924 20
f 922 924 19
f 924 913 20
f 20 913 21
f 15 928 16
f 926 928 15
f 928 917 16
f 16 917 17
f 930 932 98
f 98 932 101
f 932 934 101
f 101 936 102
f 934 936 101
f 102 926 15
f 936 926 102
f 98 938 930
f 82 898 940
f 98 82 940
f 98 940 938
f 942 266 252
f 942 906 943
f 266 942 943
f 942 252 906
f 944 906 252
f 906 944 908
f 943 916 266
f 944 252 253
f 916 914 269
f 916 269 266
f 910 908 944
f 945 269 914
f 254 944 253
f 255 910 944
f 945 275 269
f 925 945 914
f 910 255 946
f 911 909 947
f 273 275 945
f 925 923 274
f 925 274 945
f 946 255 280
f 912 946 902
f 274 921 264
f 923 921 274
f 921 261 264
f 919 262 920
f 918 262 919
f 948 348 321
f 348 946 280
f 903 946 348
f 904 903 949
f 903 902 946
f 858 905 950
f 903 348 948
f 918 929 262
f 262 929 258
f 258 929 927
f 901 951 893
f 359 951 901
f 951 359 392
f 948 321 359
f 901 948 359
f 900 858 950
f 395 951 392
f 894 951 396
f 894 893 951
f 897 952 399
f 897 895 952
f 399 952 396
f 952 895 894
f 396 952 894
f 292 935 933
f 292 937 935
f 292 294 937
f 294 927 937
f 294 258 927
f 334 897 399
f 899 897 334
f 292 931 408
f 933 931 292
f 953 941 899
f 931 939 408
f 953 899 334
f 941 953 339
f 939 350 408
f 339 953 334
f 350 941 339
f 350 939 941
f 96 5 88
f 8 5 96
f 110 119 8
f 110 8 96
f 113 119 110
f 955 954 37
f 955 37 35
f 956 955 35
f 531 956 35
f 960 957 961
f 958 960 961
f 962 960 958
f 959 960 962
f 959 530 960
f 955 958 963
f 955 962 958
f 530 959 956
f 956 959 962
f 956 962 955
f 531 530 956
f 954 955 963
f 530 532 964
f 969 965 971
f 971 965 970
f 969 967 968
f 532 967 969
f 964 969 971
f 971 970 957
f 965 968 966
f 969 968 965
f 964 532 969
f 971 957 960
f 964 960 530
f 964 971 960
f 973 966 968
f 973 972 966
f 988 968 967
f 988 973 968
f 533 967 532
f 533 988 967
f 975 979 976
f 978 79 80
f 534 977 979
f 534 979 975
f 981 974 980
f 978 170 79
f 981 975 974
f 982 170 978
f 983 534 975
f 983 975 981
f 982 172 170
f 981 980 984
f 533 534 983
f 987 172 982
f 983 981 986
f 986 981 984
f 988 983 986
f 986 984 972
f 533 983 988
f 973 986 972
f 982 978 985
f 979 982 985
f 988 986 973
f 987 534 172
f 975 976 974
f 977 982 979
f 979 985 976
f 977 987 982
f 534 987 977
f 954 989 38
f 989 68 38
f 954 990 989
f 38 1076 1081
f 68 1076 38
f 978 80 991
f 993 978 991
f 985 978 993
f 995 985 993
f 976 985 995
f 974 976 995
f 997 974 995
f 980 974 997
f 998 980 997
f 984 980 998
f 1000 984 998
f 972 984 1000
f 1002 972 1000
f 1002 966 972
f 1004 966 1002
f 966 1004 1005
f 965 966 1005
f 965 1005 1006
f 970 965 1006
f 957 1006 1007
f 957 970 1006
f 961 957 1007
f 961 1007 1008
f 958 961 1008
f 958 1008 1009
f 963 958 1009
f 963 1009 990
f 954 963 990
f 68 989 60
f 990 48 60
f 989 990 60
f 1009 48 990
f 55 47 1010
f 55 1010 52
f 75 52 1008
f 1007 75 1008
f 52 1010 1008
f 1011 1013 1012
f 1004 1011 1005
f 1012 1013 1006
f 1012 1006 1005
f 1013 75 1007
f 1013 1007 1006
f 1011 1012 1005
f 1011 1004 1003
f 1011 1003 71
f 999 70 71
f 992 73 994
f 71 1003 1001
f 1020 992 1014
f 1019 73 1020
f 999 997 70
f 995 70 997
f 1001 999 71
f 73 70 996
f 73 996 994
f 142 2261 2266
f 25 33 27
f 1061 33 25
f 874 1027 872
f 874 1026 1025
f 872 1024 871
f 872 1027 1023
f 871 1024 1022
f 871 1021 1983
f 1983 1021 2147
f 72 1019 1018
f 72 1026 874
f 991 80 1015
f 1033 1031 1028
f 1033 1028 1036
f 1057 1055 1034
f 1055 1196 1198
f 1034 1055 1198
f 1057 1034 1037
f 1088 1080 1090
f 1088 1078 1080
f 1088 1093 1078
f 1126 1104 1097
f 1107 1106 1113
f 1085 1096 1087
f 1106 1103 1113
f 1098 1097 1114
f 1071 1067 1101
f 1107 1113 1115
f 1096 1107 1115
f 1099 1114 1119
f 1102 1099 1119
f 1097 1104 1121
f 1096 1115 1087
f 1071 1101 1118
f 1097 1121 1114
f 1066 1087 1115
f 1125 1124 1106
f 1124 1123 1111
f 1111 1110 1126
f 1113 1103 1098
f 1114 1121 1130
f 1111 1126 1103
f 1124 1111 1106
f 1114 1130 1119
f 1113 1099 1102
f 1115 1113 1102
f 1072 1120 1131
f 1075 1070 1132
f 1129 1125 1096
f 1066 1115 1102
f 1110 1108 1112
f 1123 1108 1110
f 1103 1126 1097
f 1125 1106 1107
f 1126 1110 1112
f 1085 1129 1096
f 1126 1112 1104
f 1098 1103 1097
f 1125 1107 1096
f 1123 1110 1111
f 1106 1111 1103
f 1134 1135 1136
f 1123 1136 2131
f 1123 1134 1136
f 2133 1123 2131
f 2141 2142 1137
f 1974 1138 1135
f 1108 1123 2133
f 1974 1137 1138
f 1139 1108 2133
f 1134 1974 1135
f 1141 2139 1142
f 1144 1141 1142
f 2138 2146 1143
f 2145 1143 2146
f 1169 1161 1165
f 1173 1167 1175
f 1173 1163 1167
f 1170 1184 1999
f 1999 1184 1169
f 1184 1161 1169
f 1184 1177 1161
f 1175 1189 1187
f 1175 1187 1173
f 1189 1193 1187
f 1187 1193 1194
f 1194 1193 1196
f 1193 1198 1196
f 1159 1210 1201
f 1207 1202 1201
f 1210 1207 1201
f 1206 1200 1205
f 1153 1159 1201
f 1153 1201 1212
f 1213 1215 1205
f 1215 1206 1205
f 1213 1205 1216
f 1216 1205 1219
f 1212 1201 1222
f 1219 1205 1223
f 1201 1202 1205
f 1202 1223 1205
f 1079 1254 1082
f 1094 1256 1254
f 1094 1258 1256
f 1094 1894 1258
f 1094 1254 1079
f 1260 1094 1261
f 1260 1894 1094
f 1266 1246 1236
f 1264 1266 1268
f 1264 1265 1246
f 1264 1246 1266
f 1272 1268 1270
f 1263 1268 1272
f 1263 1264 1268
f 1737 1272 1270
f 1155 1278 1274
f 1157 1273 1279
f 1160 1157 1279
f 1155 1154 1277
f 1156 1155 1274
f 1156 1274 1954
f 1142 1160 1275
f 1280 1145 1276
f 1160 1279 1275
f 1142 1275 1144
f 1282 1280 1276
f 1156 1954 1273
f 1622 1282 1276
f 1157 1156 1273
f 1144 1275 1145
f 1155 1277 1278
f 1145 1275 1276
f 1297 1343 1291
f 1284 1288 1289
f 1284 1295 1285
f 1287 1295 1289
f 1295 1284 1289
f 1287 1289 1296
f 1285 1295 1293
f 1290 1293 1295
f 1298 1287 1296
f 1295 1287 1290
f 1299 1293 1290
f 1296 1294 1298
f 1294 1292 1300
f 1304 1504 1301
f 1303 1301 1307
f 1301 1504 1307
f 1305 1303 1307
f 1298 1294 1300
f 1305 1307 1310
f 1309 1305 1310
f 1307 1504 1310
f 1504 1316 1310
f 1312 1309 1313
f 1309 1310 1313
f 1292 1321 1300
f 1297 1291 1311
f 1286 1308 1306
f 1310 1316 1313
f 1314 1312 1313
f 1291 1286 1306
f 1290 1287 1298
f 1300 1321 1317
f 1314 1313 1316
f 1298 1300 1318
f 1314 1316 1319
f 1291 1306 1320
f 1316 1322 1319
f 1290 1298 1323
f 1299 1290 1323
f 1306 1308 1315
f 1319 1322 1328
f 1291 1320 1311
f 1306 1315 1324
f 1330 1329 1328
f 1322 1331 1330
f 1328 1322 1330
f 1306 1324 1320
f 1333 1319 1328
f 1329 1333 1328
f 1330 1331 1336
f 1318 1300 1317
f 1315 1334 1324
f 1320 1324 1335
f 1299 1323 1301
f 1298 1318 1338
f 1323 1298 1338
f 1302 1299 1301
f 1335 1324 1337
f 1324 1334 1337
f 1321 1874 1317
f 1318 1317 1342
f 1149 1148 1341
f 1152 1150 1340
f 1150 1149 1341
f 1335 1337 1288
f 1334 1344 1337
f 1288 1337 1289
f 1340 1150 1343
f 1148 1151 1345
f 1301 1323 1338
f 1150 1341 1343
f 1341 1148 1345
f 1338 1318 1342
f 1289 1344 1296
f 1303 1302 1301
f 1344 1346 1296
f 1301 1338 1304
f 1341 1345 1308
f 1341 1286 1343
f 1342 1317 1325
f 1874 1326 1325
f 1297 1340 1343
f 1317 1874 1325
f 1296 1346 1294
f 1320 1335 1311
f 1343 1286 1291
f 1346 1292 1294
f 1311 1335 1332
f 1341 1308 1286
f 1332 1335 1339
f 1339 1335 1288
f 1339 1288 1284
f 1337 1344 1289
f 1339 1284 1285
f 1347 1354 1350
f 1353 1349 1382
f 1350 1354 1356
f 1350 1356 1357
f 1353 1357 1349
f 1361 1362 1367
f 1364 1365 1367
f 1360 1359 1354
f 1354 1361 1360
f 1347 1371 1374
f 1360 1356 1359
f 1367 1338 1342
f 1368 1371 1347
f 1376 1362 1361
f 1347 1370 1368
f 1348 1392 1381
f 1370 1347 1350
f 1383 1392 1348
f 1362 1364 1367
f 1354 1359 1356
f 1347 1374 1384
f 1379 1361 1386
f 1381 1349 1348
f 1381 1382 1349
f 1355 1351 1349
f 1347 1361 1354
f 1365 1391 1367
f 1389 1383 1348
f 1389 1387 1383
f 1350 1357 1353
f 1379 1376 1361
f 1358 1355 1349
f 1351 1389 1348
f 1367 1325 1361
f 1358 1349 1357
f 1342 1325 1367
f 1382 1381 1378
f 1378 1381 1392
f 1350 1382 1370
f 1386 1347 1384
f 1325 1360 1361
f 1347 1386 1361
f 1382 1350 1353
f 1348 1349 1351
f 1370 1382 1378
f 1393 1395 1331
f 1331 1395 1336
f 1403 1404 1402
f 1401 1402 1423
f 1404 1368 1370
f 1408 1383 1417
f 1420 1397 1413
f 1415 1423 1419
f 1408 1417 1413
f 1419 1423 1422
f 1367 1391 1430
f 1425 1415 1419
f 1419 1422 1433
f 1422 1397 1433
f 1430 1338 1367
f 1397 1422 1408
f 1438 1435 1441
f 1441 1425 1406
f 1443 1403 1402
f 1397 1408 1413
f 1437 1331 1322
f 1446 1437 1444
f 1398 1456 1453
f 1456 1516 1458
f 1460 1458 1457
f 1463 1462 1456
f 1456 1458 1463
f 1457 1464 1460
f 1462 1468 1467
f 1458 1469 1463
f 1431 1470 1430
f 1465 1462 1463
f 1460 1464 1471
f 1469 1458 1473
f 1458 1460 1473
f 1471 1476 1460
f 1473 1460 1476
f 1465 1474 1475
f 1466 1475 1472
f 1465 1463 1474
f 1478 1474 1469
f 1474 1463 1469
f 1468 1412 1467
f 1412 1479 1467
f 1476 1477 1473
f 1477 1482 1473
f 1475 1474 1429
f 1474 1484 1429
f 1484 1474 1483
f 1484 1487 1486
f 1476 1471 1488
f 1491 1434 1492
f 1493 1484 1483
f 1484 1493 1487
f 1483 1485 1493
f 1391 1459 1430
f 1457 1443 1464
f 1476 1488 1477
f 1494 1520 1495
f 1493 1485 1496
f 1489 1496 1485
f 1500 1493 1498
f 1471 1481 1488
f 1304 1338 1430
f 1506 1509 1437
f 1464 1401 1481
f 1415 1425 1435
f 1411 1435 1438
f 1427 1440 1422
f 1427 1378 1440
f 1438 1511 1410
f 1430 1470 1503
f 1437 1430 1503
f 1440 1383 1408
f 1425 1399 1406
f 1504 1304 1430
f 1503 1506 1437
f 1451 1446 1449
f 1475 1466 1465
f 1464 1481 1471
f 1483 1474 1478
f 1316 1437 1322
f 1493 1500 1502
f 1397 1420 1399
f 1417 1383 1387
f 1393 1437 1446
f 1513 1496 1489
f 1496 1513 1514
f 1393 1331 1437
f 1444 1449 1446
f 1449 1461 1398
f 1457 1516 1461
f 1398 1516 1456
f 1516 1457 1458
f 1517 1453 1462
f 1462 1453 1456
f 1517 1462 1467
f 1468 1462 1466
f 1462 1465 1466
f 1479 1517 1467
f 1519 1403 1443
f 1468 1466 1472
f 1409 1401 1415
f 1451 1449 1398
f 1416 1412 1468
f 1453 1451 1398
f 1516 1398 1461
f 1475 1426 1424
f 1416 1468 1472
f 1428 1416 1472
f 1469 1473 1478
f 1473 1482 1478
f 1428 1472 1424
f 1477 1490 1482
f 1434 1428 1424
f 1434 1424 1426
f 1478 1482 1483
f 1472 1475 1424
f 1434 1491 1428
f 1486 1429 1484
f 1482 1490 1489
f 1459 1431 1430
f 1483 1482 1485
f 1475 1429 1426
f 1485 1482 1489
f 1520 1436 1487
f 1494 1436 1520
f 1505 1513 1490
f 1434 1426 1436
f 1487 1495 1520
f 1426 1429 1486
f 1436 1426 1486
f 1461 1519 1443
f 1457 1461 1443
f 1505 1490 1477
f 1487 1436 1486
f 1498 1493 1496
f 1508 1411 1488
f 1411 1477 1488
f 1443 1401 1464
f 1488 1409 1508
f 1434 1436 1494
f 1410 1505 1411
f 1513 1489 1490
f 1488 1481 1409
f 1492 1434 1494
f 1504 1430 1316
f 1430 1437 1316
f 1404 1370 1402
f 1401 1423 1415
f 1495 1487 1502
f 1508 1409 1435
f 1423 1402 1427
f 1427 1422 1423
f 1409 1415 1435
f 1402 1370 1427
f 1411 1508 1435
f 1502 1487 1493
f 1427 1370 1378
f 1509 1444 1437
f 1425 1419 1433
f 1410 1411 1438
f 1477 1411 1505
f 1425 1441 1435
f 1378 1392 1440
f 1408 1422 1440
f 1514 1513 1505
f 1433 1397 1399
f 1511 1514 1505
f 1511 1505 1410
f 1383 1440 1392
f 1425 1433 1399
f 1401 1409 1481
f 1443 1402 1401
f 1497 1515 1526
f 1528 1521 1491
f 1524 1525 1499
f 1526 1523 1497
f 1428 1522 1416
f 1491 1521 1428
f 1497 1523 1524
f 1492 1532 1491
f 1532 1528 1491
f 1499 1497 1524
f 1521 1522 1428
f 1533 1534 1502
f 1501 1499 1527
f 1499 1525 1527
f 1502 1501 1527
f 1527 1533 1502
f 1495 1502 1534
f 1522 1529 1416
f 1495 1534 1535
f 1494 1495 1535
f 1530 1412 1529
f 1416 1529 1412
f 1494 1535 1492
f 1535 1532 1492
f 1530 1479 1412
f 1536 1526 1515
f 1390 1352 1539
f 1540 1541 1539
f 1390 1539 1542
f 1388 1390 1542
f 1539 1541 1542
f 1418 1388 1542
f 1541 1543 1542
f 1418 1542 1544
f 1414 1418 1544
f 1421 1414 1544
f 1543 1544 1542
f 1400 1421 1544
f 1545 1400 1544
f 1546 1548 1547
f 1356 1546 1547
f 1548 1549 1552
f 1550 1229 1232
f 1547 1548 1552
f 1549 1553 1551
f 1549 1551 1552
f 1553 1556 1554
f 1554 1556 1555
f 1556 1557 1555
f 1555 1557 1537
f 1825 1550 1558
f 1557 1560 1559
f 1537 1557 1559
f 1825 1558 1559
f 1560 1825 1559
f 1562 1550 1233
f 1562 1558 1550
f 1558 1538 1559
f 1538 1537 1559
f 1547 1561 1356
f 1555 1537 1563
f 1563 1564 1555
f 1233 1234 1562
f 1234 1567 1562
f 1538 1566 1568
f 1562 1567 1566
f 1567 1568 1566
f 1537 1538 1572
f 1439 1442 1570
f 1563 1537 1572
f 1570 1442 1573
f 1442 1407 1573
f 1573 1407 1575
f 1568 1576 1538
f 1407 1400 1575
f 1538 1576 1572
f 1575 1400 1545
f 1572 1574 1563
f 1550 1232 1233
f 1581 1571 1580
f 1358 1357 1569
f 1582 1585 1569
f 1583 1584 1580
f 1580 1584 1581
f 1585 1358 1569
f 1571 1581 1582
f 1581 1586 1582
f 1355 1358 1585
f 1586 1587 1582
f 1585 1582 1587
f 1588 1540 1539
f 1558 1562 1566
f 1558 1566 1538
f 1547 1552 1561
f 1552 1565 1561
f 1554 1555 1564
f 1564 1577 1554
f 1552 1577 1565
f 1571 1569 1561
f 1571 1561 1565
f 1235 1567 1234
f 1356 1561 1357
f 1561 1569 1357
f 1580 1577 1583
f 1577 1578 1583
f 1569 1571 1582
f 1564 1574 1578
f 1579 1546 1360
f 1546 1356 1360
f 1577 1552 1551
f 1553 1577 1551
f 1577 1553 1554
f 1564 1578 1577
f 1577 1580 1565
f 1580 1571 1565
f 1563 1574 1564
f 1352 1355 1585
f 1585 1587 1539
f 1587 1588 1539
f 1352 1585 1539
f 1592 1248 1246
f 1231 1596 1230
f 1246 1265 1592
f 1227 1593 1595
f 1252 1226 1589
f 1596 1599 1230
f 1252 1589 1590
f 1597 1589 1226
f 1230 1599 1597
f 1598 1231 1228
f 1225 1594 1593
f 1231 1598 1596
f 1250 1252 1590
f 1597 1226 1230
f 1228 1595 1598
f 1251 1594 1225
f 1225 1593 1227
f 1595 1228 1227
f 1249 1591 1247
f 1590 1600 1250
f 1250 1600 1249
f 1600 1591 1249
f 1594 1251 1248
f 1592 1594 1248
f 1602 1606 1241
f 1603 1601 1244
f 1245 1605 1244
f 1605 1603 1244
f 1601 1604 1243
f 1607 1245 1247
f 1244 1601 1243
f 1607 1247 1591
f 1604 1602 1242
f 1602 1241 1242
f 1604 1242 1243
f 1607 1605 1245
f 1608 1579 1360
f 1326 1608 1325
f 1325 1608 1360
f 1439 1570 1512
f 1512 1570 1536
f 1512 1536 1515
f 1613 1616 1614
f 1613 1637 1616
f 1621 1610 1611
f 1621 1611 1622
f 1624 1614 1625
f 1922 1618 1619
f 1624 1613 1614
f 1276 1621 1622
f 1922 1619 1627
f 1629 1624 1625
f 1630 1922 1627
f 1629 1625 1631
f 1633 1261 1634
f 1633 1260 1261
f 1636 1629 1631
f 1637 1630 1627
f 1636 1631 1638
f 1637 1627 1616
f 1640 1636 1638
f 1618 1633 1634
f 1618 1634 1619
f 1610 1640 1638
f 1610 1638 1611
f 1262 1095 1089
f 1644 1612 1639
f 1643 1644 1639
f 1642 1262 1089
f 1642 1635 1262
f 1643 1639 1632
f 1644 1645 1623
f 1643 1632 1626
f 1645 1283 1623
f 1644 1623 1612
f 1642 1620 1635
f 1642 1628 1620
f 1642 1617 1628
f 1642 1615 1617
f 1642 1626 1615
f 1642 1643 1626
f 1641 1643 1642
f 1518 1480 1454
f 1480 1531 1454
f 1454 1531 1646
f 1531 1648 1646
f 1648 1650 1646
f 1646 1650 1653
f 1171 1650 1191
f 1653 1650 1171
f 1654 1172 1656
f 1650 2245 1191
f 1452 1455 1647
f 1447 1452 1667
f 1052 1063 1672
f 1188 1668 1174
f 1174 1674 1670
f 1674 1677 1670
f 1677 1396 1679
f 1052 1672 1681
f 1670 1677 1679
f 1052 1681 1053
f 1053 1681 1058
f 1679 1396 1448
f 1058 1681 1683
f 1396 1394 1448
f 1174 1668 1674
f 1058 1683 1685
f 1058 1685 1056
f 1056 1685 1687
f 1056 1687 1197
f 1166 1164 1689
f 1195 1197 1668
f 1197 1687 1668
f 1195 1668 1188
f 1164 1174 1670
f 1689 1164 1670
f 1691 1695 1740
f 1697 1692 1263
f 1698 1695 1691
f 1698 1691 1692
f 1698 1700 1695
f 1701 1694 1699
f 1702 1701 1699
f 1700 1702 1699
f 1526 1536 1704
f 1702 1651 1701
f 1649 1701 1651
f 1702 1706 1651
f 1525 1709 1533
f 1525 1533 1527
f 1708 1704 1739
f 1710 1525 1524
f 1710 1709 1525
f 1712 1523 1526
f 1533 1709 1713
f 1710 1714 1709
f 1709 1714 1713
f 1524 1523 1712
f 1711 1533 1713
f 1710 1716 1715
f 1716 1704 1708
f 1714 1710 1715
f 1719 1716 1708
f 1718 1713 1714
f 1724 1719 1708
f 1723 1722 1718
f 1724 1708 1717
f 1724 1716 1719
f 1720 1532 1535
f 1727 1724 1717
f 1726 1729 1728
f 1715 1716 1724
f 1722 1732 1720
f 1726 1715 1724
f 1721 1727 1717
f 1726 1724 1727
f 1730 1728 1729
f 1731 1723 1730
f 1727 1729 1726
f 1732 1532 1720
f 1729 1733 1730
f 1729 1727 1721
f 1264 1729 1721
f 1733 1729 1264
f 1704 1712 1526
f 1704 1716 1712
f 1736 1732 1734
f 1733 1692 1731
f 1710 1524 1712
f 1264 1263 1733
f 1710 1712 1716
f 1720 1534 1711
f 1699 1694 1693
f 1696 1699 1693
f 1522 1694 1529
f 1272 1703 1697
f 1701 1529 1694
f 1703 1272 1737
f 1703 1737 1706
f 1703 1706 1705
f 1530 1529 1649
f 1701 1649 1529
f 1713 1718 1711
f 1728 1714 1715
f 1725 1714 1728
f 1728 1715 1726
f 1723 1718 1725
f 1711 1534 1533
f 1725 1728 1730
f 1722 1723 1734
f 1535 1534 1720
f 1722 1734 1732
f 1733 1731 1730
f 1532 1732 1736
f 1718 1720 1711
f 1696 1736 1734
f 1693 1521 1528
f 1736 1696 1693
f 1722 1720 1718
f 1694 1522 1521
f 1694 1521 1693
f 1699 1696 1695
f 1263 1272 1697
f 1697 1698 1692
f 1699 1695 1700
f 1698 1705 1702
f 1698 1702 1700
f 1697 1703 1705
f 1697 1705 1698
f 1702 1705 1706
f 1714 1725 1718
f 1734 1723 1735
f 1730 1723 1725
f 1731 1735 1723
f 1736 1528 1532
f 1735 1731 1692
f 1740 1734 1735
f 1693 1528 1736
f 1696 1734 1740
f 1691 1740 1735
f 1263 1692 1733
f 1691 1735 1692
f 1695 1696 1740
f 1570 1704 1536
f 1741 1704 1570
f 1741 1739 1704
f 1742 1739 1741
f 1742 1708 1739
f 1743 1717 1708
f 1743 1708 1742
f 1744 1717 1743
f 1744 1721 1717
f 1745 1721 1744
f 1745 1264 1721
f 1265 1264 1745
f 1746 1570 1573
f 1592 1789 1594
f 1741 1570 1746
f 1742 1741 1746
f 1742 1746 1747
f 1750 1748 1793
f 1749 1543 1541
f 1755 1750 1793
f 1756 1757 1753
f 1763 1761 1760
f 1764 1543 1749
f 1762 1755 1765
f 1767 1766 1763
f 1591 1762 1765
f 1769 1748 1750
f 1764 1749 1748
f 1770 1768 1767
f 1770 1771 1768
f 1775 1750 1755
f 1775 1769 1750
f 1769 1764 1748
f 1743 1742 1776
f 1762 1775 1755
f 1751 1753 1777
f 1751 1752 1753
f 1752 1751 1778
f 1753 1779 1777
f 1751 1764 1769
f 1751 1777 1764
f 1758 1752 1754
f 1600 1762 1591
f 1589 1758 1754
f 1756 1758 1759
f 1781 1775 1762
f 1597 1759 1758
f 1780 1543 1764
f 1778 1751 1769
f 1778 1769 1775
f 1780 1544 1543
f 1777 1780 1764
f 1600 1781 1762
f 1763 1760 1782
f 1761 1763 1766
f 1781 1778 1775
f 1590 1781 1600
f 1767 1763 1786
f 1766 1767 1768
f 1754 1778 1781
f 1779 1780 1777
f 1772 1771 1773
f 1590 1754 1781
f 1774 1773 1771
f 1773 1747 1772
f 1776 1747 1773
f 1776 1742 1747
f 1783 1776 1773
f 1743 1776 1783
f 1784 1780 1779
f 1785 1544 1780
f 1754 1752 1778
f 1756 1753 1752
f 1756 1752 1758
f 1784 1785 1780
f 1786 1763 1782
f 1770 1767 1787
f 1785 1545 1544
f 1784 1779 1753
f 1597 1758 1589
f 1783 1773 1774
f 1783 1774 1789
f 1757 1784 1753
f 1790 1785 1784
f 1744 1743 1783
f 1744 1783 1745
f 1791 1757 1756
f 1761 1790 1784
f 1791 1756 1759
f 1790 1545 1785
f 1757 1761 1784
f 1786 1782 1792
f 1787 1767 1786
f 1788 1770 1787
f 1599 1791 1759
f 1760 1757 1791
f 1760 1761 1757
f 1745 1783 1789
f 1794 1791 1599
f 1754 1590 1589
f 1782 1760 1791
f 1759 1597 1599
f 1794 1598 1782
f 1766 1790 1761
f 1792 1782 1598
f 1787 1786 1792
f 1794 1782 1791
f 1788 1787 1593
f 1788 1593 1594
f 1596 1794 1599
f 1789 1774 1594
f 1745 1789 1592
f 1766 1795 1790
f 1795 1545 1790
f 1755 1793 1808
f 1598 1794 1596
f 1795 1575 1545
f 1265 1745 1592
f 1768 1795 1766
f 1595 1792 1598
f 1595 1787 1792
f 1796 1575 1795
f 1772 1796 1795
f 1772 1795 1768
f 1796 1573 1575
f 1593 1787 1595
f 1771 1772 1768
f 1774 1771 1770
f 1746 1573 1796
f 1774 1770 1788
f 1594 1774 1788
f 1747 1796 1772
f 1747 1746 1796
f 1798 1800 1799
f 1540 1588 1798
f 1799 1801 1797
f 1801 1605 1797
f 1603 1801 1804
f 1802 1604 1814
f 1803 1801 1800
f 1803 1800 1798
f 1802 1602 1604
f 1806 1606 1602
f 1804 1601 1603
f 1803 1798 1807
f 1607 1591 1765
f 1804 1803 1809
f 1804 1809 1601
f 1587 1805 1588
f 1811 1809 1803
f 1807 1812 1803
f 1587 1813 1805
f 1813 1812 1807
f 1811 1803 1812
f 1576 1817 1572
f 1576 1806 1817
f 1568 1806 1576
f 1811 1818 1814
f 1818 1811 1812
f 1819 1806 1567
f 1813 1820 1812
f 1587 1586 1813
f 1814 1818 1802
f 1820 1813 1586
f 1810 1793 1748
f 1820 1584 1821
f 1584 1820 1581
f 1574 1822 1578
f 1765 1755 1808
f 1541 1810 1749
f 1808 1797 1765
f 1799 1808 1793
f 1605 1607 1797
f 1603 1605 1801
f 1799 1800 1801
f 1798 1588 1805
f 1803 1804 1801
f 1805 1807 1798
f 1809 1604 1601
f 1807 1805 1813
f 1814 1604 1809
f 1814 1809 1811
f 1821 1818 1812
f 1821 1812 1820
f 1820 1586 1581
f 1802 1818 1815
f 1815 1818 1821
f 1802 1815 1816
f 1822 1821 1584
f 1822 1815 1821
f 1816 1602 1802
f 1822 1584 1583
f 1602 1816 1817
f 1574 1815 1822
f 1816 1815 1574
f 1822 1583 1578
f 1572 1817 1816
f 1602 1817 1806
f 1572 1816 1574
f 1567 1806 1568
f 1819 1606 1806
f 1819 1241 1606
f 1567 1235 1819
f 1235 1241 1819
f 1748 1749 1810
f 1797 1607 1765
f 1799 1797 1808
f 1540 1810 1541
f 1810 1799 1793
f 1540 1798 1810
f 1799 1810 1798
f 1828 1825 1826
f 1550 1825 1827
f 1827 1825 1828
f 1827 1828 1206
f 1206 1828 1200
f 1833 1553 1549
f 1831 1832 1836
f 1200 1837 1823
f 1824 1835 1837
f 1200 1824 1837
f 1838 1834 1830
f 1548 1546 1579
f 1553 1839 1556
f 1839 1835 1824
f 1556 1840 1557
f 1556 1839 1824
f 1840 1556 1824
f 1826 1560 1840
f 1826 1840 1824
f 1826 1825 1560
f 1548 1841 1549
f 1823 1205 1200
f 1200 1826 1824
f 1826 1200 1828
f 1841 1833 1549
f 1836 1823 1837
f 1833 1841 1835
f 1206 1215 1827
f 1833 1835 1839
f 1229 1550 1827
f 1839 1553 1833
f 1840 1560 1557
f 1827 1215 1229
f 1838 1835 1841
f 1829 1548 1579
f 1548 1829 1834
f 1829 1830 1834
f 1831 1838 1830
f 1838 1831 1836
f 1548 1834 1841
f 1205 1823 1832
f 1838 1841 1834
f 1836 1832 1823
f 1836 1835 1838
f 1837 1835 1836
f 1846 1609 1327
f 1845 1847 1326
f 1851 1853 1829
f 1849 1848 1832
f 1855 1842 1845
f 1608 1851 1579
f 1849 1858 1848
f 1856 1858 1849
f 1850 1859 1852
f 1856 1831 1854
f 1856 1861 1858
f 1855 1857 1865
f 1863 1853 1608
f 1853 1862 1854
f 1853 1830 1829
f 1864 1872 1201
f 1862 1869 1854
f 1861 1205 1848
f 1861 1848 1858
f 1871 1844 1870
f 1863 1608 1847
f 1843 1870 1844
f 1861 1201 1205
f 1869 1871 1868
f 1850 1842 1855
f 1845 1869 1862
f 1845 1863 1847
f 1855 1859 1850
f 1870 1843 1861
f 1865 1857 1867
f 1857 1860 1867
f 1864 1852 1859
f 1843 1201 1861
f 1852 1864 1201
f 1845 1842 1869
f 1844 1871 1842
f 1844 1842 1850
f 1832 1848 1205
f 1832 1831 1849
f 1851 1829 1579
f 1854 1830 1853
f 1854 1831 1830
f 1831 1856 1849
f 1857 1855 1845
f 1855 1865 1859
f 1860 1857 1845
f 1860 1845 1326
f 1866 1864 1859
f 1866 1859 1865
f 1862 1863 1845
f 1853 1851 1608
f 1853 1863 1862
f 1869 1842 1871
f 1856 1868 1861
f 1868 1856 1854
f 1854 1869 1868
f 1868 1870 1861
f 1871 1870 1868
f 1852 1843 1844
f 1852 1844 1850
f 1852 1201 1843
f 1860 1874 1867
f 1866 1865 1867
f 1873 1867 1874
f 1873 1866 1867
f 1326 1874 1860
f 1866 1875 1864
f 1866 1876 1875
f 1874 1321 1877
f 1873 1876 1866
f 1876 1873 1877
f 1222 1879 1212
f 1881 1212 1879
f 1884 1880 1883
f 1881 1879 1882
f 1292 1877 1321
f 1344 1883 1346
f 1882 1315 1881
f 1334 1882 1884
f 1885 1345 1151
f 1153 1212 1885
f 1345 1885 1881
f 1151 1153 1885
f 1875 1872 1864
f 1222 1201 1872
f 1879 1222 1880
f 1882 1879 1880
f 1883 1880 1878
f 1884 1882 1880
f 1884 1883 1344
f 1344 1334 1884
f 1873 1874 1877
f 1878 1872 1875
f 1876 1878 1875
f 1872 1878 1880
f 1886 1876 1877
f 1222 1872 1880
f 1886 1877 1292
f 1886 1878 1876
f 1886 1292 1346
f 1883 1878 1886
f 1883 1886 1346
f 1315 1882 1334
f 1881 1885 1212
f 1308 1881 1315
f 1308 1345 1881
f 1678 1887 1336
f 1678 1336 1395
f 1675 1887 1678
f 1888 1890 1887
f 1888 1887 1675
f 1891 1890 1888
f 1891 1893 1890
f 1891 1260 1893
f 1894 1260 1891
f 1896 1927 1897
f 1896 1633 1927
f 1899 1900 1898
f 1901 1896 1897
f 1330 1898 1329
f 1330 1899 1898
f 1901 1897 1900
f 1902 1901 1900
f 1899 1902 1900
f 1893 1260 1633
f 1893 1633 1896
f 1890 1893 1896
f 1890 1896 1901
f 1887 1902 1899
f 1887 1890 1901
f 1887 1901 1902
f 1336 1887 1899
f 1336 1899 1330
f 1903 1621 1276
f 1903 1276 1904
f 1905 1903 1904
f 1906 1905 1904
f 1908 1905 1906
f 1907 1906 1309
f 1907 1908 1906
f 1312 1907 1309
f 1912 1624 1629
f 1912 1613 1624
f 1914 1912 1913
f 1915 1610 1621
f 1915 1621 1903
f 1918 1915 1903
f 1916 1914 1917
f 1637 1919 1630
f 1916 1919 1637
f 1918 1903 1908
f 1919 1916 1917
f 1917 1914 1920
f 1920 1921 1923
f 1920 1923 1917
f 1919 1922 1630
f 1919 1917 1923
f 1924 1918 1908
f 1925 1333 1329
f 1919 1926 1922
f 1924 1908 1907
f 1909 1610 1915
f 1928 1924 1907
f 1909 1640 1610
f 1929 1909 1915
f 1929 1915 1918
f 1312 1928 1907
f 1924 1929 1918
f 1909 1636 1640
f 1910 1636 1909
f 1910 1911 1636
f 1314 1928 1312
f 1636 1911 1629
f 1931 1910 1929
f 1912 1629 1911
f 1931 1929 1924
f 1932 1931 1924
f 1919 1923 1926
f 1928 1932 1924
f 1931 1911 1910
f 1276 1930 1904
f 1934 1932 1928
f 1319 1934 1928
f 1319 1928 1314
f 1935 1911 1931
f 1936 1935 1931
f 1936 1931 1932
f 1935 1912 1911
f 1935 1913 1912
f 1934 1936 1932
f 1909 1929 1910
f 1914 1613 1912
f 1937 1936 1934
f 1938 1913 1935
f 1938 1935 1936
f 1333 1934 1319
f 1333 1937 1934
f 1916 1637 1613
f 1916 1613 1914
f 1937 1938 1936
f 1920 1913 1938
f 1920 1914 1913
f 1921 1920 1938
f 1908 1903 1905
f 1921 1938 1937
f 1925 1921 1937
f 1333 1925 1937
f 1927 1618 1922
f 1933 1923 1921
f 1898 1921 1925
f 1927 1922 1926
f 1329 1898 1925
f 1898 1933 1921
f 1897 1927 1926
f 1900 1926 1923
f 1900 1897 1926
f 1900 1923 1933
f 1898 1900 1933
f 1633 1618 1927
f 1944 1930 1275
f 1941 1930 1944
f 1942 1945 1939
f 1941 1945 1942
f 1945 1943 1939
f 1279 1944 1275
f 1941 1944 1946
f 1299 1302 1955
f 1947 1299 1955
f 1941 1946 1950
f 1941 1950 1945
f 1950 1948 1945
f 1948 1951 1943
f 1948 1950 1952
f 1950 1954 1952
f 1952 1953 1948
f 1951 1948 1953
f 1947 1293 1299
f 1955 1951 1953
f 1285 1293 1958
f 1952 1954 1960
f 1952 1960 1953
f 1955 1303 1951
f 1274 1949 1961
f 1278 1949 1274
f 1960 1954 1961
f 1277 1297 1963
f 1277 1963 1964
f 1277 1965 1297
f 1956 1962 1960
f 1961 1957 1960
f 1957 1956 1960
f 1332 1339 1967
f 1967 1339 1966
f 1966 1964 1967
f 1966 1278 1964
f 1940 1305 1309
f 1275 1930 1276
f 1939 1943 1940
f 1943 1305 1940
f 1948 1943 1945
f 1305 1951 1303
f 1946 1944 1279
f 1955 1953 1962
f 1960 1962 1953
f 1939 1309 1906
f 1273 1946 1279
f 1951 1305 1943
f 1273 1950 1946
f 1273 1954 1950
f 1303 1955 1302
f 1961 1954 1274
f 1962 1947 1955
f 1947 1962 1956
f 1961 1949 1957
f 1958 1947 1956
f 1958 1293 1947
f 1339 1285 1959
f 1959 1285 1958
f 1959 1958 1956
f 1957 1966 1959
f 1957 1959 1956
f 1966 1957 1949
f 1966 1339 1959
f 1963 1332 1967
f 1963 1311 1332
f 1966 1949 1278
f 1964 1963 1967
f 1297 1311 1963
f 1277 1964 1278
f 1340 1297 1965
f 1152 1340 1965
f 1277 1154 1965
f 1154 1152 1965
f 1939 1940 1309
f 1906 1904 1942
f 1942 1939 1906
f 1942 1904 1930
f 1942 1930 1941
f 2024 1179 1969
f 1179 1180 1969
f 2141 1137 2140
f 1134 1973 1974
f 1972 1068 1975
f 1972 1975 1971
f 1068 1064 1975
f 1973 1970 1976
f 1970 1971 1977
f 1973 1976 1974
f 1970 1977 1976
f 1971 1975 1977
f 1975 1064 1985
f 1077 1074 1987
f 1979 1077 1987
f 1981 1980 1990
f 1980 1988 1990
f 1977 1975 1991
f 1975 1985 1991
f 1065 1084 1984
f 1981 1990 1982
f 1977 1991 1992
f 1976 1977 1992
f 1988 1073 1993
f 1976 1992 1994
f 1976 1994 1137
f 1988 1993 1995
f 1990 1988 1995
f 1974 1976 1137
f 1982 1990 1996
f 1990 1995 1996
f 1073 1068 1993
f 1982 1996 1973
f 1989 1982 1973
f 1989 1973 1134
f 1996 1995 1970
f 1995 1993 1971
f 1995 1971 1970
f 1993 1068 1972
f 1993 1972 1971
f 1973 1996 1970
f 1123 1124 1989
f 1134 1123 1989
f 1989 1124 1982
f 1124 1125 1982
f 1982 1125 1981
f 1981 1125 1980
f 1125 1129 1980
f 1128 1086 1077
f 1979 1128 1077
f 1655 2000 1647
f 1998 1655 1657
f 1658 1998 1657
f 2002 1667 2000
f 1999 1658 1170
f 2000 1997 2003
f 1169 2001 1999
f 1169 2004 2001
f 2006 2003 2001
f 2007 1447 1667
f 2002 2000 2003
f 2008 2005 2006
f 2000 1667 1647
f 2001 2004 2006
f 1667 1452 1647
f 2006 1690 1671
f 2006 1671 2008
f 2007 2005 2008
f 2002 2007 1667
f 1998 1658 2001
f 2005 2007 2002
f 2004 1169 1165
f 2005 2003 2006
f 2005 2002 2003
f 2009 1447 2007
f 2007 2008 2009
f 2004 1690 2006
f 1997 2001 2003
f 1680 1447 2009
f 1690 2004 1165
f 1671 2009 2008
f 1671 1680 2009
f 2001 1658 1999
f 1997 2000 1998
f 2001 1997 1998
f 1998 2000 1655
f 1269 2010 1663
f 1237 1238 1665
f 1269 1267 2010
f 1271 1269 1663
f 1271 1663 1661
f 1652 1738 1659
f 1267 1237 1665
f 1707 1738 1652
f 1267 1665 2010
f 1271 1661 1659
f 1738 1271 1659
f 1669 1889 1676
f 1892 1889 1669
f 1892 1669 1688
f 1895 1892 1688
f 1259 1895 1688
f 1259 1688 1686
f 1259 1686 1684
f 1257 1259 1684
f 1257 1684 1682
f 1255 1682 1673
f 1255 1257 1682
f 1255 1673 1062
f 1255 1062 1083
f 2012 1183 2014
f 2014 1183 1185
f 2014 1185 2015
f 1185 1186 2015
f 2015 1186 2016
f 2016 1186 1162
f 2018 2016 1162
f 1180 1968 1969
f 1969 1968 2020
f 1968 1183 2020
f 2020 1183 2012
f 2022 1050 2023
f 1050 1179 2023
f 2023 1179 2024
f 1039 1040 2026
f 2026 1040 2027
f 2027 1040 2029
f 1040 1049 2029
f 2029 1049 2031
f 1049 1050 2031
f 2031 1050 2022
f 2063 1041 2026
f 2026 1041 1039
f 1048 1051 2033
f 2033 1051 2035
f 1051 1041 2035
f 2035 1041 2063
f 2037 1044 2039
f 1044 1045 2040
f 2039 1044 2040
f 1045 1046 2042
f 2040 1045 2042
f 1046 1047 2044
f 2042 1046 2044
f 2044 1047 2033
f 1047 1048 2033
f 1042 1043 2048
f 2046 1042 2048
f 2048 1043 2037
f 1043 1044 2037
f 2050 1178 2052
f 1178 1181 2052
f 2052 1181 2054
f 1181 1182 2056
f 2054 1181 2056
f 1182 1042 2046
f 2056 1182 2046
f 1178 2050 2058
f 1162 2060 2018
f 1178 2060 1162
f 1178 2058 2060
f 2062 1363 1377
f 2062 2063 2026
f 1377 2063 2062
f 2062 2026 1363
f 2064 1363 2026
f 2026 2028 2064
f 2063 1377 2036
f 2064 1364 1363
f 2036 1380 2034
f 2036 1377 1380
f 2030 2064 2028
f 2065 2034 1380
f 1365 1364 2064
f 1366 2064 2030
f 2065 1380 1386
f 2045 2034 2065
f 2030 2066 1366
f 2031 2067 2029
f 1384 2065 1386
f 2045 1385 2043
f 2045 2065 1385
f 2066 1391 1366
f 2032 2022 2066
f 1385 1375 2041
f 2043 1385 2041
f 2041 1375 1372
f 2039 2040 1373
f 2038 2039 1373
f 2068 1432 1459
f 1459 1391 2066
f 2023 1459 2066
f 2024 2069 2023
f 2023 2066 2022
f 1969 2070 2025
f 2023 2068 1459
f 2038 1373 2049
f 1373 1369 2049
f 1369 2047 2049
f 2021 2013 2071
f 1470 2021 2071
f 2071 1503 1470
f 2068 1470 1432
f 2021 1470 2068
f 2020 2070 1969
f 1506 1503 2071
f 2014 1507 2071
f 2014 2071 2013
f 2017 1510 2072
f 2017 2072 2015
f 1510 1507 2072
f 2072 2014 2015
f 1507 2014 2072
f 1403 2053 2055
f 1403 2055 2057
f 1403 2057 1405
f 1405 2057 2047
f 1405 2047 1369
f 1445 1510 2017
f 2019 1445 2017
f 1403 1519 2051
f 2053 1403 2051
f 2073 2019 2061
f 2051 1519 2059
f 2073 1445 2019
f 2061 1450 2073
f 2059 1519 1461
f 1450 1445 2073
f 1461 1450 2061
f 1461 2061 2059
f 1176 1168 1032
f 1035 1176 1032
f 1190 1035 1199
f 1190 1176 1035
f 1192 1190 1199
f 2075 1091 2074
f 2075 1089 1091
f 2076 1089 2075
f 1642 1089 2076
f 2080 2081 2077
f 2078 2081 2080
f 2082 2078 2080
f 2079 2082 2080
f 2079 2080 1641
f 2075 2083 2078
f 2075 2078 2082
f 1641 2076 2079
f 2076 2082 2079
f 2076 2075 2082
f 1642 2076 1641
f 2074 2083 2075
f 1641 2084 1643
f 2089 2091 2085
f 2091 2090 2085
f 2089 2088 2087
f 1643 2089 2087
f 2084 2091 2089
f 2091 2077 2090
f 2085 2086 2088
f 2089 2085 2088
f 2084 2089 1643
f 2091 2080 2077
f 2084 1641 2080
f 2084 2080 2091
f 2093 2088 2086
f 2093 2086 2092
f 2108 2087 2088
f 2108 2088 2093
f 1644 1643 2087
f 1644 2087 2108
f 2095 2096 2099
f 2098 1147 1146
f 1645 2099 2097
f 1645 2095 2099
f 2101 2100 2094
f 2098 1146 1281
f 2101 2094 2095
f 2102 2098 1281
f 2103 2095 1645
f 2103 2101 2095
f 2102 1281 1283
f 2101 2104 2100
f 1644 2103 1645
f 2107 2102 1283
f 2103 2106 2101
f 2106 2104 2101
f 2108 2106 2103
f 2106 2092 2104
f 1644 2108 2103
f 2093 2092 2106
f 2102 2105 2098
f 2099 2105 2102
f 2108 2093 2106
f 2107 1283 1645
f 2095 2094 2096
f 2097 2099 2102
f 2099 2096 2105
f 2097 2102 2107
f 1645 2097 2107
f 2074 1092 2109
f 2109 1092 1133
f 2074 2109 2110
f 1092 1081 1076
f 1133 1092 1076
f 2098 2111 1147
f 2113 2111 2098
f 2105 2113 2098
f 2115 2113 2105
f 2096 2115 2105
f 2094 2115 2096
f 2117 2115 2094
f 2100 2117 2094
f 2118 2117 2100
f 2104 2118 2100
f 2120 2118 2104
f 2092 2120 2104
f 2122 2120 2092
f 2122 2092 2086
f 2124 2122 2086
f 2086 2125 2124
f 2085 2125 2086
f 2085 2126 2125
f 2090 2126 2085
f 2077 2127 2126
f 2077 2126 2090
f 2081 2127 2077
f 2081 2128 2127
f 2078 2128 2081
f 2078 2129 2128
f 2083 2129 2078
f 2083 2110 2129
f 2074 2110 2083
f 1133 1122 2109
f 2110 1122 1105
f 2109 1122 2110
f 2129 2110 1105
f 1112 2130 1104
f 1112 1109 2130
f 1140 2128 1109
f 2127 2128 1140
f 1109 2128 2130
f 2131 2132 2133
f 2124 2125 2131
f 2132 2126 2133
f 2132 2125 2126
f 2133 2127 1140
f 2133 2126 2127
f 2131 2125 2132
f 2131 2123 2124
f 2131 1136 2123
f 2119 1136 1135
f 2112 2114 1138
f 1136 2121 2123
f 2144 2112 1138
f 2143 2144 1138
f 2119 1135 2117
f 2115 2117 1135
f 2121 1136 2119
f 1138 2116 1135
f 1138 2114 2116
f 1253 2263 1239
f 1052 1054 1060
f 1063 1052 1060
f 1994 2157 2155
f 1994 2155 2156
f 2154 1992 1991
f 1992 2153 2157
f 1991 2152 2154
f 1991 2150 2152
f 1985 2149 2150
f 1137 2143 1138
f 1137 2156 2140
f 1084 2151 2134
f 1084 2148 1984
f 2111 2135 1147
f 1020 73 992
f 874 1025 1027
f 872 1023 1024
f 871 1022 1021
f 72 73 1019
f 72 1016 1026
f 2144 2136 2112
f 1994 1992 2157
f 2154 2153 1992
f 1991 1985 2150
f 1137 2142 2143
f 1137 1994 2156
f 1084 2134 2148
f 1203 2185 2188
f 2183 2191 2172
f 141 2169 2173
f 1217 2161 1214
f 1209 2167 2186
f 128 2163 131
f 1211 2165 2167
f 1224 2189 2184
f 134 2161 2158
f 1220 2178 1218
f 1224 2181 1221
f 138 2159 2170
f 131 2165 1158
f 123 2174 129
f 141 2193 124
f 1203 1208 2185
f 2160 2162 2172
f 2179 2182 2183
f 2183 2190 2191
f 2187 2168 2190
f 2166 2164 2191
f 2175 2191 2164
f 2172 2171 2160
f 2162 2179 2183
f 2190 2168 2166
f 2166 2191 2190
f 2172 2162 2183
f 141 137 2169
f 1217 2177 2161
f 1209 1211 2167
f 128 2176 2163
f 1211 1158 2165
f 1224 1204 2189
f 134 1214 2161
f 1220 2180 2178
f 1224 2184 2181
f 138 135 2159
f 131 2163 2165
f 123 2192 2174
f 141 2173 2193
f 26 2195 2199
f 1038 2204 1059
f 1029 2207 2208
f 1058 2203 1053
f 1053 2202 1052
f 11 2196 2215
f 2 2216 2218
f 1052 2201 25
f 2246 1660 2247
f 2199 31 26
f 2226 2011 2225
f 2260 555 2259
f 2229 1664 2228
f 2241 551 549
f 2227 1664 2011
f 2239 2238 891
f 2242 549 539
f 2234 2233 551
f 2232 2235 1660
f 2267 891 2238
f 2250 2254 1171
f 2252 111 91
f 2208 2209 1029
f 2248 2247 1660
f 2223 1666 2265
f 2262 1666 1239
f 2224 2011 1666
f 2260 2261 1240
f 2243 2244 549
f 2239 553 2236
f 2229 2230 1662
f 2263 2262 1239
f 2210 2211 1029
f 2257 2259 555
f 2209 2210 1029
f 2231 1662 2230
f 2237 553 551
f 2218 2214 2
f 2194 2195 25
f 2214 2213 2
f 2244 2241 549
f 142 1240 2261
f 111 2253 2242
f 2249 1191 2245
f 1650 2246 2245
f 1253 2264 2263
f 26 25 2195
f 1038 1030 2206
f 2206 2204 1038
f 1030 2212 2206
f 1058 2205 2203
f 1053 2203 2202
f 2217 3 2215
f 11 32 2197
f 11 2197 2196
f 2215 3 11
f 1052 2202 2201
f 2246 1650 1660
f 2199 2198 31
f 2226 2227 2011
f 2260 1240 555
f 2229 1662 1664
f 2241 2240 551
f 2227 2228 1664
f 2242 2243 549
f 551 2240 2234
f 2233 2237 551
f 1660 2231 2232
f 2235 2248 1660
f 2267 555 891
f 1191 2249 2250
f 2250 2251 2254
f 2254 2255 2256
f 1171 1191 2250
f 2254 2256 1171
f 91 2222 2221
f 2220 2219 91
f 91 2221 2220
f 2253 111 2252
f 2219 2252 91
f 2223 2224 1666
f 2262 2265 1666
f 2224 2225 2011
f 2239 891 553
f 555 2267 2258
f 2258 2257 555
f 2231 1660 1662
f 2237 2236 553
f 25 2201 2200
f 2200 2194 25
g object_2
v 0.01526 0.02944 0.06846
v 0.01526 0.02914 0.06963
v 0.01526 0.02944 -0.06846
v 0.01525 0.01639 -0.06939
v 0.01525 0.02121 -0.07093
v 0.01526 0.02514 -0.07196
v 0.01526 0.02623 -0.07189
v 0.01526 0.02729 -0.07155
v 0.01526 0.02822 -0.07088
v 0.01526 0.02883 -0.07016
v 0.01526 0.02832 0.07079
v 0.01526 0.02723 0.07159
v 0.01526 0.02924 -0.06932
v 0.01526 0.01407 0.06639
v 0.01526 0.01406 -0.06631
v 0.01526 0.02569 0.07197
v 0.01526 0.02459 0.07186
v 0.01525 0.01446 -0.06755
v 0.01526 0.01525 -0.06862
v 0.01526 0.01621 0.06931
v 0.01526 0.01511 0.06847
v 0.01526 0.01449 0.06759
v 0.01526 0.02062 0.07075
v -0.01526 0.02944 0.06846
v -0.01526 0.02914 0.06963
v -0.01526 0.02944 -0.06846
v -0.01525 0.01639 -0.06939
v -0.01525 0.02121 -0.07093
v -0.01526 0.02514 -0.07196
v -0.01526 0.02623 -0.07189
v -0.01526 0.02729 -0.07155
v -0.01526 0.02822 -0.07088
v -0.01526 0.02883 -0.07016
v -0.01526 0.02832 0.07079
v -0.01526 0.02723 0.07159
v -0.01526 0.02924 -0.06932
v -0.01526 0.01407 0.06639
v -0.01526 0.01406 -0.06631
v -0.01526 0.02569 0.07197
v -0.01526 0.02459 0.07186
v -0.01525 0.01446 -0.06755
v -0.01526 0.01525 -0.06862
v -0.01526 0.01621 0.06931
v -0.01526 0.01511 0.06847
v -0.01526 0.01449 0.06759
v -0.01526 0.02062 0.07075
f 2282 2270 2268
f 2293 2305 2291
f 2280 2270 2273
f 2268 2269 2278
f 2278 2279 2283
f 2283 2284 2278
f 2290 2287 2281
f 2288 2289 2287
f 2281 2282 2268
f 2285 2286 2271
f 2271 2282 2285
f 2273 2274 2280
f 2275 2276 2274
f 2277 2280 2276
f 2268 2278 2284
f 2284 2290 2268
f 2289 2281 2287
f 2271 2272 2282
f 2274 2276 2280
f 2270 2282 2272
f 2290 2281 2268
f 2272 2273 2270
f 2312 2311 2310
f 2310 2313 2304
f 2307 2306 2301
f 2302 2301 2306
f 2292 2291 2301
f 2293 2303 2297
f 2300 2299 2303
f 2298 2297 2299
f 2296 2293 2297
f 2294 2309 2308
f 2308 2305 2294
f 2304 2312 2310
f 2313 2307 2291
f 2301 2291 2307
f 2303 2299 2297
f 2296 2295 2293
f 2294 2305 2295
f 2304 2313 2291
f 2291 2305 2304
f 2295 2305 2293
g object_3
v 0.02018 0.003072 -0.01585
v 0.02018 0.003072 -0.01585
v 0.02018 0.003072 -0.01585
v 0.01839 0.003001 -0.02087
v 0.01839 0.003001 -0.02087
v 0.01839 0.003001 -0.02087
v 0.01839 0.003001 -0.02087
v 0.01782 0.003204 -0.0207
v 0.01782 0.003204 -0.0207
v 0.01917 0.003 -0.01478
v 0.01917 0.003 -0.01478
v 0.01888 0.0032 -0.0149
v 0.01888 0.0032 -0.0149
v 0.01912 0.003201 -0.02033
v 0.01912 0.003201 -0.02033
v 0.01739 0.00306 -0.01459
v 0.01739 0.00306 -0.01459
v 0.01739 0.00306 -0.01459
v 0.02006 0.003077 -0.01965
v 0.02006 0.003077 -0.01965
v 0.02006 0.003077 -0.01965
v 0.02006 0.003077 -0.01965
v 0.02096 0.003002 -0.01804
v 0.02096 0.003002 -0.01804
v 0.02096 0.003002 -0.01804
v 0.02065 0.0032 -0.01822
v 0.02065 0.0032 -0.01822
v 0.02059 0.0032 -0.01688
v 0.02059 0.0032 -0.01688
v -0.002629 0.0005 -0.01455
v -0.002629 0.0005 -0.01455
v -0.001612 0.001495 -0.01575
v -0.001612 0.001495 -0.01575
v -0.006113 0.001485 -0.01456
v -0.006113 0.001485 -0.01456
v -0.007183 0.0005 -0.01295
v -0.007183 0.0005 -0.01295
v -0.009606 0.00151 -0.01253
v -0.009606 0.00151 -0.01253
v -0.01021 0.0005 -0.01068
v -0.01021 0.0005 -0.01068
v -0.0124 0.001511 -0.00977
v -0.0124 0.001511 -0.00977
v -0.01285 0.0005 -0.007397
v -0.01285 0.0005 -0.007397
v -0.01422 0.001491 -0.006838
v -0.01422 0.001491 -0.006838
v -0.01451 0.0005 -0.002915
v -0.01451 0.0005 -0.002915
v -0.01539 0.0015 -0.003536
v -0.01539 0.0015 -0.003536
v -0.01577 0.0015 7.7E-05
v -0.01577 0.0015 7.7E-05
v -0.01476 0.0005 0.000813
v -0.01476 0.0005 0.000813
v -0.01536 0.0015 0.003655
v -0.01536 0.0015 0.003655
v -0.0138 0.0005 0.005392
v -0.0138 0.0005 0.005392
v -0.0136 0.001507 0.008097
v -0.0136 0.001507 0.008097
v -0.01136 0.0005 0.009479
v -0.01136 0.0005 0.009479
v -0.01067 0.001509 0.01164
v -0.01067 0.001509 0.01164
v -0.007585 0.0005 0.01275
v -0.007585 0.0005 0.01275
v -0.007468 0.001511 0.01391
v -0.007468 0.001511 0.01391
v -0.003531 0.001495 0.01541
v -0.003531 0.001495 0.01541
v -0.002376 0.0005 0.01462
v -0.002376 0.0005 0.01462
v 5.5E-05 0.001503 0.01576
v 5.5E-05 0.001503 0.01576
v -0.004697 0.004 -0.03125
v -0.004697 0.004 -0.03125
v -0.009214 0.003 -0.02918
v -0.009214 0.003 -0.02918
v -0.01237 0.004 -0.02904
v -0.01237 0.004 -0.02904
v -0.01574 0.003 -0.02618
v -0.01574 0.003 -0.02618
v -0.01636 0.004001 -0.02698
v -0.01636 0.004001 -0.02698
v -0.01636 0.004001 -0.02698
v -0.01984 0.003 -0.0232
v -0.01984 0.003 -0.0232
v -0.0211 0.004 -0.02343
v -0.0211 0.004 -0.02343
v -0.02441 0.003 -0.01845
v -0.02441 0.003 -0.01845
v -0.02421 0.004 -0.02019
v -0.02421 0.004 -0.02019
v -0.02683 0.004 -0.01655
v -0.02683 0.004 -0.01655
v -0.02865 0.003 -0.01077
v -0.02865 0.003 -0.01077
v -0.02891 0.004 -0.01256
v -0.02891 0.004 -0.01256
v -0.0304 0.004 -0.008328
v -0.0304 0.004 -0.008328
v -0.03052 0.003 -0.002199
v -0.03052 0.003 -0.002199
v -0.03128 0.004 -0.003923
v -0.03128 0.004 -0.003923
v -0.03152 0.004 0.000562
v -0.03152 0.004 0.000562
v -0.02989 0.003 0.006551
v -0.02989 0.003 0.006551
v -0.03112 0.004 0.005035
v -0.03112 0.004 0.005035
v -0.03009 0.004 0.009407
v -0.03009 0.004 0.009407
v -0.02681 0.003 0.01476
v -0.02681 0.003 0.01476
v -0.02845 0.004 0.01359
v -0.02845 0.004 0.01359
v -0.02623 0.004 0.01749
v -0.02623 0.004 0.01749
v -0.02152 0.003 0.02176
v -0.02152 0.003 0.02176
v -0.02348 0.004 0.02104
v -0.02348 0.004 0.02104
v -0.01979 0.004001 0.02456
v -0.01979 0.004001 0.02456
v -0.01574 0.003 0.02618
v -0.01574 0.003 0.02618
v -0.01604 0.004005 0.02719
v -0.01604 0.004005 0.02719
v -0.01604 0.004005 0.02719
v -0.009214 0.003 0.02918
v -0.009214 0.003 0.02918
v -0.008954 0.004 0.0303
v -0.008954 0.004 0.0303
v -0.00215 0.003 0.03047
v -0.00215 0.003 0.03047
v -0.002155 0.004 0.03146
v -0.002155 0.004 0.03146
v 0.02012 0.0095 -0.01589
v 0.02012 0.0095 -0.01589
v 0.01739 0.0095 -0.0207
v 0.01739 0.0095 -0.0207
v 0.0188 0.0095 -0.01484
v 0.0188 0.0095 -0.01484
v 0.01888 0.0095 -0.02045
v 0.01888 0.0095 -0.02045
v 0.02008 0.0095 -0.01953
v 0.02008 0.0095 -0.01953
v 0.02008 0.0095 -0.01953
v 0.01661 0.0095 -0.01479
v 0.01661 0.0095 -0.01479
v 0.02075 0.0095 -0.01762
v 0.02075 0.0095 -0.01762
v -0.001451 0.003 -0.01576
v -0.001451 0.003 -0.01576
v -0.005659 0.003 -0.01472
v -0.005659 0.003 -0.01472
v -0.008796 0.003 -0.01311
v -0.008796 0.003 -0.01311
v -0.0123 0.003 -0.009966
v -0.0123 0.003 -0.009966
v -0.01511 0.003 -0.004793
v -0.01511 0.003 -0.004793
v -0.01579 0.003 0.000275
v -0.01579 0.003 0.000275
v -0.01504 0.003 0.004922
v -0.01504 0.003 0.004922
v -0.01289 0.003 0.00912
v -0.01289 0.003 0.00912
v -0.01052 0.003 0.01175
v -0.01052 0.003 0.01175
v -0.006979 0.003 0.01421
v -0.006979 0.003 0.01421
v -0.002848 0.003 0.01551
v -0.002848 0.003 0.01551
v -0.01944 0.0105 7.3E-05
v -0.01944 0.0105 7.3E-05
v -0.01944 0.007 -7.3E-05
v -0.01944 0.007 -7.3E-05
v -0.02367 0.0105 0.005378
v -0.02367 0.0105 0.005378
v -0.02405 0.007 0.005505
v -0.02405 0.007 0.005505
v -0.02002 0.0105 -0.00243
v -0.02002 0.0105 -0.00243
v -0.02009 0.007 -0.002557
v -0.02009 0.007 -0.002557
v -0.02158 0.0105 0.004354
v -0.02158 0.0105 0.004354
v -0.02147 0.007 0.004265
v -0.02147 0.007 0.004265
v -0.02147 0.0105 -0.004265
v -0.02147 0.0105 -0.004265
v -0.02158 0.007 -0.004354
v -0.02158 0.007 -0.004354
v -0.02009 0.0105 0.002557
v -0.02009 0.0105 0.002557
v -0.02002 0.007 0.00243
v -0.02002 0.007 0.00243
v -0.02311 0.0105 -0.005178
v -0.02311 0.0105 -0.005178
v -0.02367 0.007 -0.005378
v -0.02367 0.007 -0.005378
v -0.02492 0.0105 -0.005538
v -0.02492 0.0105 -0.005538
v -0.0267 0.007 -0.005338
v -0.0267 0.007 -0.005338
v 0.03055 0.0105 0.000479
v 0.03055 0.0105 0.000479
v 0.03055 0.0105 0.000479
v 0.03055 0.0105 0.000479
v 0.0267 0.007 0.005338
v 0.0267 0.007 0.005338
v 0.0298 0.0105 -0.00289
v 0.0298 0.0105 -0.00289
v 0.02907 0.007 -0.00385
v 0.02907 0.007 -0.00385
v 0.02696 0.0105 0.005165
v 0.02696 0.0105 0.005165
v 0.02925 0.0105 0.003646
v 0.02925 0.0105 0.003646
v 0.02925 0.0105 0.003646
v 0.02966 0.007 0.003114
v 0.02966 0.007 0.003114
v 0.02966 0.007 0.003114
v 0.02779 0.0105 -0.004768
v 0.02779 0.0105 -0.004768
v 0.02616 0.007 -0.00544
v 0.02616 0.007 -0.00544
v 0.02591 0.0105 -0.005457
v 0.02591 0.0105 -0.005457
v 0.03058 0.007 -0.000471
v 0.03058 0.007 -0.000471
v 0.0269 0.003 -0.002704
v 0.0269 0.003 -0.002704
v 0.0269 0.003 -0.002704
v 0.02681 0.007 -0.002766
v 0.02681 0.007 -0.002766
v 0.02681 0.007 -0.002766
v 0.02583 0.007 0.003199
v 0.02583 0.007 0.003199
v 0.02452 0.003 0.003313
v 0.02452 0.003 0.003313
v 0.0269 0.003 0.002704
v 0.0269 0.003 0.002704
v 0.0244 0.007 -0.003295
v 0.0244 0.007 -0.003295
v 0.0244 0.007 -0.003295
v 0.02747 0.007 0.002169
v 0.02747 0.007 0.002169
v 0.02805 0.003 0.001215
v 0.02805 0.003 0.001215
v 0.02815 0.007 0.000874
v 0.02815 0.007 0.000874
v 0.02822 0.003 -0.000834
v 0.02822 0.003 -0.000834
v 0.02822 0.003 -0.000834
v 0.02819 0.007 -0.000945
v 0.02819 0.007 -0.000945
v 0.02819 0.007 -0.000945
v -0.0225 0.007 -0.002196
v -0.0225 0.007 -0.002196
v -0.0231 0.003 -0.002704
v -0.0231 0.003 -0.002704
v -0.02429 0.007 0.003206
v -0.02429 0.007 0.003206
v -0.02601 0.003 0.003169
v -0.02601 0.003 0.003169
v -0.02601 0.003 0.003169
v -0.02408 0.003 0.00314
v -0.02408 0.003 0.00314
v -0.0247 0.007 -0.003311
v -0.0247 0.007 -0.003311
v -0.02477 0.003 -0.003265
v -0.02477 0.003 -0.003265
v -0.02292 0.007 0.002527
v -0.02292 0.007 0.002527
v -0.02247 0.003 0.002148
v -0.02247 0.003 0.002148
v -0.02194 0.007 0.001219
v -0.02194 0.007 0.001219
v -0.02175 0.003 0.000404
v -0.02175 0.003 0.000404
v -0.02175 0.007 -0.000404
v -0.02175 0.007 -0.000404
v -0.02193 0.003 -0.001167
v -0.02193 0.003 -0.001167
v -0.01503 0.01303 -0.02784
v -0.015 0.01209 -0.02826
v -0.01484 0.01054 -0.02843
v -0.01484 0.01054 -0.02843
v -0.01502 0.01312 0.02785
v -0.01499 0.01211 0.02824
v -0.01499 0.01211 0.02824
v 0.005091 0.004059 0.05397
v -0.01484 0.01053 0.02844
v -0.01484 0.01053 0.02844
v -0.007413 0.004 0.03201
v -0.007269 0.004058 0.05397
v 0.01606 0.004004 -0.0272
v 0.01606 0.004004 -0.0272
v 0.01606 0.004004 -0.0272
v 0.01752 0.009611 -0.02619
v 0.01752 0.009611 -0.02619
v 0.02073 0.0095 -0.02375
v 0.02073 0.0095 -0.02375
v 0.0211 0.004 -0.02343
v 0.0211 0.004 -0.02343
v 0.02388 0.0095 -0.02058
v 0.02388 0.0095 -0.02058
v 0.02421 0.004 -0.02019
v 0.02421 0.004 -0.02019
v 0.02656 0.0095 -0.01698
v 0.02656 0.0095 -0.01698
v 0.02683 0.004 -0.01655
v 0.02683 0.004 -0.01655
v 0.0287 0.0095 -0.01305
v 0.0287 0.0095 -0.01305
v 0.02891 0.004 -0.01256
v 0.02891 0.004 -0.01256
v 0.03026 0.0095 -0.008847
v 0.03026 0.0095 -0.008847
v 0.03041 0.004 -0.008328
v 0.03041 0.004 -0.008328
v 0.03121 0.0095 -0.004469
v 0.03121 0.0095 -0.004469
v 0.03128 0.004 -0.003923
v 0.03128 0.004 -0.003923
v 0.03153 0.0095 0
v 0.03153 0.0095 0
v 0.03152 0.004 0.000562
v 0.03152 0.004 0.000562
v 0.03121 0.0095 0.004469
v 0.03121 0.0095 0.004469
v 0.03112 0.004 0.005035
v 0.03112 0.004 0.005035
v 0.03026 0.0095 0.008847
v 0.03026 0.0095 0.008847
v 0.03009 0.004 0.009407
v 0.03009 0.004 0.009407
v 0.0287 0.0095 0.01305
v 0.0287 0.0095 0.01305
v 0.02845 0.004 0.01359
v 0.02845 0.004 0.01359
v 0.02656 0.0095 0.01698
v 0.02656 0.0095 0.01698
v 0.02623 0.004 0.01749
v 0.02623 0.004 0.01749
v 0.02388 0.0095 0.02058
v 0.02388 0.0095 0.02058
v 0.02348 0.004 0.02104
v 0.02348 0.004 0.02104
v 0.02073 0.0095 0.02375
v 0.02073 0.0095 0.02375
v 0.0198 0.004001 0.02456
v 0.0198 0.004001 0.02456
v 0.01752 0.009621 0.02619
v 0.01752 0.009621 0.02619
v 0.01632 0.004005 0.02698
v 0.01632 0.004005 0.02698
v 0.01632 0.004005 0.02698
v 0.0144 0.003002 -0.01804
v 0.0144 0.003002 -0.01804
v 0.0144 0.003002 -0.01804
v 0.0144 0.003002 -0.01804
v 0.01574 0.003 0.001452
v 0.01574 0.003 0.001452
v 0.02177 0.003 0.000712
v 0.02177 0.003 0.000712
v 0.02177 0.003 0.000712
v 0.005005 0.003 0.03019
v 0.005005 0.003 0.03019
v 0.001452 0.003 0.01576
v 0.001452 0.003 0.01576
v 0.02964 0.003 -0.007622
v 0.02964 0.003 -0.007622
v 0.00698 0.003 -0.01421
v 0.00698 0.003 -0.01421
v 0.02452 0.003 -0.003313
v 0.02452 0.003 -0.003313
v 0.02452 0.003 -0.003313
v 0.02072 0.003 -0.02252
v 0.02072 0.003 -0.02252
v 0.002849 0.003 -0.01551
v 0.002849 0.003 -0.01551
v 0.01586 0.003002 -0.02043
v 0.01586 0.003002 -0.02043
v 0.01586 0.003002 -0.02043
v 0.01586 0.003002 -0.02043
v 0.02216 0.003 -0.001776
v 0.02216 0.003 -0.001776
v 0.02216 0.003 -0.001776
v 0.01553 0.003 -0.002858
v 0.01553 0.003 -0.002858
v 0.01526 0.003 -0.02644
v 0.01526 0.003 -0.02644
v 0.01905 0.003 0.02395
v 0.01905 0.003 0.02395
v 0.01035 0.003 0.0119
v 0.01035 0.003 0.0119
v 0.02506 0.003 0.01756
v 0.02506 0.003 0.01756
v 0 0.003 -0.03064
v 0 0.003 -0.03064
v -0.02773 0.003 0.001848
v -0.02773 0.003 0.001848
v -0.02773 0.003 0.001848
v 0.01307 0.003 0.008908
v 0.01307 0.003 0.008908
v 0.03058 0.003 0.0011
v 0.03058 0.003 0.0011
v 0.01449 0.003 -0.00623
v 0.01449 0.003 -0.00623
v 0.009215 0.003 -0.02918
v 0.009215 0.003 -0.02918
v 0.02902 0.003 0.009732
v 0.02902 0.003 0.009732
v 0.006755 0.003 0.01431
v 0.006755 0.003 0.01431
v -0.02826 0.003 0.000304
v -0.02826 0.003 0.000304
v 0.01239 0.003 0.02794
v 0.01239 0.003 0.02794
v 0.02626 0.003 -0.01572
v 0.02626 0.003 -0.01572
v -0.02791 0.003 -0.001608
v -0.02791 0.003 -0.001608
v 0.01486 0.003 0.00529
v 0.01486 0.003 0.00529
v 0.01282 0.003 -0.009214
v 0.01282 0.003 -0.009214
v -0.02633 0.003 -0.003006
v -0.02633 0.003 -0.003006
v 0.0153 0.003002 -0.01539
v 0.0153 0.003002 -0.01539
v 0.0153 0.003002 -0.01539
v 0.0153 0.003002 -0.01539
v 0.0153 0.003002 -0.01539
v 0.02266 0.003 0.002287
v 0.02266 0.003 0.002287
v 0.01052 0.003 -0.01175
v 0.01052 0.003 -0.01175
v -0.02623 0.007 0.003076
v -0.02623 0.007 0.003076
v -0.02623 0.007 0.003076
v -0.02706 0.007 -0.002612
v -0.02706 0.007 -0.002612
v -0.02833 0.007 -0.000304
v -0.02833 0.007 -0.000304
v -0.02772 0.007 0.001842
v -0.02772 0.007 0.001842
v -0.02772 0.007 0.001842
v 0.02259 0.007 0.002214
v 0.02259 0.007 0.002214
v 0.0239 0.007 0.003098
v 0.0239 0.007 0.003098
v 0.0221 0.007 -0.001676
v 0.0221 0.007 -0.001676
v 0.0221 0.007 -0.001676
v 0.02178 0.007 0.000709
v 0.02178 0.007 0.000709
v 0.02178 0.007 0.000709
v -0.0126 0.0105 0.03303
v -0.0126 0.0105 0.03303
v 0.00727 0.004058 -0.05396
v 0.01246 0.004059 0.05485
v -0.01253 0.004058 0.05451
v 0.005212 0.004 0.03234
v 0.01253 0.004058 -0.05451
v -0.00509 0.004059 -0.05397
v -0.005211 0.004 -0.03234
v -0.01246 0.004059 -0.05485
v 0.007414 0.004 -0.03201
v 0.01262 0.0105 0.03297
v 0.01262 0.0105 0.03297
v -0.01262 0.0105 -0.03297
v -0.01262 0.0105 -0.03297
v -0.01378 0.0105 -0.02993
v -0.01378 0.0105 -0.02993
v 0.01378 0.0105 0.02993
v 0.01378 0.0105 0.02993
v 0.01484 0.01054 0.02843
v 0.01484 0.01054 0.02843
v 0.01503 0.01303 0.02784
v 0.015 0.01209 0.02826
v 0.01502 0.01312 -0.02785
v 0.01499 0.01211 -0.02824
v 0.01499 0.01211 -0.02824
v 0.01485 0.01055 -0.02843
v 0.01485 0.01055 -0.02843
v 0.01378 0.0105 -0.02993
v 0.01378 0.0105 -0.02993
v 0.0126 0.0105 -0.03303
v 0.0126 0.0105 -0.03303
v -0.01378 0.0105 0.02993
v -0.01378 0.0105 0.02993
v 0.02492 0.0105 0.005538
v 0.02492 0.0105 0.005538
v 0.02655 0.0105 0.01523
v 0.02655 0.0105 0.01523
v 0.02288 0.0105 0.005101
v 0.02288 0.0105 0.005101
v 0.02094 0.0105 0.003792
v 0.02094 0.0105 0.003792
v 0.02189 0.0105 0.02133
v 0.02189 0.0105 0.02133
v 0.01733 0.01056 0.02524
v 0.01733 0.01056 0.02524
v 0.01762 0.01052 -0.02496
v 0.01762 0.01052 -0.02496
v 0.0195 0.0105 -0.000535
v 0.0195 0.0105 -0.000535
v 0.01968 0.0105 0.001554
v 0.01968 0.0105 0.001554
v 0.0302 0.0105 -0.004925
v 0.0302 0.0105 -0.004925
v 0.02757 0.0105 -0.01328
v 0.02757 0.0105 -0.01328
v 0.0239 0.0105 -0.005414
v 0.0239 0.0105 -0.005414
v 0.02176 0.0105 -0.004511
v 0.02176 0.0105 -0.004511
v 0.02267 0.0105 -0.02055
v 0.02267 0.0105 -0.02055
v 0.02977 0.0105 0.00708
v 0.02977 0.0105 0.00708
v 0.02009 0.0105 -0.002557
v 0.02009 0.0105 -0.002557
v -0.01761 0.00957 0.02615
v -0.01761 0.00957 0.02615
v -0.02156 0.0095 0.023
v -0.02156 0.0095 0.023
v -0.0246 0.0095 0.01971
v -0.0246 0.0095 0.01971
v -0.02715 0.0095 0.01603
v -0.02715 0.0095 0.01603
v -0.02914 0.0095 0.01202
v -0.02914 0.0095 0.01202
v -0.03055 0.0095 0.007766
v -0.03055 0.0095 0.007766
v -0.03135 0.0095 0.003356
v -0.03135 0.0095 0.003356
v -0.03151 0.0095 -0.001121
v -0.03151 0.0095 -0.001121
v -0.03103 0.0095 -0.005575
v -0.03103 0.0095 -0.005575
v -0.02992 0.0095 -0.009917
v -0.02992 0.0095 -0.009917
v -0.02822 0.0095 -0.01406
v -0.02822 0.0095 -0.01406
v -0.02594 0.0095 -0.01792
v -0.02594 0.0095 -0.01792
v -0.022 0.009501 -0.02266
v -0.022 0.009501 -0.02266
v -0.0169 0.00976 -0.0266
v -0.0169 0.00976 -0.0266
v -0.02189 0.0105 -0.02133
v -0.02189 0.0105 -0.02133
v -0.01734 0.01056 -0.02525
v -0.01734 0.01056 -0.02525
v -0.02655 0.0105 -0.01523
v -0.02655 0.0105 -0.01523
v -0.02977 0.0105 -0.00708
v -0.02977 0.0105 -0.00708
v -0.02696 0.0105 -0.005165
v -0.02696 0.0105 -0.005165
v -0.02925 0.0105 -0.003646
v -0.02925 0.0105 -0.003646
v -0.02925 0.0105 -0.003646
v -0.03055 0.0105 -0.000479
v -0.03055 0.0105 -0.000479
v -0.03055 0.0105 -0.000479
v -0.03055 0.0105 -0.000479
v -0.0302 0.0105 0.004925
v -0.0302 0.0105 0.004925
v -0.0298 0.0105 0.00289
v -0.0298 0.0105 0.00289
v -0.02779 0.0105 0.004768
v -0.02779 0.0105 0.004768
v -0.02591 0.0105 0.005457
v -0.02591 0.0105 0.005457
v -0.02757 0.0105 0.01328
v -0.02757 0.0105 0.01328
v -0.02267 0.0105 0.02055
v -0.02267 0.0105 0.02055
v -0.01762 0.01052 0.02497
v -0.01762 0.01052 0.02497
v -0.01258 0.004 -0.03323
v -0.01258 0.004 -0.03323
v 0.008955 0.004 -0.0303
v 0.008955 0.004 -0.0303
v 0.01267 0.004 -0.03255
v 0.01267 0.004 -0.03255
v -0.01403 0.004 -0.02941
v -0.01403 0.004 -0.02941
v 0.002156 0.004 -0.03146
v 0.002156 0.004 -0.03146
v 0.01421 0.004 -0.02923
v 0.01421 0.004 -0.02923
v 0.004698 0.004 0.03125
v 0.004698 0.004 0.03125
v -0.01421 0.004 0.02923
v -0.01421 0.004 0.02923
v 0.01237 0.004 0.02904
v 0.01237 0.004 0.02904
v 0.01403 0.004 0.02941
v 0.01403 0.004 0.02941
v -0.01267 0.004 0.03255
v -0.01267 0.004 0.03255
v 0.01258 0.004 0.03323
v 0.01258 0.004 0.03323
v 0.02205 0.007 -0.004669
v 0.02205 0.007 -0.004669
v 0.02066 0.007 -0.003418
v 0.02066 0.007 -0.003418
v 0.0239 0.007 0.005414
v 0.0239 0.007 0.005414
v 0.02176 0.007 0.004511
v 0.02176 0.007 0.004511
v 0.02009 0.007 0.002557
v 0.02009 0.007 0.002557
v 0.0195 0.007 0.000535
v 0.0195 0.007 0.000535
v 0.02377 0.007 -0.005386
v 0.02377 0.007 -0.005386
v 0.01968 0.007 -0.001554
v 0.01968 0.007 -0.001554
v -0.02966 0.007 -0.003114
v -0.02966 0.007 -0.003114
v -0.02966 0.007 -0.003114
v -0.02667 0.007 0.005266
v -0.02667 0.007 0.005266
v -0.02907 0.007 0.00385
v -0.02907 0.007 0.00385
v -0.03058 0.007 0.000471
v -0.03058 0.007 0.000471
v 0.003647 0.001495 0.01538
v 0.003647 0.001495 0.01538
v 0.007234 0.001508 0.01402
v 0.007234 0.001508 0.01402
v 0.009883 0.001507 0.0123
v 0.009883 0.001507 0.0123
v 0.01235 0.001504 0.009829
v 0.01235 0.001504 0.009829
v 0.01414 0.001498 0.006988
v 0.01414 0.001498 0.006988
v 0.01536 0.0015 0.003655
v 0.01536 0.0015 0.003655
v 0.01579 0.001481 -0.000836
v 0.01579 0.001481 -0.000836
v 0.015 0.001511 -0.00494
v 0.015 0.001511 -0.00494
v 0.01307 0.001514 -0.008897
v 0.01307 0.001514 -0.008897
v 0.01039 0.001507 -0.01187
v 0.01039 0.001507 -0.01187
v 0.007472 0.001509 -0.01391
v 0.007472 0.001509 -0.01391
v 0.00354 0.001494 -0.01541
v 0.00354 0.001494 -0.01541
v 0.01021 0.0005 -0.01068
v 0.01021 0.0005 -0.01068
v 0.01285 0.0005 -0.007397
v 0.01285 0.0005 -0.007397
v 0.007183 0.0005 -0.01295
v 0.007183 0.0005 -0.01295
v 0.001753 0.000499 -0.01472
v 0.001753 0.000499 -0.01472
v 0.01451 0.0005 -0.002915
v 0.01451 0.0005 -0.002915
v 0.01476 0.0005 0.000813
v 0.01476 0.0005 0.000813
v 0.0138 0.0005 0.005392
v 0.0138 0.0005 0.005392
v 0.01136 0.0005 0.00948
v 0.01136 0.0005 0.00948
v 0.007586 0.0005 0.01275
v 0.007586 0.0005 0.01275
v 0.002115 0.0005 0.01467
v 0.002115 0.0005 0.01467
v -0.01553 0.0118 0.02711
v -0.01682 0.01074 0.02569
v -0.01682 0.01074 0.02569
v -0.01644 0.01093 -0.02606
v -0.01586 0.01139 -0.02668
v -0.01522 0.01234 -0.02752
v -0.01521 0.01237 0.02756
v 0.01553 0.0118 -0.02711
v 0.01668 0.01079 -0.02581
v 0.01668 0.01079 -0.02581
v 0.01647 0.01091 0.02602
v 0.01647 0.01091 0.02602
v 0.01585 0.0114 0.02669
v 0.01522 0.01234 0.02752
v 0.01603 0.01123 -0.02649
v 0.01603 0.01123 -0.02649
v 0.01521 0.01237 -0.02756
v -0.01553 0.01102 -0.02769
v -0.01595 0.01049 0.02728
v -0.01595 0.01049 0.02728
v 0.01587 0.01054 0.02735
v 0.01595 0.01049 -0.02728
v 0.01595 0.01049 -0.02728
v 0.01541 0.0095 -0.01978
v 0.01541 0.0095 -0.01978
v 0.0154 0.0032 -0.01966
v 0.0154 0.0032 -0.01966
v 0.01648 0.0032 -0.02045
v 0.01648 0.0032 -0.02045
v 0.01624 0.003201 -0.01502
v 0.01624 0.003201 -0.01502
v 0.01523 0.003201 -0.01591
v 0.01523 0.003201 -0.01591
v 0.01523 0.003201 -0.01591
v 0.01498 0.0095 -0.01625
v 0.01498 0.0095 -0.01625
v 0.0147 0.0032 -0.01714
v 0.0147 0.0032 -0.01714
v 0.0147 0.0032 -0.01714
v 0.0147 0.0032 -0.01714
v 0.01466 0.0095 -0.0179
v 0.01466 0.0095 -0.0179
v 0.01476 0.0032 -0.01848
v 0.01476 0.0032 -0.01848
v -0.01607 0.0112 0.02644
v -0.01607 0.0112 0.02644
f 2314 2323 2325
f 2321 2317 2327
f 2323 2329 2325
f 2318 2332 2328
f 2333 2336 2339
f 2339 2336 2341
f 2337 2315 2342
f 2347 2345 2343
f 2347 2343 2349
f 2349 2351 2347
f 2351 2349 2353
f 2353 2355 2351
f 2355 2353 2357
f 2359 2355 2357
f 2363 2357 2361
f 2363 2359 2357
f 2361 2365 2363
f 2367 2365 2361
f 2367 2369 2365
f 2369 2367 2371
f 2371 2373 2369
f 2375 2373 2371
f 2375 2377 2373
f 2377 2375 2379
f 2379 2381 2377
f 2383 2379 2385
f 2383 2381 2379
f 2385 2387 2383
f 2345 2981 2343
f 2387 2385 2993
f 2389 2910 2717
f 2389 2717 2391
f 2393 2389 2391
f 2393 2391 2395
f 2397 2393 2395
f 2397 2395 2400
f 2402 2397 2400
f 2402 2400 2404
f 2406 2402 2404
f 2408 2406 2404
f 2408 2404 2410
f 2412 2408 2410
f 2414 2412 2410
f 2414 2410 2416
f 2418 2414 2416
f 2420 2418 2416
f 2420 2416 2422
f 2424 2420 2422
f 2426 2424 2422
f 2426 2422 2428
f 2430 2426 2428
f 2432 2430 2428
f 2432 2428 2434
f 2436 2432 2434
f 2438 2436 2434
f 2438 2434 2440
f 2442 2438 2440
f 2442 2440 2445
f 2447 2442 2445
f 2447 2445 2449
f 2451 2447 2449
f 2453 2315 2457
f 2455 2322 2459
f 2315 2326 2457
f 2322 2328 2459
f 2459 2328 2461
f 2326 2330 2457
f 2457 2330 2464
f 2328 2332 2461
f 2334 2340 2462
f 2462 2340 2466
f 2340 2342 2466
f 2466 2342 2453
f 2342 2315 2453
f 2470 2346 2348
f 2470 2468 2346
f 2472 2470 2348
f 2472 2348 2352
f 2474 2472 2352
f 2474 2352 2356
f 2474 2356 2360
f 2476 2474 2360
f 2476 2360 2364
f 2478 2364 2366
f 2478 2476 2364
f 2478 2366 2370
f 2480 2478 2370
f 2480 2370 2374
f 2482 2480 2374
f 2482 2374 2378
f 2484 2482 2378
f 2486 2484 2378
f 2486 2378 2382
f 2486 2382 2384
f 2488 2486 2384
f 2687 2384 2388
f 2687 2488 2384
f 2894 2494 2496
f 2492 2498 2500
f 2490 2498 2492
f 2494 2502 2496
f 2496 2502 2504
f 2500 2506 2508
f 2498 2506 2500
f 2502 2510 2504
f 2504 2510 2512
f 2506 2514 2508
f 2508 2514 2516
f 2514 2518 2516
f 2510 2490 2512
f 2512 2490 2492
f 2516 2518 2520
f 2522 2528 2546
f 2546 2528 2530
f 2811 2532 2526
f 2532 2534 2526
f 2526 2534 2537
f 2528 2540 2530
f 2530 2540 2542
f 2540 2544 2542
f 2535 2522 2538
f 2538 2522 2546
f 2569 2572 2548
f 2572 2551 2548
f 2556 2554 2558
f 2549 2552 2693
f 2552 2560 2693
f 2554 2563 2558
f 2558 2563 2565
f 2563 2567 2565
f 2565 2567 2570
f 2567 2573 2570
f 2600 2575 2577
f 2581 2579 2584
f 2575 2586 2577
f 2577 2586 2588
f 2584 2590 2592
f 2579 2590 2584
f 2590 2594 2592
f 2592 2594 2596
f 2594 2598 2596
f 2596 2598 2600
f 2598 2575 2600
f 2614 2617 2619
f 2621 2614 2619
f 2621 2619 2623
f 2625 2621 2623
f 2625 2623 2627
f 2629 2625 2627
f 2629 2627 2631
f 2633 2629 2631
f 2633 2631 2635
f 2637 2633 2635
f 2637 2635 2639
f 2641 2637 2639
f 2641 2639 2643
f 2645 2641 2643
f 2645 2643 2647
f 2649 2645 2647
f 2649 2647 2651
f 2653 2649 2651
f 2653 2651 2655
f 2657 2653 2655
f 2657 2655 2659
f 2661 2657 2659
f 2661 2659 2663
f 2665 2661 2663
f 2665 2663 2667
f 2669 2665 2667
f 2669 2667 2671
f 2673 2669 2671
f 2748 2755 2676
f 2753 2680 2682
f 2571 2550 2724
f 2724 2550 2689
f 2578 2411 2477
f 2471 2396 2392
f 2473 2396 2471
f 2597 2601 2479
f 2477 2411 2475
f 2479 2601 2477
f 2411 2405 2475
f 2755 2691 2676
f 2473 2401 2396
f 2475 2401 2473
f 2450 2688 2685
f 2475 2405 2401
f 2700 2696 2319
f 2682 2680 2704
f 2435 2429 2483
f 2680 2707 2704
f 2601 2578 2477
f 2550 2694 2689
f 2450 2489 2688
f 2711 2713 2715
f 2700 2709 2696
f 2446 2489 2450
f 2698 2718 2728
f 2582 2423 2719
f 2713 2722 2715
f 2483 2429 2481
f 2446 2487 2489
f 2559 2566 2724
f 2707 2726 2704
f 2704 2726 2694
f 2700 2728 2709
f 2469 2718 2698
f 2730 2559 2724
f 2441 2487 2446
f 2711 2732 2713
f 2676 2728 2700
f 2719 2417 2734
f 2423 2417 2719
f 2736 2732 2711
f 2691 2728 2676
f 2324 2316 2738
f 2694 2324 2689
f 2730 2557 2559
f 2689 2324 2738
f 2726 2324 2694
f 2715 2722 2730
f 2734 2417 2740
f 2316 2338 2738
f 2566 2571 2724
f 2726 2331 2324
f 2730 2742 2557
f 2744 2331 2726
f 2722 2742 2730
f 2441 2485 2487
f 2435 2485 2441
f 2698 2728 2691
f 2738 2338 2696
f 2481 2593 2479
f 2740 2417 2746
f 2481 2585 2593
f 2429 2585 2481
f 2744 2748 2331
f 2469 2392 2718
f 2557 2742 2753
f 2593 2597 2479
f 2338 2335 2696
f 2423 2585 2429
f 2744 2755 2748
f 2417 2411 2746
f 2746 2411 2589
f 2685 2732 2736
f 2319 2696 2335
f 2471 2392 2469
f 2423 2582 2585
f 2685 2688 2732
f 2485 2435 2483
f 2589 2411 2578
f 2742 2680 2753
f 2720 2757 2583
f 2764 2757 2720
f 2588 2586 2747
f 2586 2760 2747
f 2747 2760 2741
f 2758 2579 2581
f 2760 2762 2741
f 2741 2762 2735
f 2735 2762 2721
f 2762 2765 2721
f 2754 2769 2556
f 2767 2769 2754
f 2695 2561 2705
f 2561 2771 2705
f 2769 2554 2556
f 2706 2772 2683
f 2772 2774 2683
f 2775 2767 2684
f 2684 2767 2754
f 2787 2783 2906
f 2787 2779 2783
f 2613 2452 2609
f 2613 2781 2612
f 2613 2612 2452
f 2604 2790 2792
f 2794 2796 2788
f 2805 2807 2803
f 2777 2610 2809
f 2812 2813 2839
f 2815 2813 2812
f 2817 2813 2815
f 2817 2819 2813
f 2817 2821 2819
f 2827 2821 2817
f 2823 2821 2825
f 2823 2825 2841
f 2825 2821 2827
f 2829 2541 2529
f 2829 2545 2541
f 2529 2523 2829
f 2831 2545 2829
f 2831 2833 2545
f 2831 2835 2833
f 2837 2835 2831
f 2536 2839 2524
f 2823 2835 2837
f 2823 2841 2835
f 2536 2533 2839
f 2533 2812 2839
f 2439 2443 2843
f 2439 2843 2845
f 2437 2439 2845
f 2437 2845 2847
f 2433 2437 2847
f 2433 2847 2849
f 2431 2433 2849
f 2431 2849 2851
f 2427 2431 2851
f 2427 2851 2853
f 2425 2427 2853
f 2425 2853 2855
f 2421 2425 2855
f 2421 2855 2857
f 2419 2421 2857
f 2419 2857 2859
f 2415 2419 2859
f 2415 2859 2861
f 2413 2415 2861
f 2413 2861 2863
f 2409 2413 2863
f 2409 2863 2865
f 2407 2409 2865
f 2407 2865 2867
f 2403 2407 2867
f 2398 2403 2867
f 2398 2867 2869
f 2871 2507 2873
f 2507 2499 2873
f 2875 2507 2871
f 2875 2515 2507
f 2499 2491 2873
f 2875 2519 2515
f 2877 2519 2875
f 2877 2879 2519
f 2877 2881 2879
f 2877 2884 2881
f 2888 2890 2885
f 2890 2888 2892
f 2892 2888 2895
f 2888 2896 2895
f 2895 2896 2495
f 2495 2896 2503
f 2896 2898 2503
f 2491 2900 2873
f 2503 2900 2511
f 2511 2900 2491
f 2503 2898 2900
f 2394 2908 2902
f 2787 2904 2911
f 2911 2784 2779
f 2911 2779 2787
f 2399 2908 2394
f 2902 2786 2785
f 2904 2906 2912
f 2785 2390 2902
f 2904 2912 2615
f 2394 2902 2390
f 2916 2444 2448
f 2914 2782 2452
f 2920 2918 2674
f 2922 2916 2448
f 2924 2918 2920
f 2914 2918 2924
f 2448 2612 2922
f 2928 2773 2926
f 2564 2527 2539
f 2555 2527 2564
f 2568 2564 2539
f 2568 2539 2547
f 2574 2568 2547
f 2555 2930 2527
f 2770 2930 2555
f 2574 2547 2531
f 2770 2932 2930
f 2768 2932 2770
f 2553 2574 2531
f 2934 2932 2768
f 2934 2768 2776
f 2543 2553 2531
f 2543 2562 2553
f 2936 2934 2776
f 2938 2562 2543
f 2940 2776 2773
f 2940 2936 2776
f 2926 2562 2938
f 2928 2940 2773
f 2926 2773 2562
f 2826 2828 2937
f 2544 2834 2542
f 2542 2834 2939
f 2937 2828 2935
f 2828 2818 2935
f 2939 2836 2927
f 2834 2836 2939
f 2935 2818 2933
f 2927 2836 2929
f 2818 2816 2933
f 2836 2842 2929
f 2933 2816 2931
f 2929 2842 2941
f 2816 2811 2931
f 2842 2826 2941
f 2931 2811 2526
f 2941 2826 2937
f 2942 2761 2521
f 2591 2505 2513
f 2595 2591 2513
f 2580 2497 2505
f 2580 2505 2591
f 2595 2513 2493
f 2599 2595 2493
f 2759 2497 2580
f 2759 2945 2497
f 2599 2493 2501
f 2576 2599 2501
f 2759 2947 2945
f 2576 2501 2509
f 2766 2947 2759
f 2509 2587 2576
f 2517 2587 2509
f 2949 2947 2766
f 2949 2766 2763
f 2521 2587 2517
f 2521 2761 2587
f 2942 2949 2763
f 2942 2763 2761
f 2886 2891 2950
f 2950 2891 2948
f 2518 2880 2520
f 2880 2882 2520
f 2520 2882 2943
f 2891 2893 2948
f 2948 2893 2946
f 2893 2894 2946
f 2946 2894 2496
f 2883 2886 2944
f 2944 2886 2950
f 2687 2388 2951
f 2733 2687 2951
f 2733 2951 2953
f 2733 2953 2955
f 2714 2733 2955
f 2714 2955 2957
f 2723 2714 2957
f 2723 2957 2959
f 2743 2723 2959
f 2743 2959 2961
f 2681 2743 2961
f 2681 2961 2963
f 2708 2681 2963
f 2708 2963 2965
f 2727 2708 2965
f 2727 2965 2967
f 2745 2727 2967
f 2756 2745 2967
f 2756 2967 2969
f 2692 2756 2969
f 2692 2969 2971
f 2692 2971 2973
f 2699 2692 2973
f 2468 2973 2346
f 2468 2699 2973
f 2983 2975 2977
f 2983 2979 2975
f 2985 2982 2979
f 2985 2979 2983
f 2344 2982 2985
f 2987 2344 2985
f 2358 2350 2344
f 2358 2354 2350
f 2991 2344 2987
f 2991 2987 2989
f 2386 2991 2994
f 2372 2368 2362
f 2372 2358 2344
f 2372 2362 2358
f 2372 2386 2380
f 2372 2344 2991
f 2372 2991 2386
f 2376 2372 2380
f 2998 3039 2999
f 3001 2606 3000
f 2999 2995 3000
f 2606 2602 3000
f 3039 2995 2999
f 2996 2873 2900
f 2996 2998 2873
f 2998 2996 3039
f 2995 3001 3000
f 3005 3009 3007
f 3003 3009 3005
f 3011 2800 3008
f 3007 3002 3008
f 2800 2798 3008
f 3009 3002 3007
f 3003 2821 2823
f 3003 3005 2821
f 3002 3011 3008
f 2791 2909 2793
f 2903 2909 2791
f 2793 2909 2605
f 2605 3012 2603
f 2605 2909 3012
f 2909 2398 3012
f 3012 2398 2869
f 2843 2443 3013
f 3013 2443 2607
f 2607 2443 2611
f 2443 2917 2611
f 2611 2917 2810
f 2917 2923 2810
f 2810 2923 2778
f 2789 2921 2795
f 2925 2921 2789
f 2795 2921 2797
f 2797 3015 2799
f 2797 2921 3015
f 2921 2673 3015
f 3015 2673 2671
f 2617 2614 3016
f 3016 2614 2801
f 2801 2614 2804
f 2614 2913 2804
f 2804 2913 2806
f 2913 2907 2806
f 2806 2907 2808
f 3020 3022 3019
f 2330 3024 2464
f 3019 3022 2455
f 3022 2322 2455
f 2464 3026 3030
f 3024 3026 2464
f 3026 3031 3030
f 3030 3031 3036
f 3031 3037 3036
f 3036 3037 3019
f 3037 3020 3019
f 3018 2456 2460
f 3018 2463 2467
f 3018 2460 2463
f 3029 3018 2467
f 3029 2454 2458
f 3029 2458 2465
f 3029 3035 3018
f 3029 2467 2454
f 2870 2998 2999
f 2870 2999 3012
f 2870 2874 2998
f 3000 2602 2603
f 3012 3000 2603
f 3012 2999 3000
f 2846 2844 2901
f 2846 2901 2899
f 2848 2846 2899
f 2850 2848 2899
f 2850 2899 2897
f 2852 2850 2897
f 2854 2897 2889
f 2854 2852 2897
f 2856 2854 2889
f 2858 2856 2889
f 2858 2889 2887
f 2858 2887 2878
f 2860 2858 2878
f 2862 2860 2878
f 2862 2878 2876
f 2864 2862 2876
f 2866 2864 2876
f 2866 2876 2872
f 2868 2866 2872
f 2868 2872 2874
f 2870 2868 2874
f 2844 2997 2901
f 2608 2995 3014
f 2608 2606 3001
f 2997 2844 3014
f 3014 2995 3040
f 2608 3001 2995
f 3040 2997 3014
f 3015 3006 3007
f 3015 2822 3006
f 3015 2672 2822
f 3008 2798 2799
f 3015 3008 2799
f 3015 3007 3008
f 2620 2618 2824
f 2620 2824 2838
f 2624 2620 2838
f 2628 2624 2838
f 2628 2838 2832
f 2632 2628 2832
f 2636 2632 2832
f 2636 2832 2830
f 2640 2636 2830
f 2644 2640 2830
f 2644 2830 2525
f 2648 2525 2840
f 2648 2644 2525
f 2652 2648 2840
f 2656 2652 2840
f 2656 2840 2814
f 2660 2656 2814
f 2664 2660 2814
f 2664 2814 2820
f 2668 2664 2820
f 2668 2820 2822
f 2672 2668 2822
f 2618 3004 2824
f 3010 3004 3017
f 2802 3002 3017
f 2802 2800 3011
f 3004 2618 3017
f 3017 3002 3010
f 2802 3011 3002
f 2915 2451 2449
f 2915 2449 2686
f 2919 2915 2686
f 2919 2686 2737
f 2675 2919 2737
f 2675 2737 2712
f 2670 2675 2712
f 2666 2670 2712
f 2666 2712 2716
f 2662 2666 2716
f 2658 2662 2716
f 2658 2716 2731
f 2654 2658 2731
f 2650 2654 2731
f 2650 2731 2725
f 2646 2650 2725
f 2642 2646 2725
f 2642 2725 2690
f 2638 2642 2690
f 2634 2638 2690
f 2634 2690 2739
f 2630 2634 2739
f 2626 2630 2739
f 2626 2739 2697
f 2622 2626 2697
f 2616 2622 2697
f 2616 2697 2710
f 2616 2710 2729
f 2905 2616 2729
f 2905 2729 2717
f 2910 2905 2717
f 2993 2952 2387
f 2952 2993 2992
f 2992 2954 2952
f 2992 2956 2954
f 2990 2956 2992
f 2990 2958 2956
f 2960 2958 2990
f 2960 2990 2988
f 2988 2962 2960
f 2962 2988 2986
f 2986 2964 2962
f 2984 2964 2986
f 2984 2966 2964
f 2978 2966 2984
f 2978 2968 2966
f 2976 2970 2968
f 2976 2968 2978
f 2980 2972 2970
f 2980 2970 2976
f 2974 2980 2981
f 2974 2972 2980
f 2981 2345 2974
f 2677 2701 3020
f 3021 2702 3023
f 2330 2749 3024
f 2703 2322 3022
f 2703 2320 2322
f 3025 2750 3027
f 3028 2751 3032
f 2752 2678 3033
f 3034 2679 3038
f 3037 2677 3020
f 2785 2786 2784
f 2780 2609 2782
f 2781 2922 2612
f 2609 2452 2782
f 2780 2782 2924
f 2785 2784 2911
f 2787 2906 2904
f 2785 2911 2390
f 2914 2924 2782
f 2448 2452 2612
g object_4
v 0.000201 -0.01629 0.09651
v 0.001418 -0.01707 0.09399
v 0.001943 -0.01463 0.09634
v 0.000561 -0.00362 0.1039
v 0.00014 -0.01009 0.09731
v 0.0015 -0.01849 0.0884
v 0.001647 -0.01492 0.09699
v 0.001735 -0.007579 0.1021
v 0.001123 -0.01573 0.09674
v 0.000983 -0.0139 0.09901
v 0.001683 -0.01272 0.0992
v 0.001909 -0.01633 0.09371
v 0.001932 -0.01776 0.08773
v 0.001998 -0.01298 0.09735
v 0.002003 -0.007531 0.1012
v 0.001942 -0.012 0.09906
v 0.001184 -0.01107 0.09699
v 0.001883 -0.01174 0.09769
v 0.002003 -0.01591 0.09318
v 0.001994 -0.01688 0.08772
v 0.000865 -0.01694 0.09508
v 0.001953 -0.00674 0.1008
v -0.000404 -0.01516 0.08809
v 0.001345 -0.003599 0.1035
v 0.001898 -0.01519 0.09297
v 7.1E-05 -0.01152 0.09603
v 0.000959 -0.01258 0.09521
v 0.000405 -0.01766 0.09399
v 0.000117 -0.006197 0.1035
v 0.002018 -0.004576 0.102
v 0.001746 -0.004282 0.1029
v 0.001684 -0.0138 0.09462
v 0.000765 -0.007024 0.1032
v 0.001815 -0.003338 0.1011
v 0.001256 -0.007142 0.1028
v 0.001126 -0.003457 0.1003
v 0.000531 -0.0128 0.09461
v 0.000166 -0.01851 0.09178
v -5.9E-05 -0.003241 0.09994
v 0.001134 -0.01833 0.09121
v 0.000134 -0.01384 0.09281
v 0.000894 -0.01368 0.09345
v 0.001746 -0.00539 0.1007
v 0.000265 -0.004431 0.09982
v 0.001667 -0.01775 0.09121
v 8.2E-05 -0.00884 0.1027
v 0.001318 -0.005803 0.1
v 0.000481 -0.01892 0.08978
v 0.001943 -0.01716 0.09111
v 0.000557 -0.0106 0.1017
v 0.000972 -0.01445 0.09193
v 0.001541 -0.0102 0.1012
v 0.00057 -0.006155 0.09946
v 0.001943 -0.01641 0.08988
v 0.00159 -0.01541 0.09088
v 0.001959 -0.009581 0.1006
v -0.00029 -0.005544 0.09958
v 4.2E-05 -0.01917 0.08786
v 0.000196 -0.01306 0.1001
v 0.001007 -0.01202 0.1006
v 0.001767 -0.007964 0.09975
v 0.000791 -0.01902 0.08782
v 0.00107 -0.01534 0.08919
v 0.000959 -0.00879 0.09849
v -0.000417 -0.01488 0.08994
v 0.000431 -0.00867 0.09833
v 0.000532 -0.01486 0.09013
v 0.001688 -0.01604 0.08814
v 0.001794 -0.01028 0.09857
v 0.001506 -0.01006 0.09821
v 4E-05 -0.01523 0.09798
v 0.000601 -0.01521 0.08821
v -0.001123 0.02138 0.09674
v -6.2E-05 0.02105 0.09778
v -0.001682 0.01837 0.0992
v -0.000279 0.009315 0.1039
v 0.000422 0.01533 0.09768
v -0.000744 0.0154 0.09775
v -0.001647 0.02057 0.09699
v -0.000982 0.01955 0.09901
v -0.001694 0.01361 0.102
v -0.001996 0.01395 0.101
v -0.002 0.01803 0.0983
v -0.001949 0.01839 0.09708
v -0.001166 0.01747 0.09625
v -0.001975 0.01277 0.1007
v -0.001802 0.0176 0.09721
v -0.000911 0.00908 0.1038
v -0.000141 0.01714 0.09605
v -0.001699 0.008906 0.1031
v -0.001322 0.0101 0.1034
v -0.000109 0.01185 0.1035
v -0.001997 0.009441 0.1022
v -0.001063 0.0125 0.1031
v -0.00195 0.01003 0.1014
v -0.001656 0.01004 0.1007
v -0.001832 0.01118 0.1025
v -0.001231 0.008999 0.1004
v -0.000421 0.0138 0.1029
v -0.000353 0.008895 0.09999
v 0.000216 0.01459 0.1026
v -0.000811 0.01556 0.102
v -0.00098 0.01166 0.0997
v -0.000449 0.01098 0.09967
v -0.00154 0.01585 0.1012
v -0.001409 0.01272 0.09968
v -2.1E-05 0.01716 0.1013
v -0.001898 0.016 0.1004
v 0.000289 0.0112 0.09958
v -0.000198 0.01871 0.1001
v -0.001007 0.01767 0.1006
v -0.001951 0.01546 0.09939
v 0.000118 0.01312 0.09886
v -0.000321 0.01463 0.09811
v -0.001572 0.01571 0.09827
v 0.002041 -0.01717 0.081
v -0.001967 -0.01772 0.081
v -0.001263 -0.01875 0.081
v 0.000282 -0.01925 0.081
v 0.001639 -0.01836 0.081
v 0.001443 0.009307 0.1034
v 0.001944 0.009737 0.1025
v -0.002011 -0.004162 0.1018
v -0.001865 -0.003343 0.1027
v -0.001329 -0.003633 0.1035
v -0.000465 -0.00385 0.1039
v 0.000529 0.009335 0.1039
v 0.001631 0.0182 0.09947
v 0.001581 0.01461 0.1018
v 0.001896 0.01319 0.1017
v 0.001891 0.0185 0.09851
v 0.001076 0.01904 0.09941
v 0.000417 0.01918 0.09963
v 0.001954 0.01815 0.0973
v 0.002008 0.0189 0.09741
v 0.002005 0.01203 0.1014
v 0.000647 0.008992 0.1001
v 0.001306 0.009104 0.1004
v 0.001657 0.009957 0.1008
v 0.00181 0.01269 0.1003
v 0.001896 0.01003 0.1012
v 0.001825 0.01732 0.0975
v 0.000862 0.01098 0.09983
v 0.00103 0.02112 0.09718
v 0.001336 0.01181 0.09993
v 0.00123 0.01695 0.09688
v 0.001639 0.01168 0.1027
v 0.000958 0.01332 0.09905
v 0.000926 0.01186 0.1033
v 0.001224 0.01457 0.09861
v 0.001665 0.0151 0.09888
v 0.001979 0.01546 0.09949
v 0.001942 0.01538 0.1006
v 0.001073 0.01434 0.1024
v 0.000758 0.01733 0.09609
v 0.000981 0.01674 0.1012
v -0.001795 -0.004325 0.101
v -0.001293 -0.003474 0.1004
v -0.001467 -0.01853 0.08805
v -0.001332 -0.01191 0.09634
v -0.001339 -0.01298 0.0995
v -0.000439 -0.01275 0.09463
v -0.00151 -0.008365 0.1022
v -0.001759 -0.0126 0.09912
v -0.001401 -0.01751 0.09304
v -0.00176 -0.01669 0.09369
v -0.000906 -0.01726 0.09442
v -0.001337 -0.01342 0.09449
v -0.001873 -0.007025 0.102
v -0.000533 -0.01317 0.09991
v -0.001941 -0.01382 0.09567
v -0.00176 -0.01809 0.08884
v -0.001998 -0.00761 0.1013
v -0.001977 -0.01241 0.09845
v -0.002004 -0.01595 0.09352
v -0.001843 -0.01464 0.09682
v -0.001999 -0.01741 0.08736
v -0.001995 -0.01188 0.09806
v -0.000894 -0.01369 0.09344
v -0.001912 -0.007374 0.1004
v -0.001167 -0.01472 0.09796
v -0.001902 -0.01465 0.09415
v -0.000981 -0.004441 0.1001
v -0.001949 -0.0167 0.08761
v -0.000836 -0.01441 0.09187
v -0.001605 -0.01496 0.09219
v -0.001452 -0.006661 0.09992
v -0.001519 -0.01595 0.0958
v -0.000664 -0.01619 0.09649
v -0.000999 -0.006416 0.09957
v -0.001633 -0.005623 0.1028
v -0.00064 -0.007651 0.09889
v -0.001855 -0.0161 0.09013
v -0.001332 -0.01527 0.09023
v -0.00113 -0.006965 0.103
v -0.000385 -0.0177 0.09388
v -0.000578 -0.007107 0.1032
v -0.00053 -0.009209 0.09802
v -0.001878 -0.01749 0.09069
v -0.001337 -0.009836 0.09812
v -0.001391 -0.01566 0.08826
v -0.001899 -0.01042 0.1003
v -0.001911 -0.01011 0.09899
v -0.00071 -0.01854 0.09125
v -0.000858 -0.01117 0.09667
v -0.00065 -0.009477 0.1023
v -0.001262 -0.01852 0.08978
v -0.00152 -0.01099 0.1008
v -0.000654 -0.01124 0.1013
v -0.000679 -0.01904 0.08849
v 0.001639 -0.01599 0.081
v 0.000282 -0.0151 0.081
v -0.001695 -0.01595 0.081
v 0.001288 0.0212 0.09673
v -0.001681 0.01823 0.09617
v -0.001116 0.01761 0.09603
v 0.000732 0.01742 0.09596
v -0.000175 0.01724 0.09594
v 0.001769 0.01844 0.09615
v -0.001657 0.02072 0.09669
v -0.001949 0.02004 0.09655
v 0.000246 0.02165 0.09684
v 0.001828 0.01868 0.0962
v 0.001815 0.02043 0.09656
v -0.000161 0.0217 0.09686
v 0.002007 0.0196 0.09638
v 0.001506 0.01809 0.09608
v -0.001634 0.02077 0.0967
v -0.001921 0.02013 0.09657
v 0.001526 0.02092 0.09666
v 0.000863 0.02147 0.09679
v -0.001811 0.02041 0.09663
v -0.000102 0.01724 0.09594
v -0.001194 0.01766 0.09605
v 0.000812 0.01747 0.09597
v 0.001966 0.01979 0.09642
v 0.001869 0.02024 0.09652
v 0.001037 0.02137 0.09677
v 0.001488 0.02098 0.09668
v -0.001808 0.01868 0.09627
v 0.001266 0.01773 0.09601
v -0.001959 0.01896 0.09633
v -0.002001 0.01928 0.0964
v -0.00192 0.01882 0.0963
v 0.001988 0.01941 0.09634
v 0.001948 0.01886 0.09623
f 3042 3061 3068
f 3043 3056 3051
f 3057 3106 3104
f 3049 3050 3111
f 3045 3106 3057
f 3054 3056 3043
f 3049 3047 3050
f 3049 3111 3041
f 3057 3110 3109
f 3057 3109 3058
f 3061 3049 3041
f 3066 3045 3057
f 3062 3101 3083
f 3044 3166 3069
f 3061 3041 3068
f 3042 3049 3061
f 3072 3058 3054
f 3042 3047 3049
f 3067 3066 3057
f 3073 3044 3069
f 3072 3057 3058
f 3064 3044 3073
f 3067 3057 3072
f 3075 3064 3073
f 3052 3047 3042
f 3059 3054 3043
f 3052 3043 3047
f 3071 3064 3075
f 3070 3071 3048
f 3077 3066 3067
f 3077 3202 3066
f 3073 3069 3086
f 3059 3043 3052
f 3065 3054 3059
f 3048 3071 3075
f 3080 3068 3078
f 3077 3081 3202
f 3080 3042 3068
f 3072 3054 3065
f 3062 3074 3070
f 3082 3067 3072
f 3076 3074 3083
f 3083 3074 3062
f 3084 3079 3076
f 3082 3077 3067
f 3085 3042 3080
f 3085 3052 3042
f 3087 3076 3083
f 3081 3077 3082
f 3089 3052 3085
f 3090 3073 3086
f 3062 3070 3055
f 3088 3080 3078
f 3055 3070 3048
f 3090 3075 3073
f 3089 3059 3052
f 3091 3072 3065
f 3092 3075 3090
f 3093 3076 3087
f 3091 3082 3072
f 3092 3048 3075
f 3084 3076 3093
f 3094 3065 3059
f 3095 3091 3065
f 3081 3082 3091
f 3096 3055 3048
f 3093 3097 3084
f 3101 3087 3083
f 3046 3085 3080
f 3101 3062 3055
f 3100 3092 3090
f 3095 3065 3094
f 3102 3080 3088
f 3096 3048 3092
f 3046 3080 3102
f 3053 3089 3085
f 3053 3085 3046
f 3102 3088 3098
f 3100 3090 3099
f 3103 3091 3095
f 3056 3096 3092
f 3104 3087 3101
f 3093 3106 3097
f 3060 3094 3059
f 3060 3059 3089
f 3060 3089 3053
f 3107 3091 3103
f 3051 3092 3100
f 3050 3100 3099
f 3104 3093 3087
f 3095 3094 3108
f 3107 3081 3091
f 3107 3105 3081
f 3106 3093 3104
f 3110 3101 3109
f 3058 3101 3055
f 3056 3092 3051
f 3109 3101 3058
f 3051 3100 3050
f 3104 3101 3110
f 3103 3095 3108
f 3054 3055 3096
f 3112 3107 3103
f 3050 3099 3111
f 3108 3094 3060
f 3112 3105 3107
f 3058 3055 3054
f 3112 3063 3105
f 3054 3096 3056
f 3047 3051 3050
f 3057 3104 3110
f 3043 3051 3047
f 3123 3269 3261
f 3113 3120 3114
f 3118 3117 3154
f 3113 3119 3120
f 3113 3114 3265
f 3125 3155 3127
f 3125 3118 3155
f 3270 3264 3277
f 3283 3123 3261
f 3129 3118 3125
f 3129 3117 3118
f 3126 3146 3136
f 3116 3167 3132
f 3131 3130 3128
f 3268 3119 3113
f 3134 3116 3132
f 3134 3128 3116
f 3255 3124 3280
f 3131 3128 3134
f 3125 3255 3274
f 3137 3133 3130
f 3137 3130 3131
f 3256 3125 3274
f 3260 3119 3268
f 3137 3131 3134
f 3260 3272 3119
f 3258 3125 3256
f 3258 3273 3129
f 3284 3124 3282
f 3139 3134 3132
f 3284 3280 3124
f 3121 3137 3134
f 3265 3262 3113
f 3142 3139 3141
f 3126 3135 3133
f 3143 3138 3136
f 3122 3137 3121
f 3122 3133 3137
f 3142 3134 3139
f 3144 3138 3143
f 3136 3135 3126
f 3126 3133 3122
f 3145 3134 3142
f 3144 3140 3138
f 3145 3121 3134
f 3146 3143 3136
f 3147 3142 3141
f 3148 3122 3121
f 3151 3142 3147
f 3152 3126 3122
f 3151 3145 3142
f 3148 3121 3145
f 3151 3147 3150
f 3153 3149 3144
f 3153 3144 3143
f 3154 3143 3146
f 3115 3145 3151
f 3120 3151 3150
f 3155 3126 3152
f 3155 3146 3126
f 3148 3145 3115
f 3115 3151 3120
f 3154 3153 3143
f 3118 3146 3155
f 3118 3154 3146
f 3120 3150 3114
f 3124 3122 3123
f 3124 3152 3122
f 3123 3148 3115
f 3123 3122 3148
f 3155 3152 3127
f 3119 3115 3120
f 3127 3152 3124
f 3269 3119 3272
f 3053 3160 3156
f 3060 3053 3156
f 3212 3217 3157
f 3199 3157 3158
f 3199 3212 3157
f 3250 3199 3158
f 3250 3158 3159
f 3098 3250 3159
f 3102 3098 3159
f 3046 3159 3160
f 3046 3102 3159
f 3053 3046 3160
f 3161 3064 3071
f 3162 3161 3071
f 3162 3071 3070
f 3133 3163 3164
f 3130 3133 3164
f 3176 3162 3070
f 3130 3164 3165
f 3128 3130 3165
f 3128 3165 3166
f 3116 3128 3166
f 3116 3166 3044
f 3167 3116 3044
f 3167 3044 3064
f 3161 3167 3064
f 3275 3195 3257
f 3173 3147 3196
f 3173 3196 3172
f 3281 3195 3275
f 3173 3150 3147
f 3267 3186 3281
f 3264 3175 3277
f 3177 3140 3144
f 3286 3174 3263
f 3270 3171 3264
f 3279 3171 3270
f 3149 3177 3144
f 3178 3177 3183
f 3183 3177 3149
f 3184 3172 3168
f 3274 3280 3275
f 3185 3178 3183
f 3114 3173 3172
f 3114 3172 3184
f 3267 3275 3280
f 3179 3178 3185
f 3269 3272 3276
f 3276 3277 3175
f 3266 3175 3285
f 3262 3184 3271
f 3276 3175 3266
f 3262 3265 3114
f 3278 3184 3254
f 3188 3183 3149
f 3188 3149 3153
f 3180 3179 3185
f 3187 3161 3162
f 3188 3185 3183
f 3180 3181 3179
f 3260 3277 3272
f 3189 3161 3187
f 3189 3167 3161
f 3170 3187 3162
f 3176 3181 3180
f 3190 3185 3188
f 3170 3162 3176
f 3191 3180 3185
f 3191 3185 3190
f 3117 3153 3154
f 3132 3167 3189
f 3192 3180 3191
f 3117 3188 3153
f 3169 3187 3170
f 3192 3176 3180
f 3190 3188 3117
f 3194 3189 3187
f 3194 3187 3169
f 3193 3176 3192
f 3193 3170 3176
f 3141 3189 3194
f 3141 3139 3132
f 3141 3132 3189
f 3169 3170 3193
f 3186 3190 3117
f 3191 3190 3186
f 3195 3117 3129
f 3196 3194 3169
f 3182 3191 3186
f 3186 3117 3195
f 3168 3169 3193
f 3182 3192 3191
f 3193 3192 3175
f 3196 3141 3194
f 3196 3169 3168
f 3147 3141 3196
f 3171 3168 3193
f 3174 3192 3182
f 3175 3192 3174
f 3171 3193 3175
f 3258 3274 3275
f 3182 3267 3259
f 3172 3196 3168
f 3195 3273 3257
f 3173 3114 3150
f 3136 3138 3197
f 3136 3197 3163
f 3135 3136 3163
f 3181 3070 3074
f 3133 3135 3163
f 3181 3176 3070
f 3179 3181 3074
f 3178 3074 3076
f 3178 3179 3074
f 3177 3178 3076
f 3177 3076 3079
f 3140 3177 3079
f 3140 3079 3198
f 3138 3140 3198
f 3138 3198 3197
f 3210 3249 3201
f 3208 3200 3245
f 3208 3245 3202
f 3215 3218 3211
f 3210 3099 3249
f 3214 3218 3215
f 3222 3211 3200
f 3222 3200 3208
f 3216 3204 3214
f 3219 3202 3081
f 3216 3201 3204
f 3221 3201 3216
f 3223 3198 3079
f 3219 3208 3202
f 3216 3214 3215
f 3218 3243 3211
f 3219 3081 3225
f 3097 3079 3084
f 3221 3210 3201
f 3223 3079 3097
f 3111 3210 3221
f 3111 3099 3210
f 3227 3198 3223
f 3197 3198 3227
f 3230 3223 3097
f 3228 3221 3216
f 3226 3208 3219
f 3226 3219 3225
f 3111 3221 3229
f 3229 3221 3228
f 3227 3223 3230
f 3226 3222 3208
f 3215 3211 3222
f 3229 3041 3111
f 3165 3164 3231
f 3232 3097 3106
f 3209 3163 3213
f 3209 3164 3163
f 3206 3216 3215
f 3105 3225 3081
f 3206 3228 3216
f 3233 3222 3226
f 3207 3229 3228
f 3230 3097 3232
f 3231 3164 3209
f 3234 3225 3105
f 3220 3197 3227
f 3205 3228 3206
f 3235 3165 3231
f 3234 3226 3225
f 3220 3163 3197
f 3207 3228 3205
f 3166 3165 3235
f 3213 3163 3220
f 3215 3222 3233
f 3227 3230 3232
f 3233 3226 3234
f 3236 3229 3207
f 3237 3166 3235
f 3236 3068 3041
f 3236 3041 3229
f 3238 3232 3106
f 3235 3231 3203
f 3069 3166 3237
f 3209 3203 3231
f 3239 3206 3215
f 3240 3232 3238
f 3241 3105 3063
f 3241 3234 3105
f 3238 3106 3045
f 3240 3227 3232
f 3213 3220 3243
f 3205 3206 3239
f 3243 3227 3240
f 3243 3220 3227
f 3242 3209 3213
f 3233 3234 3241
f 3237 3086 3069
f 3203 3209 3242
f 3244 3207 3205
f 3245 3238 3045
f 3236 3207 3244
f 3245 3240 3238
f 3224 3215 3233
f 3236 3078 3068
f 3246 3235 3203
f 3212 3205 3239
f 3217 3215 3224
f 3239 3215 3217
f 3246 3237 3235
f 3247 3205 3212
f 3248 3203 3242
f 3246 3086 3237
f 3078 3236 3244
f 3244 3205 3247
f 3242 3213 3214
f 3245 3045 3066
f 3224 3233 3241
f 3199 3247 3212
f 3249 3203 3248
f 3249 3246 3203
f 3218 3213 3243
f 3244 3088 3078
f 3218 3214 3213
f 3250 3244 3247
f 3200 3240 3245
f 3212 3239 3217
f 3250 3088 3244
f 3249 3090 3086
f 3249 3086 3246
f 3211 3240 3200
f 3211 3243 3240
f 3250 3098 3088
f 3250 3247 3199
f 3204 3248 3242
f 3201 3248 3204
f 3204 3242 3214
f 3202 3245 3066
f 3249 3099 3090
f 3201 3249 3248
f 3224 3241 3253
f 3224 3253 3157
f 3217 3224 3157
f 3060 3156 3251
f 3108 3060 3251
f 3103 3108 3251
f 3103 3251 3252
f 3112 3103 3252
f 3063 3112 3252
f 3063 3252 3253
f 3241 3063 3253
f 3160 3159 3158
f 3160 3157 3156
f 3160 3158 3157
f 3251 3253 3252
f 3156 3253 3251
f 3156 3157 3253
f 3271 3184 3278
f 3276 3286 3263
f 3276 3266 3285
f 3276 3285 3286
f 3268 3262 3271
f 3257 3273 3258
f 3175 3286 3285
f 3282 3283 3261
f 3124 3283 3282
f 3274 3255 3280
f 3261 3269 3276
f 3254 3279 3270
f 3260 3268 3271
f 3263 3259 3267
f 3275 3257 3258
f 3268 3113 3262
f 3267 3280 3263
f 3271 3254 3270
f 3280 3282 3261
f 3267 3281 3275
f 3174 3259 3263
f 3272 3277 3276
f 3261 3276 3280
f 3270 3277 3260
f 3271 3278 3254
f 3276 3263 3280
f 3271 3270 3260
f 3258 3256 3274
f 3280 3284 3282
f 3184 3279 3254
f 3123 3115 3269
f 3255 3127 3124
f 3125 3127 3255
f 3258 3129 3125
f 3269 3115 3119
f 3281 3186 3195
f 3264 3171 3175
f 3279 3168 3171
f 3262 3114 3184
f 3182 3186 3267
f 3195 3129 3273
f 3175 3174 3286
f 3124 3123 3283
f 3174 3182 3259
f 3184 3168 3279
g object_5
v -0.00123 -0.01271 0.08826
v 0.001856 -0.02075 0.08876
v 0.003545 -0.01539 0.08878
v 0.002913 -0.01996 0.08878
v 0.004446 -0.01855 0.08827
v 0.003852 -0.01832 0.08877
v 0.004617 -0.01692 0.0883
v 0.004328 -0.01772 0.08859
v 0.004156 -0.01668 0.08871
v 0.00437 -0.01572 0.08834
v 0.0026 -0.02077 0.08853
v 0.002371 -0.01393 0.08878
v 0.003787 -0.01942 0.08858
v 0.003366 -0.01445 0.08864
v 0.003825 -0.01449 0.0882
v -0.001939 -0.01358 0.08875
v -0.002143 -0.01322 0.08846
v -0.002068 -0.01293 0.08808
v 0.00319 -0.01384 0.0883
v 0.002202 -0.01315 0.08839
v 0.002202 -0.01315 0.08839
v 0.000535 -0.01316 0.08878
v 0.003419 -0.02045 0.08803
v 0.001096 -0.01271 0.08835
v 0.001096 -0.01271 0.08835
v 0.003946 -0.01973 0.08809
v -6.4E-05 -0.01253 0.0883
v -0.000617 -0.01285 0.0886
v 0.002447 -0.01237 0.08499
v 0.002921 -0.01246 0.0769
v -0.004406 -0.01404 0.07584
v -0.004406 -0.01404 0.07584
v 0.001987 -0.01255 0.08682
v -0.005019 -0.01452 0.08245
v -0.005019 -0.01452 0.08245
v -0.005019 -0.01452 0.08245
v 0.002912 -0.01262 0.07583
v 0.002912 -0.01262 0.07583
v -0.004309 -0.0155 0.08829
v -0.004719 -0.01425 0.0769
v -0.005106 -0.01453 0.08013
v -0.005106 -0.01453 0.08013
v -0.004962 -0.01588 0.08636
v -0.004907 -0.01446 0.07744
v -0.005058 -0.01455 0.07822
v -0.005058 -0.01455 0.07822
v -0.005058 -0.01455 0.07822
v 0.004806 -0.01472 0.07582
v 0.004806 -0.01472 0.07582
v 0.002048 -0.01192 0.08295
v 0.002713 -0.01227 0.07745
v -0.005443 -0.01572 0.08318
v 0.001656 -0.01164 0.08053
v -0.005508 -0.01545 0.08013
v 0.002025 -0.01186 0.07798
v 0.001193 -0.01165 0.083
v 0.001966 -0.01216 0.07581
v 0.001966 -0.01216 0.07581
v -0.005459 -0.01579 0.0775
v 0.000793 -0.01202 0.08595
v -0.005053 -0.01717 0.08673
v -0.005399 -0.01655 0.08466
v -0.00572 -0.01665 0.08135
v -0.00572 -0.01665 0.08135
v 0.000923 -0.01158 0.07791
v -0.004616 -0.01743 0.0883
v 0.00108 -0.01188 0.07582
v 0.00108 -0.01188 0.07582
v -0.005711 -0.01666 0.07905
v -0.005711 -0.01666 0.07905
v 0.000526 -0.01144 0.07973
v 0.000526 -0.01144 0.07973
v 5E-05 -0.01185 0.08531
v -0.005425 -0.01744 0.08466
v -0.00554 -0.017 0.0768
v -0.00554 -0.017 0.0768
v -0.005654 -0.01734 0.08264
v -0.005654 -0.01734 0.08264
v 0.000167 -0.01163 0.07684
v 0.000167 -0.01163 0.07684
v -0.000126 -0.01157 0.08322
v -0.000126 -0.01157 0.08322
v -0.005715 -0.01739 0.08128
v -0.005715 -0.01739 0.08128
v -0.00016 -0.01152 0.08264
v -0.00016 -0.01152 0.08264
v -0.00099 -0.01203 0.08589
v -0.005006 -0.01836 0.08628
v -0.000241 -0.01145 0.08128
v -0.000241 -0.01145 0.08128
v -0.00026 -0.01143 0.08041
v -0.00026 -0.01143 0.08041
v -0.00574 -0.01744 0.07937
v -0.00574 -0.01744 0.07937
v -0.005641 -0.01819 0.08182
v -0.005384 -0.01869 0.08358
v -0.005627 -0.01731 0.07769
v -0.002354 -0.01231 0.07582
v -0.002354 -0.01231 0.07582
v -0.005581 -0.01781 0.0774
v -0.000211 -0.01147 0.07895
v -0.000211 -0.01147 0.07895
v -0.001103 -0.01162 0.08273
v -0.000138 -0.01155 0.07763
v -0.000138 -0.01155 0.07763
v -0.005401 -0.0172 0.07582
v -0.005401 -0.0172 0.07582
v -0.000791 -0.01166 0.07698
v -0.000959 -0.01151 0.07924
v -0.005264 -0.01833 0.07581
v -0.005264 -0.01833 0.07581
v -0.005521 -0.01883 0.08052
v -0.005419 -0.01877 0.0776
v -0.004745 -0.01952 0.0856
v -0.001957 -0.01205 0.08431
v -0.001765 -0.01168 0.0806
v -0.001896 -0.01184 0.07787
v -0.003906 -0.01977 0.08813
v -0.004994 -0.01922 0.07582
v -0.004994 -0.01922 0.07582
v -0.005234 -0.01955 0.07937
v -0.005074 -0.01964 0.08278
v -0.005074 -0.01964 0.08278
v -0.005175 -0.01961 0.08155
v -0.002707 -0.01269 0.08587
v -0.001405 -0.01196 0.07582
v -0.001405 -0.01196 0.07582
v -0.002638 -0.0123 0.0837
v -0.002429 -0.01205 0.08258
v -0.005112 -0.01962 0.07822
v -0.005112 -0.01962 0.07822
v -0.005112 -0.01962 0.07822
v -0.005014 -0.01968 0.07739
v -0.005014 -0.01968 0.07739
v -0.004628 -0.01995 0.07582
v -0.004628 -0.01995 0.07582
v -0.002899 -0.01237 0.08314
v -0.003326 -0.01287 0.08462
v 0.004635 -0.01469 0.08577
v -0.003013 -0.01235 0.08219
v -0.003013 -0.01235 0.08219
v 0.004812 -0.01427 0.08304
v -0.003049 -0.01233 0.08128
v -0.003049 -0.01233 0.08128
v -0.003049 -0.01233 0.08128
v 0.004162 -0.01373 0.08498
v -0.00321 -0.01284 0.07582
v -0.00321 -0.01284 0.07582
v 0.00447 -0.01415 0.07581
v 0.00447 -0.01415 0.07581
v -0.003756 -0.01282 0.08124
v 0.004834 -0.0141 0.07928
v 0.004834 -0.0141 0.07928
v -0.003971 -0.01323 0.08348
v 0.004825 -0.01417 0.07832
v 0.004825 -0.01417 0.07832
v 0.004527 -0.0137 0.07838
v 0.004175 -0.01323 0.08167
v 0.003215 -0.01326 0.08664
v -0.003832 -0.01297 0.07809
v 0.003946 -0.01348 0.07582
v 0.003946 -0.01348 0.07582
v -0.004055 -0.01401 0.08631
v -0.004181 -0.01498 0.08812
v -0.004673 -0.01388 0.08191
v -0.004673 -0.01388 0.08191
v 0.003619 -0.01295 0.08369
v 0.003911 -0.01295 0.07976
v -0.004689 -0.01382 0.07987
v -0.004689 -0.01382 0.07987
v 0.003652 -0.01295 0.07705
v -0.004763 -0.01459 0.08483
v -0.004672 -0.01405 0.08307
v 0.003202 -0.0125 0.08244
v 0.003202 -0.0125 0.08244
v 0.003202 -0.0125 0.08244
v 0.003303 -0.01248 0.08081
v 0.003303 -0.01248 0.08081
v -0.004752 -0.01432 0.08374
v 0.003089 -0.0125 0.08319
v 0.002859 -0.01242 0.08374
v -0.004672 -0.01392 0.07825
v 0.003218 -0.02151 0.07582
v 0.003218 -0.02151 0.07582
v -1.3E-05 -0.01178 0.07582
v -1.3E-05 -0.01178 0.07582
v 0.005087 -0.01541 0.07581
v 0.005087 -0.01541 0.07581
v 0.005349 -0.01629 0.07584
v 0.005349 -0.01629 0.07584
v 0.005398 -0.01736 0.07582
v 0.005398 -0.01736 0.07582
v 0.005317 -0.01804 0.07581
v 0.005317 -0.01804 0.07581
v 0.005093 -0.01899 0.07582
v 0.005093 -0.01899 0.07582
v 0.004644 -0.01993 0.07582
v 0.004644 -0.01993 0.07582
v 0.004277 -0.02047 0.07583
v 0.004277 -0.02047 0.07583
v 0.003834 -0.02097 0.07582
v 0.003834 -0.02097 0.07582
v 0.002382 -0.02202 0.07582
v 0.002382 -0.02202 0.07582
v -0.004801 -0.02013 0.08282
v -0.004801 -0.02013 0.08282
v -0.004838 -0.02024 0.08148
v -0.004838 -0.02024 0.08148
v -0.004832 -0.02031 0.07975
v -0.004832 -0.02031 0.07975
v -0.005141 -0.01963 0.07891
v -0.004857 -0.01985 0.08373
v -0.004857 -0.01985 0.08373
v 0.004809 -0.0143 0.07745
v 0.004835 -0.01411 0.08135
v 0.004835 -0.01411 0.08135
v 0.004841 -0.01408 0.08024
v 0.004841 -0.01408 0.08024
v 0.000212 -0.01163 0.08371
v 0.000212 -0.01163 0.08371
v -0.002929 -0.01237 0.07755
v -0.003158 -0.01234 0.08043
v -0.003158 -0.01234 0.08043
v -0.003029 -0.01235 0.07849
v -0.003029 -0.01235 0.07849
v -0.003029 -0.01235 0.07849
v -0.002625 -0.01229 0.07687
v -0.002625 -0.01229 0.07687
v -0.005736 -0.01742 0.0804
v -0.005736 -0.01742 0.0804
v -0.005544 -0.01702 0.08374
v -0.005544 -0.01702 0.08374
v -0.005602 -0.01728 0.08321
v -0.005061 -0.01452 0.07906
v -0.005061 -0.01452 0.07906
v -0.005061 -0.01452 0.07906
v 0.002641 -0.01207 0.07997
v 0.002641 -0.01207 0.07997
v 0.002641 -0.01207 0.07997
v 0.002652 -0.01211 0.07906
v 0.002652 -0.01211 0.07906
v 0.002654 -0.01215 0.07835
v 0.002654 -0.01215 0.07835
v 0.002654 -0.01215 0.07835
v 0.002681 -0.01219 0.08256
v 0.002645 -0.01209 0.08121
v 0.002645 -0.01209 0.08121
v 0.004668 -0.02044 0.0782
v -0.002408 -0.02181 0.08593
v -0.003257 -0.02185 0.07822
v -0.003257 -0.02185 0.07822
v 0.004396 -0.02002 0.08581
v 0.004738 -0.02005 0.08381
v 0.004676 -0.02032 0.08283
v -0.001491 -0.02161 0.08819
v -0.002916 -0.02189 0.0769
v 0.005044 -0.01944 0.084
v -0.002683 -0.02216 0.08255
v -0.002686 -0.02187 0.07585
v -0.002686 -0.02187 0.07585
v 0.004873 -0.01876 0.08642
v -0.001306 -0.02223 0.08594
v -0.002056 -0.02227 0.08429
v -0.001954 -0.02257 0.08157
v -0.00271 -0.02208 0.07744
v -0.002681 -0.02217 0.0782
v -0.002681 -0.02217 0.0782
v 0.005432 -0.01914 0.08062
v 0.004744 -0.02005 0.07688
v -0.002137 -0.02243 0.07798
v 0.005265 -0.01917 0.07747
v -0.001363 -0.02277 0.07977
v -0.000561 -0.02228 0.08632
v -0.001204 -0.02275 0.08228
v 0.005477 -0.01862 0.08273
v 0.000301 -0.02189 0.08808
v -0.001076 -0.02271 0.07752
v 0.005097 -0.01734 0.0865
v 0.005404 -0.01817 0.0843
v -0.00012 -0.02272 0.0838
v -0.00012 -0.02272 0.0838
v -0.00012 -0.02272 0.0838
v -0.000487 -0.02256 0.07582
v -0.000487 -0.02256 0.07582
v 0.005559 -0.01816 0.07771
v 0.005713 -0.0177 0.08164
v 0.005713 -0.0177 0.08164
v -0.00046 -0.02285 0.07864
v -0.00046 -0.02285 0.07864
v 0.005727 -0.01771 0.0794
v 0.005727 -0.01771 0.0794
v 0.000604 -0.02236 0.08591
v -0.000373 -0.02279 0.07775
v 8.5E-05 -0.02277 0.08321
v 8.5E-05 -0.02277 0.08321
v 0.000158 -0.02283 0.08265
v 0.000158 -0.02283 0.08265
v 0.000158 -0.02283 0.08265
v 0.005541 -0.01735 0.07682
v 0.005541 -0.01735 0.07682
v 0.0056 -0.0171 0.0832
v 0.0056 -0.0171 0.0832
v 0.001041 -0.02267 0.08353
v 0.000244 -0.0229 0.08127
v 0.000244 -0.0229 0.08127
v 0.005126 -0.01612 0.0859
v 0.005659 -0.017 0.08264
v 0.005659 -0.017 0.08264
v 0.005659 -0.017 0.08264
v 0.005611 -0.0162 0.08245
v 0.001369 -0.02279 0.07987
v 0.005713 -0.01696 0.08128
v 0.005713 -0.01696 0.08128
v 0.005631 -0.01704 0.0777
v 0.005717 -0.01696 0.07949
v 0.005717 -0.01696 0.07949
v 0.001624 -0.02203 0.0864
v 0.00076 -0.02274 0.07741
v 0.005615 -0.01611 0.07838
v 0.004775 -0.0153 0.08636
v 0.005272 -0.01543 0.08378
v 0.001802 -0.02251 0.07752
v 0.001487 -0.0227 0.08215
v 0.002112 -0.02219 0.08461
v 0.005494 -0.01541 0.08016
v 0.002884 -0.0215 0.0861
v 0.005355 -0.01541 0.07764
v 0.001755 -0.02227 0.07582
v 0.001755 -0.02227 0.07582
v 0.004892 -0.01455 0.08366
v 0.005136 -0.01475 0.08253
v 0.002419 -0.02238 0.08068
v 0.002419 -0.02238 0.08068
v 0.00492 -0.01459 0.07696
v 0.00492 -0.01459 0.07696
v 0.002945 -0.02198 0.08281
v -0.003891 -0.02073 0.08572
v -0.004875 -0.01982 0.07685
v -0.004875 -0.01982 0.07685
v 0.003495 -0.02168 0.08228
v -0.004475 -0.02072 0.08219
v 0.003012 -0.022 0.08191
v 0.003012 -0.022 0.08191
v 0.003057 -0.02201 0.08131
v 0.003057 -0.02201 0.08131
v -0.002932 -0.02082 0.08818
v -0.004283 -0.02085 0.07757
v 0.003621 -0.02149 0.07752
v -0.003969 -0.02127 0.08235
v 0.003972 -0.021 0.08419
v -0.004112 -0.02068 0.07583
v -0.004112 -0.02068 0.07583
v -0.003127 -0.02124 0.08636
v 0.004189 -0.02109 0.08161
v -0.004045 -0.02125 0.07917
v 0.00411 -0.02119 0.07918
v -0.003143 -0.02183 0.08323
v -0.003327 -0.02187 0.08004
v -0.003327 -0.02187 0.08004
v 0.0047 -0.0205 0.08026
v 0.0047 -0.0205 0.08026
v -0.002857 -0.02193 0.08374
v 0.002493 -0.02221 0.08303
v 0.002452 -0.02233 0.07927
v 0.002452 -0.02233 0.07927
v 0.002439 -0.02232 0.082
v 0.002439 -0.02232 0.082
v 0.002685 -0.02203 0.08372
v 0.005091 -0.01982 0.07947
v 0.005091 -0.01982 0.07947
v 0.004961 -0.01988 0.078
v 0.005003 -0.01984 0.08247
v 0.00508 -0.01983 0.08119
v 0.00508 -0.01983 0.08119
v 0.000233 -0.02291 0.08037
v 0.000233 -0.02291 0.08037
v -0.000402 -0.0228 0.08287
v 0.000149 -0.02281 0.07769
v 0.005747 -0.0169 0.08041
v 0.005747 -0.0169 0.08041
v 0.005541 -0.0173 0.08381
v 0.005541 -0.0173 0.08381
v 0.005541 -0.0173 0.08381
v 0.005541 -0.0173 0.08381
v -0.002648 -0.02227 0.07999
v -0.002648 -0.02227 0.07999
v -0.002655 -0.02224 0.07905
v -0.002655 -0.02224 0.07905
v -0.002655 -0.02224 0.07905
v -0.00262 -0.02229 0.08102
v -0.00262 -0.02229 0.08102
v -0.00262 -0.02229 0.08102
v 0.002492 -0.02223 0.07785
v 0.002455 -0.02231 0.07865
v 0.002455 -0.02231 0.07865
v 0.004685 -0.02042 0.08196
v 0.004685 -0.02042 0.08196
v 0.001447 -0.02151 0.08841
v -0.003733 -0.01866 0.08879
v -0.002931 -0.01451 0.08878
v -0.003936 -0.01603 0.08874
v -0.004518 -0.0166 0.08842
v -0.004229 -0.01747 0.08867
v -0.004327 -0.01873 0.08836
v 0.002324 -0.02117 0.08827
v -0.00393 -0.01537 0.08861
v -0.002449 -0.02029 0.08878
v -0.003233 -0.0202 0.08856
v -0.001645 -0.02122 0.08861
v -0.003254 -0.0142 0.08856
v -3.8E-05 -0.02122 0.08878
v -0.003271 -0.01378 0.08812
v -0.000118 -0.02167 0.08847
v -0.001774 -0.02228 0.07582
v -0.001774 -0.02228 0.07582
v 0.000887 -0.0225 0.07582
v 0.000887 -0.0225 0.07582
v -0.00334 -0.02141 0.07581
v -0.00334 -0.02141 0.07581
v -0.005235 -0.01585 0.07581
v -0.005235 -0.01585 0.07581
v -0.004908 -0.01489 0.07583
v -0.004908 -0.01489 0.07583
v -0.003893 -0.01344 0.07582
v -0.003893 -0.01344 0.07582
v 0.003117 -0.022 0.07938
v 0.003117 -0.022 0.07938
v 0.002899 -0.02198 0.07746
v 0.002632 -0.02206 0.07688
v -0.004812 -0.02017 0.07812
v 0.005153 -0.01474 0.07867
v 0.005153 -0.01474 0.07867
v 0.005209 -0.01476 0.07967
v 0.005209 -0.01476 0.07967
v -0.000498 -0.02289 0.08108
v -0.000498 -0.02289 0.08108
v -0.000189 -0.02273 0.07696
v -0.000499 -0.02289 0.0799
v -0.000499 -0.02289 0.0799
v -0.002447 -0.01203 0.07871
v -0.002447 -0.01203 0.07871
v -0.002419 -0.01196 0.08009
v -0.002419 -0.01196 0.08009
v -0.003218 -0.02186 0.08233
v -0.003218 -0.02186 0.08233
v 0.003234 -0.0125 0.07816
v 0.003234 -0.0125 0.07816
v 0.003274 -0.01248 0.07923
v 0.003274 -0.01248 0.07923
v 0.00046 -0.01239 0.07579
v 0.00046 -0.01239 0.07579
v 0.002469 -0.01309 0.07579
v 0.002469 -0.01309 0.07579
v 0.003889 -0.01438 0.07579
v 0.003889 -0.01438 0.07579
v -0.002259 -0.01291 0.07579
v -0.002259 -0.01291 0.07579
v 0.004659 -0.01614 0.07579
v 0.004659 -0.01614 0.07579
v -0.004217 -0.01487 0.07579
v -0.004217 -0.01487 0.07579
v 0.004727 -0.01784 0.07579
v 0.004727 -0.01784 0.07579
v 0.004193 -0.01946 0.07579
v 0.004193 -0.01946 0.07579
v -0.004808 -0.01758 0.07579
v -0.004808 -0.01758 0.07579
v 0.002801 -0.02108 0.07579
v 0.002801 -0.02108 0.07579
v -0.003996 -0.01978 0.07579
v -0.003996 -0.01978 0.07579
v 0.000186 -0.022 0.07579
v 0.000186 -0.022 0.07579
v -0.002489 -0.02128 0.07579
v -0.002489 -0.02128 0.07579
v -0.003232 -0.0207 0.0715
v -0.003232 -0.0207 0.0715
v -0.002 -0.01286 0.0715
v -0.002 -0.01286 0.0715
v -0.002 -0.01286 0.0715
v -0.002 -0.01286 0.0715
v -0.003377 -0.01382 0.0715
v -0.003377 -0.01382 0.0715
v -0.001698 -0.0216 0.07151
v -0.001698 -0.0216 0.07151
v -0.001698 -0.0216 0.07151
v -0.001698 -0.0216 0.07151
v -0.004329 -0.01519 0.07151
v -0.004329 -0.01519 0.07151
v -0.004756 -0.01725 0.0715
v -0.004756 -0.01725 0.0715
v -0.004756 -0.01725 0.0715
v 0.001302 -0.02174 0.07151
v 0.001302 -0.02174 0.07151
v 0.003192 -0.02077 0.07151
v 0.003192 -0.02077 0.07151
v -0.004346 -0.01914 0.0715
v -0.004346 -0.01914 0.0715
v -0.004398 -0.01798 0.07136
v -0.004398 -0.01798 0.07136
v -0.00372 -0.01489 0.07094
v -0.00372 -0.01489 0.07094
v -0.001599 -0.02166 0.07069
v -0.001599 -0.02166 0.07069
v -0.004211 -0.01822 0.07099
v -0.004211 -0.01822 0.07099
v -0.004211 -0.01822 0.07099
v 0.001309 -0.02133 0.07122
v 0.001309 -0.02133 0.07122
v 0.001309 -0.02133 0.07122
v 0.001309 -0.02133 0.07122
v 0.001309 -0.02133 0.07122
v 0.002403 -0.0208 0.07112
v 0.002403 -0.0208 0.07112
v -0.003814 -0.01493 0.07133
v -0.003814 -0.01493 0.07133
v -0.001509 -0.02134 0.07087
v -0.001509 -0.02134 0.07087
v -0.001657 -0.0212 0.07122
v -0.001657 -0.0212 0.07122
v -0.004635 -0.01828 0.07068
v -0.004635 -0.01828 0.07068
v 0.002825 -0.0207 0.07141
v 0.002825 -0.0207 0.07141
v 0.002825 -0.0207 0.07141
v -0.00448 -0.01551 0.07068
v -0.00448 -0.01551 0.07068
v -0.004099 -0.01956 0.07068
v -0.004099 -0.01956 0.07068
v -0.003889 -0.01913 0.07107
v -0.003889 -0.01913 0.07107
v -0.003889 -0.01913 0.07107
v -0.003889 -0.01913 0.07107
v -0.003597 -0.01967 0.07094
v -0.003597 -0.01967 0.07094
v -0.003597 -0.01967 0.07094
v -0.003597 -0.01967 0.07094
v -0.000856 -0.02146 0.07125
v -0.000856 -0.02146 0.07125
v -0.004145 -0.01584 0.07123
v -0.004145 -0.01584 0.07123
v -0.004334 -0.01623 0.07086
v -0.004334 -0.01623 0.07086
v -4.9E-05 -0.02154 0.07106
v -0.000187 -0.02193 0.07069
v -0.000187 -0.02193 0.07069
v -0.000374 -0.02191 0.0715
v -0.000374 -0.02191 0.0715
v -0.004732 -0.01687 0.07068
v -0.004732 -0.01687 0.07068
v -0.003584 -0.01992 0.0714
v -0.003584 -0.01992 0.0714
v -0.003584 -0.01992 0.0714
v -0.003584 -0.01992 0.0714
v -0.00312 -0.02078 0.07068
v -0.00312 -0.02078 0.07068
v 0.000272 -0.02171 0.07076
v 0.000272 -0.02171 0.07076
v 0.000272 -0.02171 0.07076
v -0.004298 -0.01648 0.07117
v -0.004298 -0.01648 0.07117
v -0.004298 -0.01648 0.07117
v -0.002644 -0.01322 0.0707
v -0.002644 -0.01322 0.0707
v -0.003512 -0.01397 0.07068
v -0.003512 -0.01397 0.07068
v -0.003512 -0.01397 0.07068
v 0.000204 -0.0216 0.07133
v 0.000204 -0.0216 0.07133
v -0.002982 -0.01398 0.07095
v -0.002982 -0.01398 0.07095
v -0.001909 -0.01324 0.07094
v -0.001909 -0.01324 0.07094
v -0.001909 -0.01324 0.07094
v 0.001313 -0.02176 0.07068
v 0.001313 -0.02176 0.07068
v -0.002892 -0.02054 0.07133
v -0.002892 -0.02054 0.07133
v -0.002892 -0.02054 0.07133
v -0.002892 -0.02054 0.07133
v -0.002892 -0.02054 0.07133
v -0.002953 -0.01387 0.07133
v -0.002953 -0.01387 0.07133
v -0.001763 -0.01312 0.07132
v -0.001763 -0.01312 0.07132
v -0.002694 -0.02061 0.07095
v -0.002694 -0.02061 0.07095
v -0.004354 -0.0174 0.07094
v -0.004354 -0.0174 0.07094
v 0.002767 -0.02104 0.07069
v 0.002767 -0.02104 0.07069
v 0.002767 -0.02104 0.07069
v 0.002767 -0.02104 0.07069
v 0.002137 -0.0211 0.07085
v 0.002137 -0.0211 0.07085
v 0.002083 -0.02153 0.06881
v 0.002083 -0.02153 0.06881
v -0.004714 -0.01807 0.0688
v -0.004714 -0.01807 0.0688
v -0.002627 -0.01312 0.0688
v -0.002627 -0.01312 0.0688
v -0.002627 -0.01312 0.0688
v -0.004151 -0.01961 0.06881
v -0.004151 -0.01961 0.06881
v -0.002969 -0.02095 0.0688
v -0.002969 -0.02095 0.0688
v -0.002969 -0.02095 0.0688
v -0.003948 -0.01445 0.0688
v -0.003948 -0.01445 0.0688
v -0.001787 -0.02165 0.0688
v -0.001787 -0.02165 0.0688
v -0.004745 -0.01617 0.06881
v -0.004745 -0.01617 0.06881
v -0.000121 -0.02202 0.0688
v -0.000121 -0.02202 0.0688
v -0.004277 -0.01863 0.06816
v -0.004277 -0.01863 0.06816
v -0.004054 -0.01503 0.06807
v -0.004054 -0.01503 0.06807
v -0.004054 -0.01503 0.06807
v -0.001969 -0.02116 0.06826
v -0.001969 -0.02116 0.06826
v -0.001969 -0.02116 0.06826
v -0.001969 -0.02116 0.06826
v -0.001969 -0.02116 0.06826
v -0.002502 -0.02092 0.06858
v -0.002502 -0.02092 0.06858
v -0.003673 -0.01468 0.06851
v -0.003673 -0.01468 0.06851
v -0.00453 -0.0174 0.06864
v -0.00453 -0.0174 0.06864
v 0.002463 -0.02087 0.06853
v 0.002463 -0.02087 0.06853
v 0.001753 -0.02126 0.06827
v 0.001753 -0.02126 0.06827
v 0.001753 -0.02126 0.06827
v 0.001753 -0.02126 0.06827
v -0.004268 -0.01841 0.06855
v -0.004268 -0.01841 0.06855
v -0.001653 -0.02174 0.06799
v -0.001653 -0.02174 0.06799
v -0.001653 -0.02174 0.06799
v -0.001134 -0.02158 0.06812
v -0.001134 -0.02158 0.06812
v -0.001134 -0.02158 0.06812
v -0.001134 -0.02158 0.06812
v -0.004317 -0.01491 0.068
v -0.004317 -0.01491 0.068
v -0.004036 -0.01989 0.06798
v -0.004036 -0.01989 0.06798
v -0.000408 -0.02203 0.068
v -0.000408 -0.02203 0.068
v -0.004837 -0.01656 0.06799
v -0.004837 -0.01656 0.06799
v -0.004274 -0.01588 0.06858
v -0.004274 -0.01588 0.06858
v -0.004274 -0.01588 0.06858
v -0.003358 -0.02013 0.06823
v -0.003358 -0.02013 0.06823
v -0.000791 -0.0217 0.06871
v -0.000791 -0.0217 0.06871
v -0.000791 -0.0217 0.06871
v -0.000791 -0.0217 0.06871
v -0.000656 -0.02156 0.06841
v -0.000656 -0.02156 0.06841
v -0.000656 -0.02156 0.06841
v -0.003116 -0.02054 0.06806
v -0.003116 -0.02054 0.06806
v -0.003743 -0.01968 0.0686
v -0.003743 -0.01968 0.0686
v -0.004506 -0.01652 0.0681
v -0.004506 -0.01652 0.0681
v 0.000869 -0.02195 0.06799
v 0.000869 -0.02195 0.06799
v 0.000869 -0.02195 0.06799
v -9.4E-05 -0.02172 0.0681
v -9.4E-05 -0.02172 0.0681
v -0.004374 -0.01644 0.06842
v 0.002351 -0.02146 0.06799
v 0.002351 -0.02146 0.06799
v 0.000484 -0.02159 0.06851
v 0.000484 -0.02159 0.06851
v -0.002836 -0.02114 0.06799
v -0.002836 -0.02114 0.06799
v -0.001947 -0.01272 0.06799
v -0.001947 -0.01272 0.06799
v -0.003253 -0.01354 0.06798
v -0.003253 -0.01354 0.06798
v -0.002908 -0.01366 0.06811
v -0.002908 -0.01366 0.06811
v -0.001734 -0.01298 0.06811
v -0.001734 -0.01298 0.06811
v -0.002749 -0.01368 0.06851
v -0.002749 -0.01368 0.06851
v -0.004745 -0.0183 0.06799
v -0.004745 -0.0183 0.06799
v 0.001161 -0.02159 0.0681
v 0.001161 -0.02159 0.0681
v -0.001691 -0.01307 0.06852
v -0.001691 -0.01307 0.06852
v 0.001053 -0.02163 0.0687
v 0.001053 -0.02163 0.0687
v 0.001053 -0.02163 0.0687
v -0.004414 -0.0174 0.06832
v 0.003145 -0.0207 0.06802
v 0.003145 -0.0207 0.06802
v 0.003145 -0.0207 0.06802
v -0.004568 -0.01929 0.0661
v -0.004568 -0.01929 0.0661
v -0.003561 -0.02074 0.0661
v -0.003561 -0.02074 0.0661
v 0.002581 -0.02152 0.06611
v 0.002581 -0.02152 0.06611
v 0.002581 -0.02152 0.06611
v 0.002581 -0.02152 0.06611
v -0.00361 -0.01367 0.06611
v -0.00361 -0.01367 0.06611
v -0.00361 -0.01367 0.06611
v -0.00361 -0.01367 0.06611
v -0.002322 -0.02163 0.06609
v -0.002322 -0.02163 0.06609
v -0.001171 -0.02209 0.0661
v -0.001171 -0.02209 0.0661
v -0.00491 -0.01609 0.06611
v -0.00491 -0.01609 0.06611
v 0.000568 -0.02219 0.0661
v 0.000568 -0.02219 0.0661
v -0.005012 -0.01767 0.0661
v -0.005012 -0.01767 0.0661
v 0.001289 -0.02168 0.0658
v 0.001289 -0.02168 0.0658
v 0.001289 -0.02168 0.0658
v -0.003137 -0.02064 0.0658
v -0.004744 -0.01916 0.06529
v -0.004744 -0.01916 0.06529
v -0.003432 -0.01395 0.06554
v 0.001949 -0.02145 0.06555
v 0.001949 -0.02145 0.06555
v -0.002601 -0.02114 0.06593
v -0.002902 -0.02125 0.06532
v -0.002902 -0.02125 0.06532
v -0.002902 -0.02125 0.06532
v -0.001994 -0.02145 0.06557
v -0.001994 -0.02145 0.06557
v -0.004844 -0.01543 0.06528
v -0.004844 -0.01543 0.06528
v -0.003844 -0.01412 0.06534
v -0.003844 -0.01412 0.06534
v -0.004152 -0.01414 0.06529
v -0.004152 -0.01414 0.06529
v -0.004605 -0.01809 0.06555
v 0.002055 -0.02189 0.06529
v 0.002055 -0.02189 0.06529
v 0.002055 -0.02189 0.06529
v -0.004673 -0.01769 0.06584
v -0.004673 -0.01769 0.06584
v -0.004673 -0.01769 0.06584
v -0.004673 -0.01769 0.06584
v -0.004432 -0.01909 0.0654
v -0.004432 -0.01909 0.0654
v -0.003545 -0.01405 0.06588
v -0.003545 -0.01405 0.06588
v 0.002114 -0.02155 0.06536
v 0.002114 -0.02155 0.06536
v -0.002399 -0.02173 0.0653
v -0.002399 -0.02173 0.0653
v -0.004195 -0.01506 0.06555
v -0.004195 -0.01506 0.06555
v -0.004437 -0.01487 0.06609
v -0.004437 -0.01487 0.06609
v -0.001538 -0.02166 0.0659
v -0.001538 -0.02166 0.0659
v -0.004576 -0.01606 0.06553
v -0.004576 -0.01606 0.06553
v -0.004352 -0.01887 0.0658
v -0.004352 -0.01887 0.0658
v -0.004233 -0.01507 0.06588
v -0.004233 -0.01507 0.06588
v 0.0028 -0.02099 0.06588
v 0.0028 -0.02099 0.06588
v -0.003833 -0.02062 0.06529
v -0.003833 -0.02062 0.06529
v -0.001215 -0.02213 0.06527
v -0.001215 -0.02213 0.06527
v -0.001215 -0.02213 0.06527
v -0.001215 -0.02213 0.06527
v -0.000306 -0.02188 0.06555
v -0.000306 -0.02188 0.06555
v -0.003902 -0.01976 0.0658
v -0.003902 -0.01976 0.0658
v -0.00481 -0.01678 0.06539
v -0.00481 -0.01678 0.06539
v 0.00036 -0.0223 0.06529
v 0.00036 -0.0223 0.06529
v -0.004633 -0.01624 0.06588
v -0.004633 -0.01624 0.06588
v -0.003427 -0.02039 0.06555
v -0.003427 -0.02039 0.06555
v -0.005159 -0.01717 0.06529
v -0.005159 -0.01717 0.06529
v 5.9E-05 -0.02194 0.06594
v 5.9E-05 -0.02194 0.06594
v -0.003097 -0.01308 0.0653
v -0.003097 -0.01308 0.0653
v -0.002657 -0.01315 0.06538
v -0.002657 -0.01315 0.06538
v -0.002565 -0.01328 0.06575
v -0.002565 -0.01328 0.06575
v -0.002565 -0.01328 0.06575
v 0.000801 -0.02192 0.06538
v 0.000801 -0.02192 0.06538
v 0.000801 -0.02192 0.06538
v -0.002016 -0.01287 0.06593
v -0.002016 -0.01287 0.06593
v -0.00194 -0.0124 0.06529
v -0.00194 -0.0124 0.06529
v -0.00194 -0.0124 0.06529
v 9.1E-05 -0.01201 0.06529
v 9.1E-05 -0.01201 0.06529
v -0.005381 -0.01718 0.06339
v -0.005381 -0.01718 0.06339
v -0.001324 -0.01194 0.06339
v -0.001324 -0.01194 0.06339
v -0.005173 -0.01871 0.0634
v -0.005173 -0.01871 0.0634
v -0.004681 -0.01984 0.06339
v -0.004681 -0.01984 0.06339
v -0.002785 -0.01255 0.06339
v -0.002785 -0.01255 0.06339
v 0.004559 -0.01431 0.06341
v 0.004559 -0.01431 0.06341
v 0.004093 -0.01407 0.06529
v 0.004093 -0.01407 0.06529
v 0.003504 -0.01307 0.0634
v 0.003504 -0.01307 0.0634
v -0.003922 -0.01348 0.06339
v -0.003922 -0.01348 0.06339
v 0.002989 -0.01298 0.06529
v 0.002989 -0.01298 0.06529
v -0.004754 -0.01464 0.06339
v -0.004754 -0.01464 0.06339
v 0.001829 -0.01237 0.06529
v 0.001829 -0.01237 0.06529
v 0.002133 -0.01222 0.06339
v 0.002133 -0.01222 0.06339
v -0.005234 -0.01592 0.06339
v -0.005234 -0.01592 0.06339
v 0.00059 -0.0118 0.0634
v 0.00059 -0.0118 0.0634
v -0.000262 -0.02225 0.06276
v -0.000262 -0.02225 0.06276
v 0.000808 -0.02222 0.06273
v 0.000808 -0.02222 0.06273
v -0.004298 -0.0142 0.06332
v -0.004298 -0.0142 0.06332
v -0.005013 -0.01723 0.06299
v -0.005013 -0.01723 0.06299
v -0.005013 -0.01723 0.06299
v -0.005013 -0.01723 0.06299
v -0.003732 -0.01384 0.063
v -0.003732 -0.01384 0.063
v -0.000393 -0.02254 0.0634
v -0.000393 -0.02254 0.0634
v -0.003393 -0.02098 0.06276
v -0.003393 -0.02098 0.06276
v -0.005082 -0.01835 0.06331
v -0.005082 -0.01835 0.06331
v -0.005082 -0.01835 0.06331
v -0.003486 -0.02142 0.06257
v -0.003486 -0.02142 0.06257
v 0.00092 -0.02258 0.06259
v 0.00092 -0.02258 0.06259
v 0.000613 -0.02218 0.06308
v -0.002964 -0.02148 0.06333
v -0.002964 -0.02148 0.06333
v -0.005277 -0.01869 0.06258
v -0.005277 -0.01869 0.06258
v -0.005277 -0.01869 0.06258
v -0.005277 -0.01869 0.06258
v -0.0032 -0.02106 0.0631
v -0.005146 -0.01526 0.0626
v -0.005146 -0.01526 0.0626
v -0.004424 -0.01463 0.06272
v -0.004424 -0.01463 0.06272
v -0.004424 -0.01463 0.06272
v -0.003372 -0.02138 0.06339
v -0.003372 -0.02138 0.06339
v -0.002638 -0.022 0.06258
v -0.002638 -0.022 0.06258
v -0.004799 -0.0186 0.063
v -0.004799 -0.0186 0.063
v 0.001116 -0.02245 0.06339
v 0.001116 -0.02245 0.06339
v -0.00235 -0.0217 0.06272
v -0.00235 -0.0217 0.06272
v -0.005148 -0.01804 0.06268
v -0.005148 -0.01804 0.06268
v -0.002023 -0.02181 0.0631
v -0.002023 -0.02181 0.0631
v -0.002023 -0.02181 0.0631
v -0.00458 -0.01506 0.0631
v -0.00458 -0.01506 0.0631
v 0.001489 -0.02217 0.06333
v 0.001489 -0.02217 0.06333
v -0.004303 -0.02057 0.06259
v -0.004303 -0.02057 0.06259
v -0.005095 -0.01584 0.06262
v -0.005095 -0.01584 0.06262
v -0.005095 -0.01584 0.06262
v 0.002108 -0.02192 0.06266
v 0.002108 -0.02192 0.06266
v 0.001828 -0.02183 0.06299
v 0.001828 -0.02183 0.06299
v -0.001342 -0.0225 0.06259
v -0.001342 -0.0225 0.06259
v -0.005417 -0.01632 0.0626
v -0.005417 -0.01632 0.0626
v -0.00131 -0.0221 0.06274
v -0.00131 -0.0221 0.06274
v -0.004369 -0.01978 0.06274
v -0.004369 -0.01978 0.06274
v 0.002223 -0.02217 0.06259
v 0.002223 -0.02217 0.06259
v -0.002327 -0.02202 0.06339
v -0.002327 -0.02202 0.06339
v -0.004835 -0.01567 0.06281
v -0.004835 -0.01567 0.06281
v -0.004835 -0.01567 0.06281
v 0.002771 -0.02135 0.063
v 0.002771 -0.02135 0.063
v 0.002771 -0.02135 0.063
v -0.004217 -0.01998 0.06317
v -0.004217 -0.01998 0.06317
v -0.001306 -0.02219 0.06332
v -0.001306 -0.02219 0.06332
v 0.002595 -0.02189 0.06339
v 0.002595 -0.02189 0.06339
v -0.003672 -0.01308 0.06259
v -0.003672 -0.01308 0.06259
v -0.003633 -0.01344 0.06266
v -0.003633 -0.01344 0.06266
v -0.002108 -0.01246 0.06268
v -0.002108 -0.01246 0.06268
v -0.005128 -0.01624 0.06333
v -0.005128 -0.01624 0.06333
v -0.004106 -0.02065 0.06341
v -0.004106 -0.02065 0.06341
v -0.004106 -0.02065 0.06341
v -0.002685 -0.01294 0.06294
v -0.002685 -0.01294 0.06294
v -0.001291 -0.02241 0.06339
v -0.001291 -0.02241 0.06339
v -0.004989 -0.01649 0.0631
v -0.004989 -0.01649 0.0631
v -0.00282 -0.01285 0.06331
v -0.00282 -0.01285 0.06331
v -0.00282 -0.01285 0.06331
v -0.000228 -0.02225 0.06321
v -0.000228 -0.02225 0.06321
v -0.005464 -0.0176 0.0626
v -0.005464 -0.0176 0.0626
v -0.004958 -0.02006 0.05897
v -0.004719 -0.01431 0.06216
v -0.004914 -0.01419 0.05817
v -0.004029 -0.02126 0.05886
v -0.002965 -0.0221 0.05845
v -0.002965 -0.0221 0.05845
v -0.000123 -0.02293 0.05818
v -0.00081 -0.02284 0.05964
v -0.005171 -0.01493 0.06062
v -0.004941 -0.01447 0.06062
v -0.005219 -0.01489 0.0597
v -0.004985 -0.01444 0.05972
v -0.004685 -0.01404 0.06062
v -0.004371 -0.01362 0.06062
v -0.004725 -0.01401 0.05972
v -0.004425 -0.0136 0.05971
v 0.000644 -0.02277 0.06062
v 0.000125 -0.02281 0.06062
v 0.000683 -0.02284 0.05972
v 0.000125 -0.02286 0.05972
v -0.000373 -0.0228 0.06062
v -0.000374 -0.02285 0.05972
v -0.00089 -0.02274 0.06062
v -0.002992 -0.01227 0.05863
v -0.001852 -0.0226 0.05884
v -0.003992 -0.01306 0.05881
v -0.001017 -0.02278 0.05975
v -0.000123 -0.0227 0.06216
v -0.005555 -0.01579 0.05894
v 0.00191 -0.02255 0.05962
v -0.005735 -0.01702 0.05888
v 0.002734 -0.02218 0.05965
v -0.005655 -0.0181 0.05874
v -0.00548 -0.01886 0.05877
v -0.004963 -0.01971 0.0615
v -0.004824 -0.01397 0.04549
v -0.004824 -0.01397 0.04549
v 0.001514 -0.02276 0.04549
v 0.001514 -0.02276 0.04549
v -0.003505 -0.0126 0.04549
v -0.003505 -0.0126 0.04549
v 0.001248 -0.02279 0.04944
v 0.001277 -0.02278 0.04599
v 0.001277 -0.02278 0.04599
v 0.000691 -0.02289 0.04996
v 0.000691 -0.02289 0.04996
v -0.001972 -0.01172 0.04549
v -0.001972 -0.01172 0.04549
v -2.5E-05 -0.02295 0.04599
v -2.5E-05 -0.02295 0.04599
v -2.5E-05 -0.02295 0.04599
v 1.1E-05 -0.02292 0.04948
v 1.1E-05 -0.02292 0.04948
v 1.1E-05 -0.02292 0.04948
v -0.000636 -0.02291 0.04549
v -0.000636 -0.02291 0.04549
v -0.004033 -0.02126 0.04675
v -0.004033 -0.02126 0.04675
v -0.004057 -0.02128 0.04549
v -0.004057 -0.02128 0.04549
v -0.004736 -0.02036 0.04679
v -0.004736 -0.02036 0.04679
v -0.004736 -0.02036 0.04679
v -0.005192 -0.01971 0.04549
v -0.005192 -0.01971 0.04549
v -0.005088 -0.01977 0.04679
v -0.005088 -0.01977 0.04679
v -0.002531 -0.02237 0.04549
v -0.002531 -0.02237 0.04549
v -0.002531 -0.02237 0.04549
v -0.002531 -0.02237 0.04549
v -0.003233 -0.0219 0.05204
v -0.003233 -0.0219 0.05204
v -0.003233 -0.0219 0.05204
v -0.003233 -0.0219 0.05204
v -0.003548 -0.02169 0.04739
v -0.003548 -0.02169 0.04739
v -0.003548 -0.02169 0.04739
v -0.005473 -0.01885 0.05204
v -0.005473 -0.01885 0.05204
v -0.005473 -0.01885 0.05204
v -0.005679 -0.01813 0.04549
v -0.005679 -0.01813 0.04549
v -0.005512 -0.01869 0.04683
v -0.005512 -0.01869 0.04683
v -0.005512 -0.01869 0.04683
v -0.005512 -0.01869 0.04683
v -0.005703 -0.01618 0.04549
v -0.005703 -0.01618 0.04549
v 0.002905 -0.01337 0.07149
v 0.002905 -0.01337 0.07149
v 0.000887 -0.01245 0.07149
v 0.000887 -0.01245 0.07149
v 0.000887 -0.01245 0.07149
v 0.000887 -0.01245 0.07149
v 0.004383 -0.01902 0.07151
v 0.004383 -0.01902 0.07151
v 0.004726 -0.01754 0.0715
v 0.004726 -0.01754 0.0715
v -0.001023 -0.01252 0.0715
v -0.001023 -0.01252 0.0715
v -0.001023 -0.01252 0.0715
v -0.001023 -0.01252 0.0715
v 0.004599 -0.01596 0.07151
v 0.004599 -0.01596 0.07151
v 0.004319 -0.01654 0.07095
v 0.004319 -0.01654 0.07095
v 0.004075 -0.01561 0.07095
v 0.004075 -0.01561 0.07095
v 0.001208 -0.01284 0.07078
v 0.001208 -0.01284 0.07078
v 0.001208 -0.01284 0.07078
v 0.003506 -0.01992 0.07083
v 0.003506 -0.01992 0.07083
v 0.003506 -0.01992 0.07083
v 0.002259 -0.01333 0.07137
v 0.002259 -0.01333 0.07137
v 0.002259 -0.01333 0.07137
v 0.002259 -0.01333 0.07137
v 0.003393 -0.01993 0.0711
v 0.003393 -0.01993 0.0711
v 0.003393 -0.01993 0.0711
v 0.004426 -0.01666 0.07135
v 0.004426 -0.01666 0.07135
v 0.001587 -0.01267 0.0707
v 0.001587 -0.01267 0.0707
v 0.001669 -0.01315 0.07105
v 0.00392 -0.01925 0.07132
v 0.00392 -0.01925 0.07132
v 0.004616 -0.01841 0.07068
v 0.004616 -0.01841 0.07068
v 0.004616 -0.01841 0.07068
v 0.004616 -0.01841 0.07068
v 0.004372 -0.01528 0.07068
v 0.004372 -0.01528 0.07068
v 0.004065 -0.01879 0.07094
v 0.004065 -0.01879 0.07094
v 0.003628 -0.0141 0.07068
v 0.003628 -0.0141 0.07068
v 0.004049 -0.01541 0.07133
v 0.004049 -0.01541 0.07133
v 0.001022 -0.01284 0.07137
v 0.001022 -0.01284 0.07137
v 0.003443 -0.01438 0.07086
v 0.003443 -0.01438 0.07086
v 0.000103 -0.01242 0.07069
v 0.000103 -0.01242 0.07069
v 0.000334 -0.01282 0.07124
v 0.000334 -0.01282 0.07124
v 0.000334 -0.01282 0.07124
v 0.000334 -0.01282 0.07124
v 0.003402 -0.01442 0.07124
v 0.003402 -0.01442 0.07124
v -0.000439 -0.01276 0.07086
v -0.000439 -0.01276 0.07086
v 0.004349 -0.01755 0.07095
v 0.004349 -0.01755 0.07095
v 0.003753 -0.01428 0.07151
v 0.003753 -0.01428 0.07151
v 0.003753 -0.01428 0.07151
v 0.003753 -0.01428 0.07151
v 0.004357 -0.01796 0.07133
v 0.004357 -0.01796 0.07133
v -0.001313 -0.01259 0.07068
v -0.001313 -0.01259 0.07068
v -0.001313 -0.01259 0.07068
v -0.001313 -0.01259 0.07068
v 0.004737 -0.01676 0.07068
v 0.004737 -0.01676 0.07068
v 0.002776 -0.01333 0.07068
v 0.002776 -0.01333 0.07068
v -0.000666 -0.01287 0.07117
v -0.000666 -0.01287 0.07117
v 0.003744 -0.02013 0.07069
v 0.003744 -0.02013 0.07069
v 0.002385 -0.01351 0.07094
v 0.002385 -0.01351 0.07094
v 0.004633 -0.01581 0.06881
v 0.004633 -0.01581 0.06881
v 0.003776 -0.01419 0.0688
v 0.003776 -0.01419 0.0688
v 0.003535 -0.02043 0.0688
v 0.003535 -0.02043 0.0688
v 0.002034 -0.01276 0.0688
v 0.002034 -0.01276 0.0688
v 0.004378 -0.01919 0.0688
v 0.004378 -0.01919 0.0688
v 0.000345 -0.0124 0.0688
v 0.000345 -0.0124 0.0688
v 0.004784 -0.01776 0.06881
v 0.004784 -0.01776 0.06881
v -0.001079 -0.01249 0.06881
v -0.001079 -0.01249 0.06881
v 0.002805 -0.01361 0.06864
v 0.002805 -0.01361 0.06864
v 0.0035 -0.01994 0.06825
v 0.0035 -0.01994 0.06825
v 0.004451 -0.01634 0.06862
v 0.004451 -0.01634 0.06862
v 0.004404 -0.01839 0.06811
v 0.004404 -0.01839 0.06811
v 0.004404 -0.01839 0.06811
v 0.004423 -0.01681 0.06829
v 0.004271 -0.01594 0.06827
v 0.004271 -0.01594 0.06827
v 0.002064 -0.01308 0.0681
v 0.002064 -0.01308 0.0681
v 0.002064 -0.01308 0.0681
v 0.002064 -0.01308 0.0681
v 0.002262 -0.01334 0.06826
v 0.003981 -0.01928 0.0686
v 0.003981 -0.01928 0.0686
v 0.003981 -0.01928 0.0686
v 0.003981 -0.01928 0.0686
v 0.003268 -0.02025 0.06861
v 0.003268 -0.02025 0.06861
v 0.001269 -0.01247 0.068
v 0.001269 -0.01247 0.068
v 0.000698 -0.01254 0.06802
v 0.000698 -0.01254 0.06802
v 0.004547 -0.01615 0.06805
v 0.004026 -0.01906 0.06827
v 0.004026 -0.01906 0.06827
v 0.004653 -0.01863 0.06799
v 0.004653 -0.01863 0.06799
v 0.004064 -0.01449 0.06797
v 0.004064 -0.01449 0.06797
v 0.004064 -0.01449 0.06797
v 0.004064 -0.01449 0.06797
v 0.004608 -0.01564 0.06799
v 0.004608 -0.01564 0.06799
v 0.00377 -0.0148 0.06822
v 0.00377 -0.0148 0.06822
v 0.001368 -0.01293 0.06858
v 0.001368 -0.01293 0.06858
v 0.001368 -0.01293 0.06858
v 0.000547 -0.01276 0.06827
v 0.000547 -0.01276 0.06827
v 0.002851 -0.01322 0.06799
v 0.002851 -0.01322 0.06799
v 0.002851 -0.01322 0.06799
v 0.002851 -0.01322 0.06799
v 0.003843 -0.01484 0.06861
v 0.003843 -0.01484 0.06861
v -0.000464 -0.01232 0.068
v -0.000464 -0.01232 0.068
v 0.004375 -0.01793 0.06852
v 0.004375 -0.01793 0.06852
v 0.004375 -0.01793 0.06852
v 0.004375 -0.01793 0.06852
v -0.000229 -0.01267 0.06859
v -0.000229 -0.01267 0.06859
v -0.000229 -0.01267 0.06859
v 0.003079 -0.01397 0.06827
v 0.003079 -0.01397 0.06827
v 0.003079 -0.01397 0.06827
v 0.00487 -0.01691 0.068
v 0.00487 -0.01691 0.068
v 0.003 -0.02046 0.0683
v 0.003 -0.02046 0.0683
v -0.000551 -0.0126 0.06806
v -0.000551 -0.0126 0.06806
v -0.000662 -0.01278 0.06827
v 0.003844 -0.02018 0.068
v 0.003844 -0.02018 0.068
v 0.005013 -0.01669 0.0661
v 0.005013 -0.01669 0.0661
v 0.005013 -0.01669 0.0661
v 0.005013 -0.01669 0.0661
v 0.0044 -0.01471 0.0661
v 0.0044 -0.01471 0.0661
v 0.0044 -0.01471 0.0661
v 0.0044 -0.01471 0.0661
v 0.003485 -0.01351 0.06609
v 0.003485 -0.01351 0.06609
v 0.00195 -0.01253 0.0661
v 0.00195 -0.01253 0.0661
v 0.004179 -0.02002 0.06609
v 0.004179 -0.02002 0.06609
v 0.000281 -0.01213 0.0661
v 0.000281 -0.01213 0.0661
v 0.004903 -0.0184 0.0661
v 0.004903 -0.0184 0.0661
v -0.001849 -0.01245 0.0661
v -0.001849 -0.01245 0.0661
v 0.004665 -0.01597 0.0654
v 0.004665 -0.01597 0.0654
v 0.004665 -0.01597 0.0654
v 0.004005 -0.01987 0.06538
v 0.004005 -0.01987 0.06538
v -0.001317 -0.01265 0.06555
v -0.001317 -0.01265 0.06555
v -0.001317 -0.01265 0.06555
v -0.001317 -0.01265 0.06555
v 0.003667 -0.02029 0.06601
v 0.004624 -0.01644 0.06574
v 0.004624 -0.01644 0.06574
v 0.004655 -0.01578 0.06603
v 0.004655 -0.01578 0.06603
v 0.002938 -0.01352 0.06569
v 0.002938 -0.01352 0.06569
v 0.003532 -0.02025 0.06569
v 0.003532 -0.02025 0.06569
v 0.002463 -0.01303 0.06539
v 0.002463 -0.01303 0.06539
v 0.004699 -0.01509 0.06529
v 0.004699 -0.01509 0.06529
v 0.004206 -0.01484 0.06539
v 0.004206 -0.01484 0.06539
v 0.004426 -0.01565 0.06569
v 0.004217 -0.01925 0.06555
v 0.002633 -0.01313 0.06601
v 0.000605 -0.01238 0.06539
v 0.000605 -0.01238 0.06539
v 0.000605 -0.01238 0.06539
v 0.001593 -0.01277 0.06579
v 0.001593 -0.01277 0.06579
v 0.004869 -0.01885 0.06529
v 0.004869 -0.01885 0.06529
v 0.004389 -0.01906 0.06596
v 0.004389 -0.01906 0.06596
v 0.004599 -0.01829 0.06544
v 0.004599 -0.01829 0.06544
v 0.004599 -0.01829 0.06544
v 0.003497 -0.01388 0.0654
v 0.003497 -0.01388 0.0654
v 0.003957 -0.01467 0.06579
v 0.003957 -0.01467 0.06579
v 0.003957 -0.01467 0.06579
v 0.000297 -0.0125 0.06573
v 0.000297 -0.0125 0.06573
v 0.004709 -0.01775 0.06587
v 0.004709 -0.01775 0.06587
v 0.005119 -0.01758 0.0653
v 0.005119 -0.01758 0.0653
v 0.005051 -0.01617 0.0653
v 0.005051 -0.01617 0.0653
v 0.002986 -0.02135 0.0653
v 0.002986 -0.02135 0.0653
v 0.003146 -0.02073 0.06543
v 0.003146 -0.02073 0.06543
v 0.003146 -0.02073 0.06543
v 0.004708 -0.01731 0.06552
v 0.004708 -0.01731 0.06552
v -0.00034 -0.01239 0.06597
v -0.00034 -0.01239 0.06597
v -0.00034 -0.01239 0.06597
v -0.00034 -0.01239 0.06597
v -0.001275 -0.01244 0.06534
v -0.001275 -0.01244 0.06534
v 0.003304 -0.01374 0.06592
v 0.00409 -0.02029 0.06529
v 0.00409 -0.02029 0.06529
v 0.00409 -0.02029 0.06529
v 0.005267 -0.01603 0.0634
v 0.005267 -0.01603 0.0634
v 0.005382 -0.01706 0.0634
v 0.005382 -0.01706 0.0634
v 0.003563 -0.02121 0.06339
v 0.003563 -0.02121 0.06339
v 0.004448 -0.02024 0.06339
v 0.004448 -0.02024 0.06339
v 0.005195 -0.01863 0.0634
v 0.005195 -0.01863 0.0634
v 0.003281 -0.02123 0.06333
v 0.003281 -0.02123 0.06333
v 0.005082 -0.01682 0.06277
v 0.005082 -0.01682 0.06277
v 0.003222 -0.01324 0.06277
v 0.003222 -0.01324 0.06277
v 0.003906 -0.02038 0.06286
v 0.003906 -0.02038 0.06286
v 0.002401 -0.01252 0.06264
v 0.002401 -0.01252 0.06264
v -0.001322 -0.01184 0.06259
v -0.001322 -0.01184 0.06259
v 5E-05 -0.01172 0.06258
v 5E-05 -0.01172 0.06258
v 5E-05 -0.01172 0.06258
v 5E-05 -0.01172 0.06258
v -0.000149 -0.01213 0.0631
v -0.000149 -0.01213 0.0631
v 0.003402 -0.01342 0.06319
v 0.003402 -0.01342 0.06319
v 0.003402 -0.01342 0.06319
v 0.004896 -0.01465 0.0626
v 0.004896 -0.01465 0.0626
v 0.004896 -0.01465 0.0626
v 0.004896 -0.01465 0.0626
v 0.004474 -0.02035 0.06259
v 0.004474 -0.02035 0.06259
v 0.003888 -0.0204 0.06311
v 0.003888 -0.0204 0.06311
v 0.00502 -0.01657 0.06319
v 0.00502 -0.01657 0.06319
v 0.004634 -0.01955 0.06266
v 0.004634 -0.01955 0.06266
v -0.000217 -0.01198 0.06329
v -0.000217 -0.01198 0.06329
v -0.000217 -0.01198 0.06329
v -0.000724 -0.01214 0.06282
v -0.000724 -0.01214 0.06282
v -0.000724 -0.01214 0.06282
v -0.000724 -0.01214 0.06282
v 0.004524 -0.01976 0.06333
v 0.004524 -0.01976 0.06333
v 0.002859 -0.0125 0.06259
v 0.002859 -0.0125 0.06259
v 0.004765 -0.01501 0.06264
v 0.004765 -0.01501 0.06264
v 0.00461 -0.01512 0.06289
v 0.00461 -0.01512 0.06289
v 0.002164 -0.01266 0.063
v 0.002164 -0.01266 0.063
v 0.002164 -0.01266 0.063
v 0.00454 -0.01927 0.063
v 0.00454 -0.01927 0.063
v -0.001724 -0.01242 0.06319
v -0.001724 -0.01242 0.06319
v -0.001724 -0.01242 0.06319
v -0.001724 -0.01242 0.06319
v 0.005074 -0.01927 0.06259
v 0.005074 -0.01927 0.06259
v -0.002406 -0.01225 0.06259
v -0.002406 -0.01225 0.06259
v 0.004853 -0.01565 0.06323
v 0.004853 -0.01565 0.06323
v 0.001985 -0.01236 0.06333
v 0.001985 -0.01236 0.06333
v 0.001488 -0.0119 0.0626
v 0.001488 -0.0119 0.0626
v 0.000844 -0.01214 0.06272
v 0.000844 -0.01214 0.06272
v 0.000844 -0.01214 0.06272
v 0.00131 -0.01231 0.0631
v 0.00131 -0.01231 0.0631
v 0.004989 -0.01807 0.0632
v 0.004989 -0.01807 0.0632
v 0.004213 -0.01437 0.06314
v 0.004213 -0.01437 0.06314
v 0.003535 -0.02137 0.06259
v 0.003535 -0.02137 0.06259
v 0.00343 -0.02113 0.06264
v 0.00343 -0.02113 0.06264
v 0.004946 -0.01827 0.06281
v 0.005472 -0.01746 0.06258
v 0.005472 -0.01746 0.06258
v 0.005472 -0.01746 0.06258
v 0.005472 -0.01746 0.06258
v 0.004007 -0.01402 0.06272
v 0.004007 -0.01402 0.06272
v 0.004007 -0.01402 0.06272
v 0.003741 -0.01317 0.0626
v 0.003741 -0.01317 0.0626
v 0.005435 -0.01648 0.06259
v 0.005435 -0.01648 0.06259
v 0.005287 -0.01519 0.06061
v 0.005317 -0.01512 0.0597
v 0.004842 -0.01452 0.06216
v 0.00504 -0.01441 0.05817
v 0.004524 -0.01379 0.0606
v 0.004594 -0.0138 0.0597
v 0.003604 -0.0127 0.0587
v 0.004817 -0.01425 0.06062
v 0.004861 -0.01422 0.05972
v 0.002427 -0.01201 0.05955
v 0.005059 -0.01468 0.06062
v 0.0051 -0.01466 0.05972
v 0.001628 -0.01168 0.05871
v 0.003477 -0.02173 0.05879
v 0.004176 -0.02111 0.05858
v 0.000747 -0.01152 0.05963
v 0.004853 -0.02021 0.0591
v -0.000188 -0.01147 0.05952
v -0.00098 -0.01154 0.0591
v 0.005414 -0.01908 0.05869
v 0.005487 -0.01849 0.06049
v -0.001904 -0.01177 0.05893
v 0.00574 -0.01746 0.05861
v 0.005646 -0.0162 0.05885
v 0.005605 -0.01871 0.04549
v 0.005605 -0.01871 0.04549
v 0.00555 -0.01863 0.04675
v 0.00555 -0.01863 0.04675
v -0.002475 -0.01201 0.05204
v -0.002475 -0.01201 0.05204
v -0.002475 -0.01201 0.05204
v 0.004187 -0.02108 0.05204
v 0.004187 -0.02108 0.05204
v 0.004187 -0.02108 0.05204
v -0.002133 -0.01184 0.04738
v -0.002133 -0.01184 0.04738
v -0.002133 -0.01184 0.04738
v -0.001074 -0.01154 0.04674
v -0.001074 -0.01154 0.04674
v 0.004427 -0.02089 0.04549
v 0.004427 -0.02089 0.04549
v 0.000231 -0.01141 0.04549
v 0.000231 -0.01141 0.04549
v 0.004036 -0.02126 0.04678
v 0.004036 -0.02126 0.04678
v 0.004036 -0.02126 0.04678
v 0.000155 -0.01143 0.04672
v 0.000155 -0.01143 0.04672
v 0.00326 -0.02193 0.04549
v 0.00326 -0.02193 0.04549
v 0.001536 -0.01164 0.04679
v 0.001536 -0.01164 0.04679
v 0.001536 -0.01164 0.04679
v 0.0049 -0.02018 0.04672
v 0.0049 -0.02018 0.04672
v 0.002755 -0.01203 0.04549
v 0.002755 -0.01203 0.04549
v 0.001824 -0.01175 0.04717
v 0.001824 -0.01175 0.04717
v 0.001824 -0.01175 0.04717
v 0.004825 -0.01398 0.04549
v 0.004825 -0.01398 0.04549
v 0.005714 -0.01621 0.04549
v 0.005714 -0.01621 0.04549
v 0.005734 -0.01708 0.04704
v 0.005734 -0.01708 0.04704
v 0.005734 -0.01708 0.04704
v 0.005681 -0.01799 0.04739
v 0.005681 -0.01799 0.04739
v 0.005681 -0.01799 0.04739
v -0.00276 -0.022 0.04721
v -0.00276 -0.022 0.04721
v -0.00276 -0.022 0.04721
v -0.00276 -0.022 0.04721
v -0.002769 -0.02202 0.05198
v -0.002769 -0.02202 0.05198
v -0.002769 -0.02202 0.05198
v -0.002769 -0.02202 0.05198
v -0.002774 -0.02218 0.04716
v -0.002774 -0.02218 0.04716
v -0.002774 -0.02218 0.04716
v -0.003009 -0.02206 0.05223
v -0.003009 -0.02206 0.05223
v -0.003009 -0.02206 0.05223
v -0.002744 -0.02221 0.05203
v -0.002744 -0.02221 0.05203
v -0.002744 -0.02221 0.05203
v -0.002744 -0.02221 0.05203
v -0.002744 -0.02221 0.05203
v -0.00293 -0.02197 0.05211
v -0.00293 -0.02197 0.05211
v -0.00293 -0.02197 0.05211
v -0.00293 -0.02197 0.05211
v -0.003363 -0.02177 0.04747
v -0.003363 -0.02177 0.04747
v -0.003363 -0.02177 0.04747
v -0.004381 -0.0209 0.04739
v -0.004381 -0.0209 0.04739
v -0.00537 -0.01921 0.04738
v -0.00537 -0.01921 0.04738
v -0.00537 -0.01921 0.04738
v -0.005393 -0.019 0.04754
v -0.005393 -0.019 0.04754
v -0.005393 -0.019 0.04754
v -0.005511 -0.0186 0.05214
v -0.005511 -0.0186 0.05214
v -0.005511 -0.0186 0.05214
v -0.005511 -0.0186 0.05214
v -0.005625 -0.0183 0.05206
v -0.005625 -0.0183 0.05206
v -0.005625 -0.0183 0.05206
v -0.005436 -0.01837 0.05199
v -0.005436 -0.01837 0.05199
v -0.005436 -0.01837 0.05199
v -0.005436 -0.01837 0.05199
v -0.005445 -0.01837 0.04723
v -0.005445 -0.01837 0.04723
v -0.005445 -0.01837 0.04723
v -0.005626 -0.01828 0.04721
v -0.005626 -0.01828 0.04721
v -0.005626 -0.01828 0.04721
v -0.005456 -0.01853 0.04698
v -0.005456 -0.01853 0.04698
v -0.004059 -0.02111 0.04683
v -0.004059 -0.02111 0.04683
v -0.003033 -0.02205 0.04678
v -0.003033 -0.02205 0.04678
v -0.003033 -0.02205 0.04678
v -0.003045 -0.0219 0.04687
v -0.003045 -0.0219 0.04687
v -0.003045 -0.0219 0.04687
v -0.003045 -0.0219 0.04687
v 0.005709 -0.01761 0.05204
v 0.005709 -0.01761 0.05204
v 0.005709 -0.01761 0.05204
v 0.005709 -0.01761 0.05204
v 0.005658 -0.01779 0.04747
v 0.005658 -0.01779 0.04747
v 0.005658 -0.01779 0.04747
v 0.005456 -0.01897 0.04738
v 0.005456 -0.01897 0.04738
v 0.004958 -0.02007 0.04739
v 0.004958 -0.02007 0.04739
v 0.004346 -0.02091 0.04742
v 0.004346 -0.02091 0.04742
v 0.004346 -0.02091 0.04742
v 0.004043 -0.02119 0.05213
v 0.004043 -0.02119 0.05213
v 0.004043 -0.02119 0.05213
v 0.003789 -0.02148 0.05206
v 0.003789 -0.02148 0.05206
v 0.003789 -0.02148 0.05206
v 0.003776 -0.02128 0.05204
v 0.003776 -0.02128 0.05204
v 0.003776 -0.02128 0.05204
v 0.003757 -0.02129 0.04723
v 0.003757 -0.02129 0.04723
v 0.003757 -0.02129 0.04723
v 0.003757 -0.02129 0.04723
v 0.003774 -0.02149 0.0472
v 0.003774 -0.02149 0.0472
v 0.003774 -0.02149 0.0472
v 0.003957 -0.02116 0.0469
v 0.003957 -0.02116 0.0469
v 0.003957 -0.02116 0.0469
v 0.003957 -0.02116 0.0469
v 0.00551 -0.01844 0.04683
v 0.00551 -0.01844 0.04683
v 0.005294 -0.01928 0.0468
v 0.005294 -0.01928 0.0468
v 0.005294 -0.01928 0.0468
v 0.005294 -0.01928 0.0468
v 0.004905 -0.02001 0.04682
v 0.004905 -0.02001 0.04682
v 0.005686 -0.01752 0.04683
v 0.005686 -0.01752 0.04683
v 0.005686 -0.01752 0.04683
v 0.005686 -0.01752 0.04683
v 0.005686 -0.01752 0.04683
v 0.00557 -0.01719 0.04708
v 0.00557 -0.01719 0.04708
v 0.00557 -0.01719 0.04708
v 0.00557 -0.01719 0.04708
v 0.005555 -0.01715 0.05197
v 0.005555 -0.01715 0.05197
v 0.005555 -0.01715 0.05197
v 0.005555 -0.01715 0.05197
v 0.005728 -0.01706 0.05204
v 0.005728 -0.01706 0.05204
v 0.005728 -0.01706 0.05204
v 0.00574 -0.01734 0.05223
v 0.00574 -0.01734 0.05223
v 0.00574 -0.01734 0.05223
v 0.005619 -0.01731 0.05211
v 0.005619 -0.01731 0.05211
v 0.005619 -0.01731 0.05211
v 0.005619 -0.01731 0.05211
v -0.002641 -0.01221 0.05211
v -0.002641 -0.01221 0.05211
v -0.002641 -0.01221 0.05211
v -0.002803 -0.01216 0.05223
v -0.002803 -0.01216 0.05223
v -0.002803 -0.01216 0.05223
v -0.002303 -0.01197 0.04752
v -0.002303 -0.01197 0.04752
v -0.002303 -0.01197 0.04752
v -0.000195 -0.01143 0.04738
v -0.000195 -0.01143 0.04738
v 0.001058 -0.01155 0.04742
v 0.001058 -0.01155 0.04742
v 0.001058 -0.01155 0.04742
v 0.001322 -0.01165 0.05206
v 0.001322 -0.01165 0.05206
v 0.001322 -0.01165 0.05206
v 0.001305 -0.01158 0.05225
v 0.001305 -0.01158 0.05225
v 0.001305 -0.01158 0.05225
v 0.001305 -0.01158 0.05225
v 0.001658 -0.01185 0.05206
v 0.001658 -0.01185 0.05206
v 0.001658 -0.01185 0.05206
v 0.001658 -0.01185 0.05206
v 0.001658 -0.01185 0.05206
v 0.001827 -0.01174 0.05206
v 0.001827 -0.01174 0.05206
v 0.001827 -0.01174 0.05206
v 0.001688 -0.01188 0.04724
v 0.001688 -0.01188 0.04724
v 0.001688 -0.01188 0.04724
v 0.001688 -0.01188 0.04724
v 0.001467 -0.01177 0.0469
v 0.001467 -0.01177 0.0469
v 0.001467 -0.01177 0.0469
v 0.001467 -0.01177 0.0469
v -0.002562 -0.01203 0.04674
v -0.002562 -0.01203 0.04674
v -0.00248 -0.01217 0.04686
v -0.00248 -0.01217 0.04686
v -0.00248 -0.01217 0.04686
v -0.001556 -0.01172 0.04682
v -0.001556 -0.01172 0.04682
v -0.001556 -0.01172 0.04682
v -0.001556 -0.01172 0.04682
v 2E-06 -0.01151 0.04682
v 2E-06 -0.01151 0.04682
v -0.002786 -0.01235 0.04714
v -0.002786 -0.01235 0.04714
v -0.002786 -0.01235 0.04714
v -0.002786 -0.01235 0.04714
v -0.002983 -0.01227 0.04712
v -0.002983 -0.01227 0.04712
v -0.002983 -0.01227 0.04712
v -0.002806 -0.01234 0.05201
v -0.002806 -0.01234 0.05201
v -0.002806 -0.01234 0.05201
v -0.002806 -0.01234 0.05201
v -0.003026 -0.01229 0.052
v -0.003026 -0.01229 0.052
v -0.003026 -0.01229 0.052
v -0.003382 -0.02094 0.04553
v -0.003382 -0.02094 0.04553
v -0.000431 -0.02217 0.04554
v -0.000431 -0.02217 0.04554
v -0.000431 -0.02217 0.04554
v -0.000431 -0.02217 0.04554
v -0.000382 -0.02148 0.04549
v -0.000382 -0.02148 0.04549
v -0.000382 -0.02148 0.04549
v 0.001509 -0.02195 0.04554
v 0.001509 -0.02195 0.04554
v 0.001509 -0.02195 0.04554
v 0.000502 -0.01214 0.04553
v 0.000502 -0.01214 0.04553
v 0.001798 -0.01248 0.04553
v 0.001798 -0.01248 0.04553
v 0.001798 -0.01248 0.04553
v -0.001878 -0.02187 0.04553
v -0.001878 -0.02187 0.04553
v 0.002985 -0.01312 0.04551
v 0.002985 -0.01312 0.04551
v 0.002985 -0.01312 0.04551
v -0.001032 -0.01222 0.04552
v -0.001032 -0.01222 0.04552
v 0.003784 -0.01381 0.04552
v 0.003784 -0.01381 0.04552
v 0.001885 -0.01331 0.04553
v 0.001885 -0.01331 0.04553
v 0.001885 -0.01331 0.04553
v 0.00227 -0.01352 0.04557
v 0.00227 -0.01352 0.04557
v 0.00227 -0.01352 0.04557
v -0.002757 -0.01295 0.04553
v -0.002757 -0.01295 0.04553
v -0.002757 -0.01295 0.04553
v 0.004529 -0.0149 0.04553
v 0.004529 -0.0149 0.04553
v -0.002676 -0.01381 0.04554
v -0.002676 -0.01381 0.04554
v -0.002676 -0.01381 0.04554
v 0.005022 -0.01656 0.04554
v 0.005022 -0.01656 0.04554
v -0.003811 -0.01386 0.04551
v -0.003811 -0.01386 0.04551
v -0.003811 -0.01386 0.04551
v -0.003009 -0.0141 0.04557
v -0.003009 -0.0141 0.04557
v -0.003009 -0.0141 0.04557
v -0.004441 -0.01473 0.04552
v -0.004441 -0.01473 0.04552
v 0.004868 -0.01856 0.04553
v 0.004868 -0.01856 0.04553
v -0.004906 -0.0159 0.04553
v -0.004906 -0.0159 0.04553
v 0.004102 -0.02014 0.04553
v 0.004102 -0.02014 0.04553
v -0.00504 -0.01764 0.04554
v -0.00504 -0.01764 0.04554
v 0.002686 -0.02148 0.04553
v 0.002686 -0.02148 0.04553
v -0.004461 -0.01956 0.04553
v -0.004461 -0.01956 0.04553
v 0.001329 -0.02131 0.04549
v 0.001329 -0.02131 0.04549
v 0.000632 -0.02254 0.04599
v 0.000632 -0.02254 0.04599
v 0.000721 -0.02257 0.04936
v 0.000436 -0.02261 0.04933
v -0.002546 -0.02143 0.05205
v -0.002546 -0.02143 0.05205
v -0.002546 -0.02143 0.05205
v -0.002546 -0.02143 0.05205
v -0.002546 -0.02143 0.05205
v -0.002709 -0.02137 0.04855
v -0.002709 -0.02137 0.04855
v -0.002709 -0.02137 0.04855
v -0.002219 -0.02098 0.04784
v -0.002219 -0.02098 0.04784
v -0.002219 -0.02098 0.04784
v -0.002219 -0.02098 0.04784
v -0.002829 -0.02131 0.04714
v -0.002829 -0.02131 0.04714
v -0.002829 -0.02131 0.04714
v -0.002829 -0.02131 0.04714
v -0.004133 -0.0201 0.04713
v -0.004133 -0.0201 0.04713
v -0.004797 -0.01863 0.04715
v -0.004797 -0.01863 0.04715
v -0.004797 -0.01863 0.04715
v -0.004797 -0.01863 0.04715
v -0.004809 -0.0185 0.04855
v -0.004809 -0.0185 0.04855
v -0.004809 -0.0185 0.04855
v -0.004298 -0.01816 0.04786
v -0.004298 -0.01816 0.04786
v -0.004298 -0.01816 0.04786
v -0.004814 -0.01833 0.05205
v -0.004814 -0.01833 0.05205
v -0.004814 -0.01833 0.05205
v -0.004889 -0.01801 0.05205
v -0.004889 -0.01801 0.05205
v -0.004889 -0.01801 0.05205
v -0.004889 -0.01801 0.05205
v -0.004917 -0.01812 0.04696
v -0.004917 -0.01812 0.04696
v -0.004917 -0.01812 0.04696
v -0.004079 -0.0202 0.04684
v -0.004079 -0.0202 0.04684
v -0.002379 -0.02158 0.04695
v -0.002379 -0.02158 0.04695
v -0.002379 -0.02158 0.04695
v -0.002379 -0.02158 0.04695
v 0.004971 -0.01727 0.05202
v 0.004971 -0.01727 0.05202
v 0.004971 -0.01727 0.05202
v 0.004971 -0.01727 0.05202
v 0.004986 -0.01742 0.04855
v 0.004986 -0.01742 0.04855
v 0.004986 -0.01742 0.04855
v 0.004403 -0.0172 0.04784
v 0.004403 -0.0172 0.04784
v 0.004403 -0.0172 0.04784
v 0.004403 -0.0172 0.04784
v 0.004998 -0.01756 0.04714
v 0.004998 -0.01756 0.04714
v 0.004998 -0.01756 0.04714
v 0.004998 -0.01756 0.04714
v 0.004603 -0.01929 0.04713
v 0.004603 -0.01929 0.04713
v 0.003663 -0.0206 0.04715
v 0.003663 -0.0206 0.04715
v 0.003663 -0.0206 0.04715
v 0.003555 -0.02068 0.04855
v 0.003555 -0.02068 0.04855
v 0.003555 -0.02068 0.04855
v 0.003002 -0.02041 0.04786
v 0.003002 -0.02041 0.04786
v 0.003002 -0.02041 0.04786
v 0.003459 -0.02077 0.05198
v 0.003459 -0.02077 0.05198
v 0.003459 -0.02077 0.05198
v 0.003459 -0.02077 0.05198
v 0.003183 -0.02104 0.05196
v 0.003183 -0.02104 0.05196
v 0.003183 -0.02104 0.05196
v 0.003273 -0.02096 0.04696
v 0.003273 -0.02096 0.04696
v 0.003273 -0.02096 0.04696
v 0.003273 -0.02096 0.04696
v 0.005004 -0.01703 0.04695
v 0.005004 -0.01703 0.04695
v 0.005004 -0.01703 0.04695
v 0.005004 -0.01703 0.04695
v 0.004647 -0.01922 0.04684
v 0.004647 -0.01922 0.04684
v 0.00493 -0.01692 0.05206
v 0.00493 -0.01692 0.05206
v 0.00493 -0.01692 0.05206
v 0.00493 -0.01692 0.05206
v 0.00493 -0.01692 0.05206
v 0.00493 -0.01692 0.05206
v -0.002716 -0.01302 0.05206
v -0.002716 -0.01302 0.05206
v -0.002716 -0.01302 0.05206
v -0.002716 -0.01302 0.05206
v -0.002716 -0.01302 0.05206
v -0.002276 -0.01273 0.04855
v -0.002276 -0.01273 0.04855
v -0.002276 -0.01273 0.04855
v -0.002188 -0.01333 0.04794
v -0.002188 -0.01333 0.04794
v -0.002188 -0.01333 0.04794
v -0.002171 -0.01267 0.04715
v -0.002171 -0.01267 0.04715
v -0.002171 -0.01267 0.04715
v -0.002171 -0.01267 0.04715
v -0.000857 -0.01219 0.04713
v -0.000857 -0.01219 0.04713
v 0.001128 -0.01228 0.04714
v 0.001128 -0.01228 0.04714
v 0.001128 -0.01228 0.04714
v 0.001255 -0.01235 0.04855
v 0.001255 -0.01235 0.04855
v 0.001255 -0.01235 0.04855
v 0.001299 -0.01297 0.04786
v 0.001299 -0.01297 0.04786
v 0.001299 -0.01297 0.04786
v 0.001299 -0.01297 0.04786
v 0.001407 -0.01243 0.05205
v 0.001407 -0.01243 0.05205
v 0.001407 -0.01243 0.05205
v 0.00175 -0.01253 0.05205
v 0.00175 -0.01253 0.05205
v 0.00175 -0.01253 0.05205
v 0.00175 -0.01253 0.05205
v 0.001644 -0.01245 0.04696
v 0.001644 -0.01245 0.04696
v 0.001644 -0.01245 0.04696
v 0.001644 -0.01245 0.04696
v -0.000562 -0.01213 0.04684
v -0.000562 -0.01213 0.04684
v -0.002622 -0.01291 0.04694
v -0.002622 -0.01291 0.04694
v -0.002622 -0.01291 0.04694
v -0.002622 -0.01291 0.04694
v -0.003 -0.01411 0.05209
v -0.003 -0.01411 0.05209
v -0.003 -0.01411 0.05209
v -0.003 -0.01411 0.05209
v 0.001436 -0.02127 0.0456
v 0.001436 -0.02127 0.0456
v 0.001436 -0.02127 0.0456
v -0.000506 -0.02148 0.0456
v -0.000506 -0.02148 0.0456
v -0.000506 -0.02148 0.0456
v -0.003728 -0.01393 0.05206
v -0.003728 -0.01393 0.05206
v -0.003728 -0.01393 0.05206
v -0.003728 -0.01393 0.05206
v -0.004609 -0.01529 0.052
v -0.004609 -0.01529 0.052
v -0.004855 -0.016 0.05196
v -0.004855 -0.016 0.05196
v -0.002256 -0.02162 0.052
v -0.002256 -0.02162 0.052
v -0.002256 -0.02162 0.052
v -0.002256 -0.02162 0.052
v -0.002256 -0.02162 0.052
v -0.000463 -0.02211 0.05204
v -0.000463 -0.02211 0.05204
v -0.000463 -0.02211 0.05204
v -0.000463 -0.02211 0.05204
v -0.004099 -0.02002 0.05198
v -0.004099 -0.02002 0.05198
v -0.004411 -0.01944 0.05205
v -0.004411 -0.01944 0.05205
v -0.004411 -0.01944 0.05205
v -0.004686 -0.01878 0.05204
v -0.004686 -0.01878 0.05204
v 0.004929 -0.01803 0.05196
v 0.004519 -0.0193 0.05198
v 0.004168 -0.01986 0.05205
v 0.004168 -0.01986 0.05205
v 0.004168 -0.01986 0.05205
v 0.003736 -0.02043 0.05204
v 0.003736 -0.02043 0.05204
v 0.003736 -0.02043 0.05204
v 0.001534 -0.02191 0.05202
v 0.001534 -0.02191 0.05202
v 0.001534 -0.02191 0.05202
v 0.004936 -0.01636 0.05195
v 0.004936 -0.01636 0.05195
v 0.004743 -0.01561 0.05197
v 0.004743 -0.01561 0.05197
v 0.004416 -0.01485 0.05198
v 0.004416 -0.01485 0.05198
v 0.004028 -0.01423 0.05198
v 0.004028 -0.01423 0.05198
v 0.002943 -0.01319 0.05206
v 0.002943 -0.01319 0.05206
v 0.002943 -0.01319 0.05206
v 0.003428 -0.0136 0.05205
v 0.003428 -0.0136 0.05205
v 0.003428 -0.0136 0.05205
v 0.004122 -0.01454 0.05208
v 0.004122 -0.01454 0.05208
v 0.004532 -0.01529 0.05207
v 0.004532 -0.01529 0.05207
v 0.004725 -0.01584 0.05208
v 0.004725 -0.01584 0.05208
v -0.001725 -0.01248 0.05196
v -0.000418 -0.0122 0.05198
v -0.000418 -0.0122 0.05198
v 0.000197 -0.01218 0.05197
v 0.000197 -0.01218 0.05197
v 0.000827 -0.01229 0.05205
v 0.000827 -0.01229 0.05205
v -0.000507 -0.02146 0.05209
v -0.000507 -0.02146 0.05209
v -0.000507 -0.02146 0.05209
v -0.004683 -0.01575 0.05208
v -0.004164 -0.01458 0.05207
v -0.004208 -0.01449 0.05197
v -0.004208 -0.01449 0.05197
v -0.00492 -0.01668 0.05205
v -0.00492 -0.01668 0.05205
v -0.00492 -0.01668 0.05205
v -0.004951 -0.01727 0.05205
v -0.004951 -0.01727 0.05205
v -0.001856 -0.02171 0.05207
v -0.001856 -0.02171 0.05207
v -0.001193 -0.02202 0.05199
v -0.001193 -0.02202 0.05199
v -0.001126 -0.02193 0.05208
v -0.001126 -0.02193 0.05208
v -0.004267 -0.0198 0.04855
v -0.004267 -0.0198 0.04855
v -0.003232 -0.02098 0.04855
v -0.003232 -0.02098 0.04855
v -0.004685 -0.0189 0.04855
v -0.004685 -0.0189 0.04855
v -0.003628 -0.0206 0.04855
v -0.003628 -0.0206 0.04855
v -0.003137 -0.02096 0.05207
v -0.003137 -0.02096 0.05207
v -0.003523 -0.02067 0.05205
v -0.003523 -0.02067 0.05205
v -0.003523 -0.02067 0.05205
v -0.002787 -0.02061 0.04777
v -0.002787 -0.02061 0.04777
v -0.003356 -0.02007 0.04776
v -0.003356 -0.02007 0.04776
v -0.003356 -0.02007 0.04776
v -0.004167 -0.01874 0.04775
v -0.004167 -0.01874 0.04775
v 0.004408 -0.01956 0.04855
v 0.004408 -0.01956 0.04855
v 0.004911 -0.01807 0.04855
v 0.004911 -0.01807 0.04855
v 0.003833 -0.02037 0.04855
v 0.003833 -0.02037 0.04855
v 0.004781 -0.0186 0.04855
v 0.004781 -0.0186 0.04855
v 0.004844 -0.018 0.05207
v 0.004646 -0.01876 0.05207
v 0.004646 -0.01876 0.05207
v 0.004367 -0.01787 0.04777
v 0.004367 -0.01787 0.04777
v 0.004185 -0.01863 0.04776
v 0.004185 -0.01863 0.04776
v 0.004185 -0.01863 0.04776
v 0.003436 -0.02 0.04775
v 0.003436 -0.02 0.04775
v 0.0028 -0.02122 0.05207
v 0.0028 -0.02122 0.05207
v 0.002335 -0.02154 0.05205
v 0.002335 -0.02154 0.05205
v 0.003211 -0.02084 0.05209
v 0.003211 -0.02084 0.05209
v 0.003211 -0.02084 0.05209
v 0.003211 -0.02084 0.05209
v 0.003211 -0.02084 0.05209
v -0.00014 -0.01217 0.04855
v -0.00014 -0.01217 0.04855
v -0.001677 -0.01247 0.04855
v -0.001677 -0.01247 0.04855
v 0.000852 -0.01226 0.04855
v 0.000852 -0.01226 0.04855
v -0.001152 -0.01232 0.04855
v -0.001152 -0.01232 0.04855
v -0.002406 -0.01285 0.05205
v -0.002406 -0.01285 0.05205
v -0.002406 -0.01285 0.05205
v -0.002406 -0.01285 0.05205
v -0.001158 -0.0124 0.05208
v -0.001158 -0.0124 0.05208
v -0.002183 -0.01328 0.0477
v -0.002183 -0.01328 0.0477
v -0.002183 -0.01328 0.0477
v -0.000788 -0.01284 0.04784
v -0.000788 -0.01284 0.04784
v -9.9E-05 -0.01275 0.04777
v -0.002652 -0.01378 0.05209
v -0.002652 -0.01378 0.05209
v -0.002652 -0.01378 0.05209
v 0.00185 -0.01328 0.05209
v 0.00185 -0.01328 0.05209
v 0.00185 -0.01328 0.05209
v -0.003664 -0.01932 0.05211
v -0.003664 -0.01932 0.05211
v -0.003664 -0.01932 0.05211
v -0.003664 -0.01932 0.05211
v -0.002855 -0.0202 0.05214
v -0.002855 -0.0202 0.05214
v -0.002855 -0.0202 0.05214
v -0.003629 -0.01515 0.05214
v -0.003629 -0.01515 0.05214
v -0.003629 -0.01515 0.05214
v -0.004202 -0.01734 0.05212
v -0.004202 -0.01734 0.05212
v -0.004086 -0.01794 0.05214
v -0.004086 -0.01794 0.05214
v -0.004086 -0.01794 0.05214
v -0.002466 -0.01385 0.05215
v -0.002466 -0.01385 0.05215
v -0.001277 -0.01321 0.05213
v -0.001277 -0.01321 0.05213
v -0.001277 -0.01321 0.05213
v -0.000551 -0.01309 0.0522
v 0.001526 -0.01331 0.05214
v 0.001526 -0.01331 0.05214
v 0.00028 -0.01302 0.05214
v 0.00028 -0.01302 0.05214
v 0.002152 -0.01365 0.05219
v 0.002152 -0.01365 0.05219
v 0.002636 -0.01399 0.0522
v 0.002636 -0.01399 0.0522
v -0.003078 -0.01443 0.0522
v -0.003078 -0.01443 0.0522
v 0.003033 -0.01425 0.05211
v 0.003033 -0.01425 0.05211
v 0.003033 -0.01425 0.05211
v 0.003287 -0.0147 0.05223
v 0.003287 -0.0147 0.05223
v -0.001989 -0.01351 0.05213
v -0.001989 -0.01351 0.05213
v 0.00354 -0.0149 0.05211
v 0.00354 -0.0149 0.05211
v 0.002265 -0.01352 0.05209
v 0.002265 -0.01352 0.05209
v 0.002265 -0.01352 0.05209
v 0.00372 -0.0154 0.05221
v 0.00372 -0.0154 0.05221
v 0.003873 -0.01553 0.05212
v 0.003873 -0.01553 0.05212
v 0.004051 -0.01625 0.05213
v 0.004051 -0.01625 0.05213
v 0.004051 -0.01625 0.05213
v -0.004091 -0.01666 0.0522
v -0.004091 -0.01666 0.0522
v -0.003848 -0.01568 0.05219
v -0.003848 -0.01568 0.05219
v -0.00417 -0.01653 0.05211
v -0.00417 -0.01653 0.05211
v -0.00417 -0.01653 0.05211
v -0.004124 -0.01747 0.05218
v -0.004124 -0.01747 0.05218
v 0.003233 -0.0147 0.0548
v 0.003233 -0.0147 0.0548
v 0.002453 -0.02045 0.05473
v 0.002453 -0.02045 0.05473
v 0.002228 -0.02068 0.05213
v 0.002228 -0.02068 0.05213
v 0.000644 -0.01313 0.05473
v 0.003196 -0.01973 0.05475
v 0.003196 -0.01973 0.05475
v -0.000387 -0.0131 0.05473
v -0.000387 -0.0131 0.05473
v 0.003815 -0.01882 0.05214
v 0.003815 -0.01882 0.05214
v 0.003922 -0.01835 0.05474
v 0.003922 -0.01835 0.05474
v -0.001383 -0.01332 0.05473
v -0.001383 -0.01332 0.05473
v -0.002406 -0.01386 0.05472
v -0.002406 -0.01386 0.05472
v 0.004155 -0.01707 0.05215
v 0.004155 -0.01707 0.05215
v 0.003838 -0.01825 0.05483
v 0.004038 -0.01753 0.05479
v 0.004038 -0.01753 0.05479
v -0.003833 -0.01849 0.0548
v -0.003833 -0.01849 0.0548
v -0.001485 -0.02089 0.05483
v -0.001485 -0.02089 0.05483
v -0.00139 -0.02104 0.05472
v -0.00139 -0.02104 0.05472
v -0.00324 -0.01964 0.0548
v -0.00324 -0.01964 0.0548
v 0.004043 -0.01706 0.0548
v 0.004043 -0.01706 0.0548
v 0.004002 -0.01653 0.0548
v 0.004002 -0.01653 0.0548
v -0.00022 -0.02119 0.05483
v -0.00022 -0.02119 0.05483
v -0.000151 -0.02126 0.05473
v -0.000151 -0.02126 0.05473
v 0.000873 -0.02114 0.05479
v 0.000873 -0.02114 0.05479
v 0.000873 -0.02114 0.05479
v 0.001735 -0.02085 0.05478
v 0.001735 -0.02085 0.05478
v 0.001735 -0.02085 0.05478
v 0.002609 -0.02021 0.05483
v 0.003535 -0.01914 0.0548
v 0.003535 -0.01914 0.0548
v 0.003535 -0.01914 0.0548
v -0.002477 -0.02037 0.05481
v -0.002477 -0.02037 0.05481
v -0.002477 -0.02037 0.05481
v -0.003998 -0.01783 0.0548
v -0.003998 -0.01783 0.0548
v -0.003998 -0.01783 0.0548
v -0.003866 -0.01937 0.04794
v -0.003866 -0.01937 0.04794
v -0.003866 -0.01937 0.04794
v -0.003866 -0.01937 0.04794
v -0.002942 -0.02053 0.04798
v -0.002942 -0.02053 0.04798
v 0.003834 -0.01943 0.04794
v 0.003834 -0.01943 0.04794
v 0.003834 -0.01943 0.04794
v 0.003834 -0.01943 0.04794
v 0.004378 -0.01804 0.04798
v 0.004378 -0.01804 0.04798
v 0.001429 -0.02126 0.05209
v 0.001429 -0.02126 0.05209
v 0.001429 -0.02126 0.05209
v 0.002835 -0.02022 0.05214
v 0.002835 -0.02022 0.05214
v 0.000373 -0.01274 0.04795
v 0.000373 -0.01274 0.04795
v -0.001455 -0.01301 0.04788
v -0.001455 -0.01301 0.04788
v -0.001455 -0.01301 0.04788
v 0.000749 -0.02136 0.0521
v 0.000749 -0.02136 0.0521
v 0.000656 -0.02124 0.05221
v 0.000656 -0.02124 0.05221
v -1.4E-05 -0.02133 0.05215
v -1.4E-05 -0.02133 0.05215
v -0.001553 -0.02103 0.05213
v -0.001553 -0.02103 0.05213
v -0.001553 -0.02103 0.05213
v -0.002178 -0.02069 0.05217
v -0.002178 -0.02069 0.05217
v -0.0033 -0.01965 0.0522
v -0.0033 -0.01965 0.0522
v 0.004056 -0.0181 0.05214
v 0.004056 -0.0181 0.05214
v 0.001438 -0.02107 0.05216
v 0.001438 -0.02107 0.05216
v 0.003452 -0.01949 0.05214
v 0.003452 -0.01949 0.05214
v -0.00056 -0.02128 0.05217
v -0.00056 -0.02128 0.05217
v -0.003798 -0.01881 0.05219
v -0.003798 -0.01881 0.05219
v 0.000704 -0.0128 0.04777
v 0.000704 -0.0128 0.04777
v -0.003096 -0.0145 0.05472
v -0.003096 -0.0145 0.05472
v -0.003682 -0.0154 0.05476
v -0.003682 -0.0154 0.05476
v -0.003682 -0.0154 0.05476
v -0.004086 -0.01714 0.05475
v -0.004086 -0.01714 0.05475
v -0.003916 -0.01609 0.05479
v -0.003916 -0.01609 0.05479
v -0.003916 -0.01609 0.05479
v -0.004001 -0.01693 0.05482
v -0.004001 -0.01693 0.05482
v 0.003835 -0.01586 0.05479
v 0.003835 -0.01586 0.05479
v 0.001586 -0.01344 0.0548
v 0.001586 -0.01344 0.0548
v 0.001586 -0.01344 0.0548
v 0.00022 -0.01316 0.05483
v 0.00022 -0.01316 0.05483
v 0.00022 -0.01316 0.05483
v -0.001399 -0.01341 0.05483
v -0.001399 -0.01341 0.05483
v -0.002502 -0.01405 0.05483
v -0.002502 -0.01405 0.05483
v -0.003199 -0.01477 0.05483
v -0.003199 -0.01477 0.05483
v 0.002457 -0.01396 0.05481
v 0.002457 -0.01396 0.05481
v -0.000194 -0.01989 0.05484
v -0.000194 -0.01989 0.05484
v -0.000194 -0.01989 0.05484
v -0.001509 -0.01879 0.05484
v -0.001509 -0.01879 0.05484
v -0.001509 -0.01879 0.05484
v -0.000438 -0.01814 0.05484
v -0.000438 -0.01814 0.05484
v -0.001296 -0.01822 0.05484
v -0.001296 -0.01822 0.05484
v -0.001296 -0.01822 0.05484
v -0.001296 -0.01822 0.05484
v -0.000679 -0.01629 0.05484
v -0.000679 -0.01629 0.05484
v -0.000565 -0.01538 0.05484
v -0.000565 -0.01538 0.05484
v -0.000565 -0.01538 0.05484
v -0.000565 -0.01538 0.05484
v -0.00111 -0.01727 0.05484
v -0.00111 -0.01727 0.05484
v -0.002092 -0.01862 0.05484
v -0.002092 -0.01862 0.05484
v -0.002092 -0.01862 0.05484
v -0.002092 -0.01862 0.05484
v 0.00231 -0.01779 0.05484
v 0.00231 -0.01779 0.05484
v 0.00231 -0.01779 0.05484
v 0.002131 -0.01837 0.05484
v 0.002131 -0.01837 0.05484
v 0.002131 -0.01837 0.05484
v 0.002131 -0.01837 0.05484
v -0.001878 -0.01805 0.05484
v -0.001878 -0.01805 0.05484
v -0.001878 -0.01805 0.05484
v -0.000498 -0.01478 0.05484
v -0.000498 -0.01478 0.05484
v -0.000498 -0.01478 0.05484
v 0.001539 -0.01824 0.05484
v 0.001539 -0.01824 0.05484
v 0.001539 -0.01824 0.05484
v -0.002255 -0.01565 0.05484
v -0.002255 -0.01565 0.05484
v -0.002255 -0.01565 0.05484
v 0.002446 -0.01599 0.05484
v 0.002446 -0.01599 0.05484
v 0.002446 -0.01599 0.05484
v -0.002635 -0.01656 0.05484
v -0.002635 -0.01656 0.05484
v -0.002635 -0.01656 0.05484
v 0.000788 -0.01977 0.05484
v 0.000788 -0.01977 0.05484
v 0.000788 -0.01977 0.05484
v 0.001853 -0.0152 0.05484
v 0.001853 -0.0152 0.05484
v 0.001853 -0.0152 0.05484
v 0.001055 -0.01707 0.05484
v 0.001055 -0.01707 0.05484
v 0.001718 -0.01766 0.05484
v 0.001718 -0.01766 0.05484
v 0.001718 -0.01766 0.05484
v 0.001718 -0.01766 0.05484
v 0.00064 -0.01809 0.05484
v 0.00064 -0.01809 0.05484
v 0.000106 -0.01479 0.05484
v 0.000106 -0.01479 0.05484
v 0.000106 -0.01479 0.05484
v 0.000106 -0.01479 0.05484
v 3.9E-05 -0.0154 0.05484
v 3.9E-05 -0.0154 0.05484
v 3.9E-05 -0.0154 0.05484
v 0.000438 -0.01619 0.05484
v 0.000438 -0.01619 0.05484
v 0.000501 -0.01615 0.05564
v 0.000501 -0.01615 0.05564
v -0.000418 -0.01475 0.05076
v -0.000418 -0.01475 0.05076
v -0.000418 -0.01475 0.05076
v -0.000614 -0.01506 0.05071
v -0.000614 -0.01506 0.05071
v -0.000614 -0.01506 0.05071
v -0.000614 -0.01506 0.05071
v -0.000433 -0.01543 0.05078
v -0.000433 -0.01543 0.05078
v -0.000433 -0.01543 0.05078
v -4.1E-05 -0.01543 0.05076
v -4.1E-05 -0.01543 0.05076
v -4.1E-05 -0.01543 0.05076
v -0.000123 -0.01513 0.0505
v -0.000123 -0.01513 0.0505
v -0.000123 -0.01513 0.0505
v -0.000383 -0.01505 0.05051
v -0.000383 -0.01505 0.05051
v -0.0003 -0.01535 0.05058
v -0.0003 -0.01535 0.05058
v -0.0003 -0.01535 0.05058
v -0.001933 -0.01812 0.05073
v -0.001933 -0.01812 0.05073
v -0.001933 -0.01812 0.05073
v -0.001933 -0.01812 0.05073
v -0.002054 -0.01835 0.0507
v -0.002054 -0.01835 0.0507
v -0.002054 -0.01835 0.0507
v -0.002017 -0.01857 0.05066
v -0.002017 -0.01857 0.05066
v -0.002017 -0.01857 0.05066
v -0.001809 -0.01879 0.05076
v -0.001809 -0.01879 0.05076
v -0.001454 -0.01872 0.05073
v -0.001454 -0.01872 0.05073
v -0.001454 -0.01872 0.05073
v -0.001454 -0.01872 0.05073
v -0.001514 -0.01832 0.05053
v -0.001514 -0.01832 0.05053
v -0.001514 -0.01832 0.05053
v -0.001514 -0.01832 0.05053
v -0.001666 -0.01861 0.05053
v -0.001666 -0.01861 0.05053
v -0.00131 -0.0184 0.05071
v -0.00131 -0.0184 0.05071
v -0.00131 -0.0184 0.05071
v 0.001604 -0.01781 0.05075
v 0.001604 -0.01781 0.05075
v 0.001604 -0.01781 0.05075
v 0.001558 -0.01801 0.0507
v 0.001558 -0.01801 0.0507
v 0.001558 -0.01801 0.0507
v 0.001632 -0.01827 0.05075
v 0.001632 -0.01827 0.05075
v 0.001632 -0.01827 0.05075
v 0.001917 -0.0184 0.05072
v 0.001917 -0.0184 0.05072
v 0.001917 -0.0184 0.05072
v 0.001917 -0.0184 0.05072
v 0.002245 -0.01823 0.05075
v 0.002245 -0.01823 0.05075
v 0.002245 -0.01823 0.05075
v 0.002291 -0.01802 0.0507
v 0.002291 -0.01802 0.0507
v 0.002291 -0.01802 0.0507
v 0.002216 -0.01777 0.05075
v 0.002216 -0.01777 0.05075
v 0.002216 -0.01777 0.05075
v 0.001931 -0.01764 0.05072
v 0.001931 -0.01764 0.05072
v 0.001931 -0.01764 0.05072
v 0.001931 -0.01764 0.05072
v 0.001802 -0.01793 0.05049
v 0.001802 -0.01793 0.05049
v 0.001802 -0.01793 0.05049
v -0.001158 -0.01724 0.05564
v -0.001158 -0.01724 0.05564
v -0.002638 -0.01656 0.05564
v -0.002638 -0.01656 0.05564
v -0.002638 -0.01656 0.05564
v -0.000461 -0.01808 0.05564
v -0.000461 -0.01808 0.05564
v -0.000461 -0.01808 0.05564
v -0.000461 -0.01808 0.05564
v -0.000196 -0.01989 0.05564
v -0.000196 -0.01989 0.05564
v -0.000196 -0.01989 0.05564
v 0.000787 -0.01976 0.05564
v 0.000787 -0.01976 0.05564
v 0.000787 -0.01976 0.05564
v 0.000638 -0.01802 0.05564
v 0.000638 -0.01802 0.05564
v 0.001105 -0.01703 0.05564
v 0.001105 -0.01703 0.05564
v 0.002442 -0.016 0.05564
v 0.002442 -0.016 0.05564
v 0.002442 -0.016 0.05564
v 0.001863 -0.01519 0.05564
v 0.001863 -0.01519 0.05564
v 0.001863 -0.01519 0.05564
v -0.000617 -0.01631 0.05564
v -0.000617 -0.01631 0.05564
v -0.002251 -0.01565 0.05564
v -0.002251 -0.01565 0.05564
v -0.002251 -0.01565 0.05564
v 0.000154 -0.01511 0.05071
v 0.000154 -0.01511 0.05071
v 0.000154 -0.01511 0.05071
v 0.000154 -0.01511 0.05071
v -5.8E-05 -0.01474 0.05072
v -5.8E-05 -0.01474 0.05072
v -5.8E-05 -0.01474 0.05072
v -5.8E-05 -0.01474 0.05072
v -0.001578 -0.01804 0.05076
v -0.001578 -0.01804 0.05076
v -0.001578 -0.01804 0.05076
v 0.000534 -0.01745 0.05564
v 0.000534 -0.01745 0.05564
v 0.000534 -0.01745 0.05564
v 0.000534 -0.01745 0.05564
v 0.000534 -0.01745 0.05564
v -0.000169 -0.01742 0.05559
v -0.000169 -0.01742 0.05559
v -0.000169 -0.01742 0.05559
v -0.000169 -0.01742 0.05559
v -0.000169 -0.01742 0.05559
v -0.000208 -0.01714 0.05562
v -0.000208 -0.01714 0.05562
v -0.000208 -0.01714 0.05562
v -0.000208 -0.01714 0.05562
v -0.000514 -0.01689 0.05561
v -0.000514 -0.01689 0.05561
v -0.000514 -0.01689 0.05561
v 0.000421 -0.01642 0.05559
v 0.000421 -0.01642 0.05559
v 0.000182 -0.01645 0.05561
v 0.000182 -0.01645 0.05561
v -0.000422 -0.01772 0.05557
v -0.000422 -0.01772 0.05557
v -0.000422 -0.01772 0.05557
v 0.000209 -0.01703 0.05564
v 0.000209 -0.01703 0.05564
v 0.000209 -0.01703 0.05564
v 0.000209 -0.01703 0.05564
v 0.000209 -0.01703 0.05564
v 0.000209 -0.01703 0.05564
v -0.000163 -0.01492 0.05052
v -0.000163 -0.01492 0.05052
v -0.000163 -0.01492 0.05052
v -0.001765 -0.01831 0.05049
v -0.001765 -0.01831 0.05049
v 0.002044 -0.0181 0.05049
v 0.002044 -0.0181 0.05049
v 0.002044 -0.0181 0.05049
v 0.000427 -0.01721 0.05544
v 0.000427 -0.01721 0.05544
v 0.000427 -0.01721 0.05544
v 0.000427 -0.01721 0.05544
v 0.000427 -0.01721 0.05544
v 0.000427 -0.01721 0.05544
v 0.000535 -0.01746 0.05544
v 0.000535 -0.01746 0.05544
v 0.000535 -0.01746 0.05544
v 0.000535 -0.01746 0.05544
v 0.000171 -0.01689 0.05544
v 0.000171 -0.01689 0.05544
v 0.000171 -0.01689 0.05544
v -0.000236 -0.01722 0.05544
v -0.000236 -0.01722 0.05544
v -0.000236 -0.01722 0.05544
v -0.000236 -0.01722 0.05544
v -0.000236 -0.01722 0.05544
f 3304 3303 3287
f 3299 3294 3292
f 3291 3294 3299
f 3291 3293 3294
f 3296 3295 3293
f 3300 3289 3295
f 3296 3300 3295
f 3294 3293 3295
f 3301 3300 3296
f 3300 3298 3289
f 3305 3300 3301
f 3306 3298 3300
f 3305 3306 3300
f 3290 3288 3297
f 3295 3292 3294
f 3309 3297 3691
f 3308 3298 3306
f 3299 3290 3297
f 3310 3308 3306
f 3309 3299 3297
f 3312 3299 3309
f 3313 3308 3310
f 3299 3292 3290
f 3313 3314 3308
f 3291 3299 3312
f 3302 3308 3314
f 3287 3314 3313
f 3295 3289 3292
f 3303 3302 3314
f 3303 3314 3287
f 3457 3316 3732
f 3531 3315 3467
f 3316 3457 3323
f 3320 3338 3458
f 3532 3336 3531
f 3450 3329 3325
f 3450 3458 3329
f 3317 3330 3326
f 3708 3330 3317
f 3531 3336 3315
f 3520 3331 3327
f 3316 3323 3337
f 3327 3340 3320
f 3458 3338 3329
f 3307 3319 3311
f 3327 3331 3340
f 3532 3523 3339
f 3532 3339 3336
f 3330 3708 3331
f 3337 3341 3528
f 3526 3341 3523
f 3320 3340 3338
f 3323 3341 3337
f 3528 3341 3526
f 3325 3329 3688
f 3315 3346 3319
f 3315 3336 3342
f 3343 3341 3323
f 3523 3341 3339
f 3315 3342 3346
f 3319 3346 3311
f 3338 3348 3329
f 3336 3339 3342
f 3329 3347 3688
f 3331 3345 3340
f 3331 3708 3345
f 3340 3349 3338
f 3311 3346 3313
f 3341 3351 3339
f 3688 3347 3352
f 3329 3348 3347
f 3706 3345 3708
f 3343 3353 3341
f 3340 3345 3355
f 3340 3355 3349
f 3517 3338 3349
f 3348 3338 3517
f 3341 3353 3351
f 3505 3342 3357
f 3346 3359 3313
f 3351 3357 3339
f 3339 3357 3342
f 3346 3505 3359
f 3342 3505 3346
f 3706 3361 3345
f 3392 3361 3706
f 3517 3360 3348
f 3348 3360 3347
f 3345 3361 3355
f 3517 3519 3360
f 3519 3363 3360
f 3471 3351 3353
f 3359 3373 3313
f 3351 3365 3357
f 3505 3367 3359
f 3365 3351 3471
f 3360 3374 3347
f 3359 3367 3373
f 3347 3374 3352
f 3352 3374 3690
f 3371 3389 3367
f 3369 3381 3363
f 3363 3381 3360
f 3360 3381 3382
f 3360 3382 3374
f 3383 3386 3379
f 3361 3386 3383
f 3515 3381 3369
f 3515 3379 3381
f 3313 3373 3287
f 3367 3389 3373
f 3471 3394 3365
f 3365 3394 3390
f 3371 3375 3389
f 3392 3386 3361
f 3387 3390 3395
f 3387 3395 3377
f 3377 3395 3375
f 3396 3386 3392
f 3390 3394 3395
f 3375 3395 3389
f 3396 3399 3386
f 3379 3398 3381
f 3373 3304 3287
f 3412 3394 3471
f 3379 3399 3398
f 3374 3400 3690
f 3386 3399 3379
f 3381 3398 3382
f 3395 3402 3389
f 3374 3382 3400
f 3373 3389 3401
f 3389 3402 3401
f 3373 3401 3304
f 3395 3403 3402
f 3690 3400 3404
f 3395 3394 3403
f 3399 3407 3398
f 3412 3403 3394
f 3405 3399 3396
f 3382 3410 3408
f 3398 3410 3382
f 3401 3411 3304
f 3401 3415 3414
f 3402 3415 3401
f 3382 3408 3400
f 3400 3408 3498
f 3402 3728 3415
f 3398 3407 3410
f 3405 3419 3399
f 3497 3399 3416
f 3407 3399 3497
f 3399 3419 3416
f 3624 3419 3421
f 3421 3419 3405
f 3414 3411 3401
f 3402 3403 3728
f 3728 3403 3726
f 3412 3384 3403
f 3403 3513 3726
f 3414 3423 3411
f 3403 3384 3513
f 3304 3411 3698
f 3423 3424 3411
f 3616 3428 3425
f 3428 3432 3425
f 3425 3432 3301
f 3429 3437 3426
f 3508 3437 3429
f 3423 3440 3424
f 3423 3426 3440
f 3411 3424 3698
f 3384 3507 3513
f 3433 3507 3384
f 3334 3435 3620
f 3620 3435 3500
f 3426 3437 3440
f 3501 3444 3428
f 3500 3443 3441
f 3501 3503 3444
f 3500 3435 3443
f 3438 3443 3503
f 3428 3444 3432
f 3438 3441 3443
f 3301 3445 3305
f 3301 3432 3445
f 3424 3449 3698
f 3510 3507 3446
f 3424 3440 3449
f 3503 3443 3444
f 3433 3446 3507
f 3510 3446 3508
f 3508 3446 3437
f 3435 3447 3443
f 3444 3453 3432
f 3443 3454 3444
f 3698 3449 3450
f 3710 3446 3433
f 3305 3445 3307
f 3437 3451 3440
f 3447 3457 3443
f 3437 3455 3451
f 3446 3455 3437
f 3443 3457 3454
f 3440 3458 3449
f 3432 3453 3445
f 3444 3460 3453
f 3440 3459 3458
f 3465 3458 3459
f 3710 3468 3446
f 3453 3315 3445
f 3440 3451 3459
f 3445 3319 3307
f 3446 3468 3455
f 3445 3315 3319
f 3457 3732 3454
f 3444 3463 3460
f 3453 3460 3466
f 3317 3468 3710
f 3454 3463 3444
f 3453 3466 3315
f 3315 3466 3467
f 3323 3457 3447
f 3449 3458 3450
f 3454 3734 3463
f 3454 3732 3734
f 3317 3326 3468
f 3465 3320 3458
f 3324 3448 3344
f 3475 3477 3473
f 3485 3487 3483
f 3439 3504 3442
f 3527 3524 3529
f 3648 3535 3643
f 3642 3534 3646
f 3488 3486 3534
f 3544 3549 3648
f 3539 3543 3538
f 3648 3549 3535
f 3704 3545 3536
f 3536 3545 3542
f 3312 3547 3291
f 3312 3538 3547
f 3535 3548 3541
f 3544 3550 3549
f 3658 3543 3539
f 3486 3484 3534
f 3534 3484 3555
f 3676 3550 3544
f 3538 3543 3547
f 3658 3554 3543
f 3542 3545 3551
f 3551 3556 3552
f 3659 3554 3658
f 3671 3673 3677
f 3655 3554 3659
f 3535 3549 3548
f 3552 3556 3674
f 3674 3556 3676
f 3545 3556 3551
f 3700 3556 3545
f 3657 3555 3557
f 3657 3557 3655
f 3550 3560 3549
f 3481 3557 3484
f 3484 3557 3555
f 3655 3557 3554
f 3543 3565 3547
f 3676 3556 3558
f 3548 3559 3541
f 3543 3554 3561
f 3549 3560 3548
f 3676 3558 3550
f 3543 3561 3565
f 3541 3559 3562
f 3700 3563 3556
f 3547 3564 3291
f 3556 3563 3558
f 3550 3558 3560
f 3554 3572 3561
f 3561 3572 3565
f 3560 3663 3548
f 3547 3565 3564
f 3548 3663 3566
f 3557 3571 3554
f 3554 3576 3572
f 3548 3566 3559
f 3291 3564 3293
f 3554 3571 3576
f 3721 3560 3724
f 3481 3571 3557
f 3560 3558 3724
f 3560 3721 3663
f 3700 3569 3563
f 3565 3667 3564
f 3558 3574 3724
f 3558 3563 3574
f 3559 3578 3562
f 3572 3667 3565
f 3481 3479 3571
f 3559 3566 3578
f 3574 3563 3579
f 3563 3723 3579
f 3569 3723 3563
f 3582 3567 3580
f 3479 3585 3571
f 3576 3571 3585
f 3566 3583 3589
f 3479 3478 3585
f 3566 3589 3578
f 3564 3592 3293
f 3593 3668 3587
f 3664 3723 3569
f 3564 3667 3592
f 3583 3609 3589
f 3594 3596 3667
f 3661 3597 3590
f 3583 3590 3609
f 3667 3596 3592
f 3664 3597 3661
f 3569 3604 3664
f 3598 3665 3594
f 3293 3592 3296
f 3601 3605 3665
f 3600 3605 3601
f 3585 3476 3600
f 3478 3476 3585
f 3569 3702 3604
f 3578 3603 3562
f 3562 3603 3684
f 3594 3665 3596
f 3600 3476 3605
f 3664 3604 3597
f 3590 3597 3609
f 3578 3589 3603
f 3592 3606 3296
f 3665 3605 3596
f 3589 3610 3603
f 3596 3607 3592
f 3604 3608 3597
f 3589 3609 3610
f 3605 3611 3596
f 3604 3702 3608
f 3592 3607 3606
f 3596 3617 3607
f 3684 3612 3691
f 3603 3612 3684
f 3603 3610 3612
f 3605 3613 3611
f 3596 3611 3617
f 3614 3608 3702
f 3296 3425 3301
f 3606 3425 3296
f 3610 3609 3649
f 3607 3425 3606
f 3654 3610 3649
f 3474 3613 3476
f 3476 3613 3605
f 3607 3616 3425
f 3607 3617 3616
f 3652 3649 3609
f 3597 3618 3609
f 3609 3618 3652
f 3400 3498 3491
f 3597 3650 3618
f 3489 3608 3614
f 3474 3620 3613
f 3597 3680 3650
f 3611 3719 3617
f 3400 3623 3404
f 3608 3680 3597
f 3654 3612 3610
f 3334 3620 3474
f 3611 3717 3719
f 3622 3612 3654
f 3613 3717 3611
f 3608 3679 3680
f 3613 3620 3717
f 3493 3627 3491
f 3679 3608 3715
f 3400 3491 3623
f 3489 3715 3608
f 3691 3612 3309
f 3622 3626 3612
f 3491 3627 3623
f 3628 3626 3622
f 3628 3630 3626
f 3495 3627 3493
f 3715 3489 3714
f 3404 3623 3632
f 3716 3633 3495
f 3716 3624 3633
f 3630 3712 3626
f 3469 3714 3489
f 3714 3634 3712
f 3421 3633 3624
f 3627 3635 3623
f 3612 3626 3636
f 3495 3633 3641
f 3469 3634 3714
f 3421 3637 3633
f 3623 3639 3632
f 3612 3636 3309
f 3626 3640 3636
f 3627 3641 3635
f 3495 3641 3627
f 3712 3634 3642
f 3712 3642 3626
f 3626 3642 3640
f 3635 3643 3623
f 3636 3538 3309
f 3469 3488 3634
f 3623 3643 3639
f 3309 3538 3312
f 3642 3646 3640
f 3641 3644 3635
f 3637 3704 3633
f 3636 3539 3538
f 3634 3534 3642
f 3635 3644 3730
f 3635 3730 3643
f 3704 3536 3633
f 3639 3535 3632
f 3636 3540 3539
f 3639 3643 3535
f 3633 3536 3641
f 3636 3682 3540
f 3640 3682 3636
f 3488 3534 3634
f 3632 3535 3541
f 3641 3536 3644
f 3640 3646 3682
f 3678 3544 3672
f 3715 3654 3679
f 3654 3649 3679
f 3679 3653 3681
f 3649 3653 3679
f 3681 3653 3651
f 3651 3653 3619
f 3657 3658 3555
f 3539 3540 3555
f 3555 3540 3534
f 3540 3683 3534
f 3683 3647 3534
f 3658 3539 3555
f 3692 3688 3687
f 3325 3688 3692
f 3691 3297 3684
f 3690 3689 3352
f 3690 3685 3689
f 3690 3694 3685
f 3688 3352 3689
f 3288 3684 3297
f 3404 3694 3690
f 3694 3693 3685
f 3689 3687 3688
f 3632 3694 3404
f 3695 3693 3694
f 3689 3685 3687
f 3696 3686 3302
f 3696 3302 3303
f 3698 3696 3303
f 3695 3697 3693
f 3632 3695 3694
f 3698 3303 3304
f 3541 3695 3632
f 3692 3687 3686
f 3699 3697 3695
f 3692 3686 3696
f 3450 3696 3698
f 3450 3692 3696
f 3541 3699 3695
f 3562 3699 3541
f 3325 3692 3450
f 3687 3685 3686
f 3684 3697 3699
f 3684 3288 3697
f 3684 3699 3562
f 3705 3701 3546
f 3638 3422 3705
f 3406 3397 3422
f 3318 3711 3709
f 3407 3497 3410
f 3579 3663 3575
f 3575 3663 3725
f 3725 3663 3722
f 3452 3456 3459
f 3685 3693 3292
f 3686 3289 3298
f 3686 3298 3308
f 3685 3292 3289
f 3693 3697 3290
f 3693 3290 3292
f 3685 3289 3686
f 3697 3288 3290
f 3686 3308 3302
f 3736 3354 3344
f 3738 3736 3344
f 3736 3472 3354
f 3738 3344 3448
f 3736 3413 3472
f 3740 3448 3436
f 3740 3738 3448
f 3742 3413 3736
f 3742 3385 3413
f 3740 3436 3335
f 3742 3434 3385
f 3744 3740 3335
f 3744 3335 3473
f 3742 3711 3434
f 3477 3744 3473
f 3746 3711 3742
f 3746 3709 3711
f 3748 3744 3477
f 3480 3748 3477
f 3746 3707 3709
f 3750 3748 3480
f 3482 3750 3480
f 3752 3707 3746
f 3483 3750 3482
f 3393 3707 3752
f 3487 3754 3750
f 3487 3750 3483
f 3397 3393 3752
f 3470 3754 3487
f 3422 3397 3752
f 3422 3752 3756
f 3490 3754 3470
f 3490 3758 3754
f 3615 3758 3490
f 3703 3758 3615
f 3705 3422 3756
f 3705 3756 3760
f 3570 3758 3703
f 3701 3705 3760
f 3570 3760 3758
f 3570 3701 3760
f 3761 3757 3762
f 3743 3764 3768
f 3761 3762 3770
f 3747 3743 3768
f 3747 3768 3774
f 3759 3770 3833
f 3759 3761 3770
f 3753 3747 3774
f 3753 3774 3776
f 3759 3833 3779
f 3755 3759 3779
f 3755 3779 3781
f 3753 3776 3783
f 3757 3753 3783
f 3757 3783 3762
f 3812 3787 3851
f 3856 3801 3868
f 3788 3801 3856
f 3809 3794 3799
f 3863 3805 3771
f 3810 3780 3795
f 3802 3775 3869
f 3837 3772 3763
f 3807 3820 3791
f 3803 3824 3806
f 3821 3816 3792
f 3812 3828 3787
f 3826 3801 3788
f 3814 3820 3807
f 3830 3824 3803
f 3788 3829 3826
f 3805 3834 3771
f 3789 3843 3804
f 3785 3784 3777
f 3835 3828 3812
f 3844 3830 3803
f 3793 3838 3786
f 3805 3825 3834
f 3837 3784 3785
f 3817 3838 3793
f 3827 3775 3802
f 3831 3843 3789
f 3810 3782 3780
f 3829 3846 3826
f 3849 3852 4411
f 3830 3854 3824
f 4412 3857 3858
f 3851 3857 4412
f 3827 3778 3775
f 3861 3843 3831
f 3855 3834 3825
f 3822 3864 3818
f 3859 3868 3870
f 3814 3872 3820
f 3837 3763 3784
f 3835 3874 3828
f 3819 3865 3839
f 3869 3769 3871
f 3841 3872 3814
f 3873 3866 3823
f 3856 3868 3859
f 3830 3796 3854
f 3829 3875 3846
f 3847 3778 3827
f 3844 3797 3830
f 3875 3786 3846
f 3789 3872 3841
f 3855 3780 3834
f 3848 3785 3777
f 3861 3880 3843
f 3807 3791 3835
f 3835 3791 3874
f 3845 3881 3798
f 3789 3804 3872
f 3795 3780 3855
f 3851 3787 3857
f 3803 3806 3873
f 3793 3786 3875
f 3869 3775 3769
f 3867 3773 3840
f 3873 3806 3866
f 3800 3798 3881
f 3882 3862 3900
f 3884 3808 3898
f 3898 3808 3836
f 3876 3862 3882
f 3889 3808 3884
f 3889 3815 3808
f 3889 3842 3815
f 3891 3842 3889
f 3886 3853 3850
f 3894 3853 3886
f 3896 3790 3891
f 3891 3790 3842
f 3894 3813 3853
f 3898 3813 3894
f 3900 3790 3896
f 3900 3832 3790
f 3900 3862 3832
f 3898 3836 3813
f 3924 3916 3990
f 3918 3987 3920
f 3926 3929 3969
f 3919 3883 3988
f 3914 3895 3979
f 3933 3939 3904
f 3925 3885 3917
f 3905 3941 3915
f 3907 3946 3912
f 3930 3950 3908
f 3935 3944 3902
f 3913 3947 3892
f 3903 3955 3924
f 3939 3957 3904
f 3926 3962 3929
f 3948 3897 3893
f 3951 3949 3909
f 3953 3944 3935
f 3937 3959 3927
f 3960 3962 3926
f 3956 3890 3925
f 3906 3964 3942
f 3958 3964 3906
f 3925 3890 3885
f 3914 3943 3895
f 3963 3967 3931
f 3931 3967 3952
f 3969 3953 3935
f 3897 3948 3901
f 3945 3955 3903
f 3973 3975 3977
f 3943 3899 3895
f 3976 3980 3985
f 3960 3983 3962
f 3981 3957 3939
f 3951 3968 3949
f 3979 3887 3986
f 3968 3989 3949
f 3984 3967 3963
f 3988 3901 3948
f 3964 3916 3942
f 3945 3912 3955
f 3981 3902 3957
f 3958 3990 3964
f 3917 3899 3943
f 3903 3990 3958
f 3956 3892 3890
f 3913 3892 3956
f 3990 3916 3964
f 3965 3983 3960
f 3969 3929 3953
f 3917 3885 3899
f 3953 3910 3944
f 3979 3895 3887
f 3932 3911 3954
f 3976 3915 3980
f 3984 3921 3967
f 3901 3988 3883
f 3973 3904 3975
f 3907 3912 3945
f 3981 3935 3902
f 3903 3924 3990
f 3922 3989 3968
f 3991 3983 3965
f 3933 3904 3973
f 3992 3921 3984
f 3905 3915 3976
f 3994 3982 4014
f 3994 3936 3982
f 3996 3936 3994
f 3996 3970 3936
f 4002 3974 4531
f 4531 3974 3971
f 4006 3970 3996
f 4008 3928 4006
f 4006 3928 3970
f 4002 3934 3974
f 4055 3934 4002
f 4008 3938 3928
f 4010 3934 4055
f 4012 3938 4008
f 4010 3940 3934
f 4012 3961 3938
f 4014 3940 4010
f 3998 3966 4012
f 4012 3966 3961
f 4014 3982 3940
f 4023 4016 4096
f 4019 4025 3997
f 4031 4033 4035
f 4029 4025 4019
f 4025 4007 3997
f 4051 4069 4026
f 4033 4053 4022
f 4047 4056 4003
f 4017 3999 4087
f 4029 4057 4025
f 4088 4000 4013
f 4031 4059 4033
f 4045 4061 4037
f 4022 4063 4048
f 4054 4063 4022
f 4065 4016 4023
f 4060 4054 4034
f 4066 4001 4018
f 4037 4061 4041
f 4047 4064 4056
f 4042 3995 4015
f 4070 4030 4027
f 4067 4046 4020
f 4062 3995 4042
f 4058 4007 4025
f 4070 4073 4030
f 4031 4077 4059
f 4045 4075 4061
f 4074 4057 4029
f 4064 4011 4056
f 4067 4026 4046
f 4054 4081 4063
f 4060 4081 4054
f 4076 3995 4062
f 4028 4083 4045
f 4085 4077 4031
f 4058 4009 4007
f 4064 4082 4011
f 4074 4087 4057
f 4045 4083 4075
f 4076 3997 3995
f 4088 4013 4058
f 4079 4097 4071
f 4013 4009 4058
f 4096 4073 4070
f 4091 4022 4093
f 4089 4035 4101
f 4083 4019 4075
f 4035 4033 4101
f 4101 4033 4091
f 4051 4026 4067
f 4077 4043 4059
f 4033 4022 4091
f 4082 4015 4011
f 4094 4004 4099
f 4096 4016 4073
f 4060 4044 4081
f 4100 4005 4532
f 4019 3997 4076
f 4027 4030 4084
f 4020 4046 4085
f 4085 4046 4077
f 4022 4048 4093
f 4074 4017 4087
f 4082 4042 4015
f 4029 4019 4083
f 4045 4037 4078
f 4047 4003 4095
f 4079 4049 4097
f 4038 4049 4079
f 4078 4037 4041
f 4050 4024 4098
f 4122 4036 4090
f 4148 4072 4237
f 4148 4080 4072
f 4178 4039 4080
f 4110 4021 4086
f 4108 4104 4134
f 4110 4086 4106
f 4104 4108 4102
f 4108 4114 4102
f 4110 4112 4021
f 4102 4114 4090
f 4553 4116 4118
f 4114 4122 4090
f 4116 4120 4118
f 4126 4036 4122
f 4036 4126 4032
f 4120 4130 4124
f 4124 4130 4128
f 4132 4032 4126
f 4130 4134 4128
f 4128 4134 4104
f 4132 4086 4032
f 4106 4086 4132
f 4239 4152 4230
f 4142 4152 4239
f 4138 4159 4136
f 4157 4139 4200
f 4167 4169 4226
f 4160 4172 4218
f 4231 4153 4107
f 4227 4170 4146
f 4182 4176 4143
f 4174 4180 4155
f 4150 4184 4166
f 4155 4180 4151
f 4140 4127 4123
f 4170 4187 4146
f 4107 4153 4111
f 4159 4189 4244
f 4188 4141 4147
f 4149 4190 4179
f 4245 4190 4149
f 4177 4154 4144
f 4191 4183 4162
f 4181 4184 4150
f 4157 4196 4139
f 4208 4196 4157
f 4167 4193 4169
f 4185 4161 4166
f 4197 4198 4138
f 4194 4212 4171
f 4202 4193 4167
f 4174 4204 4180
f 4138 4198 4159
f 4191 4206 4183
f 4172 4160 4210
f 4213 4187 4170
f 4199 4189 4159
f 4182 4207 4176
f 4215 4198 4197
f 4174 4200 4204
f 4205 4184 4181
f 4207 4219 4176
f 4127 4140 4133
f 4111 4153 4113
f 4216 4189 4199
f 4612 4189 4216
f 4185 4220 4161
f 4671 4226 4228
f 4222 4190 4613
f 4224 4226 4671
f 4179 4190 4222
f 4188 4230 4141
f 4177 4232 4154
f 4218 4232 4177
f 4227 4235 4229
f 4191 4155 4206
f 4210 4221 4238
f 4160 4221 4210
f 4213 4240 4187
f 4140 4231 4133
f 4194 4145 4212
f 4239 4230 4188
f 4205 4244 4184
f 4155 4151 4206
f 4142 4239 4214
f 4200 4137 4204
f 4153 4233 4113
f 4245 4221 4186
f 4202 4163 4193
f 4246 4163 4202
f 4182 4143 4195
f 4227 4146 4235
f 4136 4244 4205
f 4115 4241 4123
f 4221 4149 4238
f 4164 4182 4195
f 4133 4231 4107
f 4236 4147 4242
f 4147 4141 4242
f 4245 4149 4221
f 4241 4140 4123
f 4136 4159 4244
f 4150 4166 4207
f 4207 4166 4219
f 4200 4139 4137
f 4167 4226 4224
f 4218 4172 4232
f 4166 4161 4219
f 4165 4282 4192
f 4249 4168 4225
f 4282 4248 4192
f 4248 4251 4192
f 4192 4251 4156
f 4275 4158 4201
f 4251 4252 4156
f 4252 4175 4156
f 4256 4257 4258
f 4258 4257 4259
f 4249 4256 4168
f 4260 4261 4262
f 4263 4262 4261
f 4264 4265 4266
f 4266 4265 4267
f 4275 4264 4158
f 4274 4269 4270
f 4270 4269 4268
f 4672 4271 4225
f 4252 4272 4175
f 4175 4272 4201
f 4271 4273 4225
f 4272 4274 4201
f 4201 4274 4270
f 4255 4274 4272
f 4273 4263 4225
f 4270 4275 4201
f 4225 4263 4261
f 4250 4263 4273
f 4261 4249 4225
f 4264 4266 4158
f 4256 4258 4168
f 4266 4277 4158
f 4258 4276 4168
f 4158 4277 4209
f 4168 4276 4203
f 4276 4278 4203
f 4277 4279 4209
f 4203 4278 4247
f 4278 4280 4247
f 4247 4280 4165
f 4280 4281 4165
f 4165 4281 4282
f 4281 4248 4282
f 4283 4250 4273
f 4285 4752 4279
f 4285 4279 4277
f 4287 4273 4271
f 4287 4283 4273
f 4960 4287 4271
f 4285 4266 4289
f 4285 4277 4266
f 4290 4285 4289
f 4904 4960 4271
f 4292 4289 4266
f 4287 4960 4953
f 4292 4266 4254
f 4294 4287 4953
f 4299 4292 4254
f 4290 4296 4285
f 4829 4304 4306
f 4304 4308 4306
f 4308 4313 4311
f 4313 4331 4311
f 4802 4800 4248
f 4800 4323 4251
f 4299 4254 4255
f 4302 4285 4296
f 4302 4296 4299
f 4302 4299 4255
f 4302 4255 4272
f 4315 4302 4272
f 4315 4272 4252
f 4788 4316 4253
f 4785 4789 4252
f 4782 4317 4790
f 4829 4317 4782
f 4319 4785 4252
f 4323 4252 4251
f 4323 4319 4252
f 4306 4317 4829
f 4800 4251 4248
f 4311 4306 4308
f 4326 4248 4281
f 4802 4248 4326
f 4808 4326 4281
f 4812 4808 4281
f 4812 4281 4280
f 4329 4311 4331
f 4329 4331 4822
f 4329 4280 4278
f 4329 4812 4280
f 4329 4822 4812
f 4335 4329 4278
f 4335 4278 4276
f 4335 4276 4258
f 4283 4335 4258
f 4283 4258 4250
f 3713 3631 3714
f 3631 3629 3714
f 3629 3622 3714
f 3622 3654 3714
f 3714 3654 3715
f 3496 3494 3716
f 3494 3492 3716
f 3716 3492 3624
f 3625 3408 3420
f 3498 3408 3625
f 3420 3408 3417
f 3418 3409 3497
f 3409 3410 3497
f 3492 3499 3624
f 3504 3502 3442
f 3442 3502 3500
f 3502 3428 3500
f 3500 3428 3620
f 3621 3617 3718
f 3616 3617 3621
f 3718 3617 3720
f 3428 3616 3620
f 3656 3660 3657
f 3660 3658 3657
f 3662 3584 3664
f 3591 3584 3662
f 3566 3663 3723
f 3723 3663 3579
f 3584 3581 3664
f 3664 3568 3723
f 3581 3568 3664
f 3378 3376 3388
f 3376 3372 3388
f 3388 3372 3391
f 3372 3368 3391
f 3366 3506 3358
f 3390 3505 3365
f 3367 3505 3390
f 3509 3430 3511
f 3512 3427 3507
f 3431 3427 3512
f 3427 3423 3507
f 3507 3414 3513
f 3514 3415 3727
f 3414 3415 3514
f 3423 3414 3507
f 3415 3729 3727
f 3666 3599 3602
f 3602 3595 3600
f 3599 3595 3602
f 3669 3573 3586
f 3595 3588 3600
f 3586 3573 3577
f 3600 3670 3585
f 3588 3670 3600
f 3672 3544 3675
f 3675 3544 3553
f 3553 3544 3551
f 3648 3643 3542
f 3542 3731 3537
f 3643 3731 3542
f 3551 3648 3542
f 3537 3731 3645
f 3544 3648 3551
f 3516 3370 3380
f 3380 3364 3383
f 3370 3364 3380
f 3518 3350 3362
f 3364 3519 3383
f 3362 3350 3356
f 3383 3519 3361
f 3519 3517 3361
f 3328 3321 3521
f 3522 3322 3332
f 3333 3320 3330
f 3465 3459 3326
f 3326 3459 3468
f 3330 3465 3326
f 3468 3459 3456
f 3320 3465 3330
f 3525 3533 3530
f 3533 3531 3530
f 3530 3531 3337
f 3467 3466 3316
f 3316 3461 3732
f 3466 3461 3316
f 3733 3462 3735
f 3337 3467 3316
f 3462 3464 3735
f 3531 3467 3337
f 3741 4405 4337
f 3739 3741 4337
f 3739 4337 4339
f 3751 3755 3781
f 3737 3739 4339
f 3751 3781 4343
f 3749 3751 4343
f 3749 4343 4345
f 3737 4339 4347
f 3743 3737 4347
f 3745 4345 4351
f 3745 3749 4345
f 3743 4347 3764
f 3741 4351 4405
f 3741 3745 4351
f 4374 4363 4423
f 4364 4340 4406
f 4407 4341 4338
f 4381 4355 4353
f 4367 4375 3811
f 4357 4374 4423
f 3769 3765 3871
f 4356 4370 4354
f 4383 4368 4360
f 4376 4344 3810
f 4377 4383 4360
f 3810 4344 3782
f 4385 4355 4381
f 4356 4387 4370
f 4374 4389 4363
f 4384 4375 4367
f 4385 4391 4355
f 4357 4395 4374
f 4388 4352 4371
f 4390 4342 4365
f 4396 4389 4374
f 4392 4399 4356
f 4356 4399 4387
f 4372 4401 4358
f 4377 4403 4383
f 4400 4408 4388
f 4384 4409 4375
f 4402 4397 4359
f 4388 4408 4352
f 4393 4401 4372
f 3877 3880 3861
f 4410 4346 4376
f 4376 4346 4344
f 4404 4409 4384
f 4396 4348 4389
f 4349 4342 4390
f 4377 4353 4403
f 4417 4424 4385
f 3881 4368 3800
f 4385 4424 4391
f 4404 4370 4409
f 4402 4419 4397
f 3877 4361 3880
f 4415 4353 4377
f 4419 3766 4397
f 4392 4423 4399
f 4360 4368 3881
f 4398 3767 4350
f 4423 4363 4399
f 4369 3809 3799
f 4413 3860 4393
f 4393 3860 4401
f 4371 4346 4410
f 4354 4370 4404
f 4402 3859 4419
f 4366 4408 4400
f 4372 4358 4417
f 4381 4353 4415
f 3859 3870 4419
f 4371 4352 4346
f 4421 4378 3878
f 4417 4358 4424
f 4420 3871 3765
f 4379 4362 3879
f 4427 4382 4425
f 4427 4386 4382
f 4429 3876 3882
f 4431 4418 4427
f 4427 4418 4386
f 4429 4422 3876
f 4431 4373 4418
f 4433 4422 4429
f 4433 4380 4422
f 4435 4394 4431
f 4431 4394 4373
f 4437 4380 4433
f 4439 4394 4435
f 4439 4414 4394
f 4437 4416 4380
f 4425 4416 4437
f 3850 4414 3886
f 3886 4414 4439
f 4425 4382 4416
f 4506 4458 4462
f 4443 4459 4507
f 4464 4466 4486
f 3993 4469 4443
f 4447 4469 3993
f 4467 4453 4487
f 4451 4445 4450
f 4460 4430 4463
f 4457 4481 4441
f 4477 4473 4468
f 4473 4479 4468
f 4454 4481 4457
f 4467 4484 4453
f 4482 4432 4442
f 4468 4479 4452
f 4470 4461 4444
f 4485 4483 4455
f 4451 4490 4445
f 4480 4490 4451
f 4460 4434 4430
f 4492 4466 4464
f 4491 4428 4446
f 4446 4428 4426
f 4482 4436 4432
f 4447 4494 4469
f 4485 4498 4483
f 4467 4508 4484
f 4470 4495 4461
f 4473 4501 4479
f 4499 4436 4482
f 4496 4434 4460
f 3993 4507 3923
f 4508 4510 4484
f 4506 3918 3920
f 4504 4468 4471
f 4492 4509 4466
f 4502 4441 4480
f 4480 4441 4490
f 4471 4468 4448
f 4510 4498 4485
f 4488 4456 4474
f 4468 4450 4449
f 4499 4440 4436
f 4442 4428 4491
f 4511 3991 3965
f 4454 4503 4475
f 4449 4450 4497
f 3993 4443 4507
f 4496 4438 4434
f 4450 4445 4497
f 4504 4477 4468
f 4492 3972 4509
f 4454 4457 4503
f 4457 4441 4502
f 4506 4462 3918
f 4508 3978 4510
f 4446 4438 4496
f 4468 4452 4450
f 3919 4430 3883
f 4463 4430 3919
f 3978 3985 4510
f 4442 4432 4428
f 4510 3985 4498
f 3973 3977 3972
f 3972 3977 4509
f 4446 4426 4438
f 4511 4471 3991
f 4499 3888 4440
f 3986 3887 4500
f 4471 4448 3991
f 3985 3978 3976
f 4513 4478 4505
f 4517 4478 4513
f 4517 4476 4478
f 4521 4476 4517
f 4521 4489 4476
f 4523 4489 4521
f 3998 4512 3966
f 4525 4512 3998
f 4523 4465 4489
f 4527 4465 4523
f 4529 4472 4525
f 4525 4472 4512
f 4527 4493 4465
f 4531 4493 4527
f 4513 4505 4529
f 4529 4505 4472
f 4531 3971 4493
f 4001 4542 4526
f 4543 4545 4579
f 4554 4555 4533
f 4538 4099 4592
f 4534 4557 4543
f 4092 4596 4103
f 4547 4559 4598
f 4125 4560 4551
f 4129 4560 4125
f 4552 4563 4548
f 4546 4514 4580
f 4536 4558 4549
f 4091 4539 4597
f 4565 4537 4599
f 4093 4539 4091
f 4100 4532 4593
f 4522 4559 4524
f 4558 4567 4550
f 4564 4559 4547
f 4094 4099 4538
f 4550 4567 4542
f 4565 4569 4537
f 4542 4568 4526
f 4570 4558 4536
f 4561 4563 4552
f 4564 4524 4559
f 4514 4546 4518
f 4557 4574 4543
f 4119 4572 4554
f 4554 4572 4555
f 4534 4575 4557
f 4556 4575 4534
f 4561 4577 4563
f 4576 4546 4544
f 4568 4530 4526
f 4570 4579 4558
f 4558 4579 4567
f 4576 4518 4546
f 4581 4583 4565
f 4105 4560 4129
f 4583 4569 4565
f 4038 4587 4049
f 4119 4551 4572
f 4573 4575 4556
f 4577 4594 4563
f 4050 4588 4024
f 4564 4593 4524
f 4105 4596 4560
f 4589 4065 4023
f 4583 4533 4569
f 4593 4528 4524
f 4535 4590 4571
f 4573 4548 4575
f 4591 4579 4570
f 4585 4600 4040
f 4598 4518 4576
f 4599 4587 4038
f 4547 4598 4576
f 4597 4539 4562
f 4125 4551 4119
f 4579 4515 4567
f 4561 4540 4577
f 4549 4065 4589
f 4541 4595 4578
f 4552 4548 4573
f 4066 4542 4001
f 4591 4543 4579
f 4536 4549 4589
f 4568 4516 4530
f 4528 4593 4532
f 4598 4559 4519
f 4599 4537 4587
f 4520 4559 4522
f 4554 4533 4583
f 4103 4596 4105
f 4534 4543 4591
f 4550 4542 4066
f 4120 4124 4118
f 4606 4601 4586
f 4178 4080 4148
f 4604 4602 4584
f 4602 4553 4584
f 4116 4553 4602
f 4223 4039 4178
f 4039 4223 4586
f 4021 4112 4068
f 4223 4606 4586
f 4112 4234 4068
f 4606 4608 4601
f 4234 4173 4068
f 4068 4173 4052
f 4601 4608 4566
f 4211 4052 4173
f 4608 4610 4566
f 4237 4052 4211
f 4052 4237 4072
f 4610 4582 4566
f 4604 4582 4610
f 4582 4604 4584
f 4669 4643 4637
f 4630 4121 4117
f 4641 4605 4684
f 4639 4652 4612
f 4645 4109 4135
f 4633 4656 4693
f 4694 4657 4614
f 4641 4603 4605
f 4657 4658 4614
f 4620 4660 4616
f 4644 4663 4618
f 4648 4665 4628
f 4622 4671 4624
f 4616 4660 4631
f 4613 4653 4609
f 4666 4646 4629
f 4615 4659 4642
f 4671 4228 4624
f 4659 4673 4642
f 4619 4664 4640
f 4674 4603 4641
f 4625 4229 4649
f 4661 4675 4632
f 4663 4652 4639
f 4677 4621 4654
f 4676 4121 4630
f 4669 4695 4643
f 4609 4653 4611
f 4644 4692 4663
f 4121 4676 4131
f 4229 4235 4649
f 4692 4685 4663
f 4236 4667 4650
f 4659 4686 4673
f 4117 4603 4674
f 4242 4667 4236
f 4682 4675 4661
f 4688 4690 4208
f 4620 4679 4660
f 4694 4692 4644
f 4109 4241 4115
f 4208 4690 4196
f 4668 4243 4647
f 4645 4241 4109
f 4663 4685 4652
f 4680 4683 4662
f 4691 4215 4197
f 4687 4117 4674
f 4684 4611 4653
f 4657 4697 4658
f 4614 4692 4694
f 4222 4613 4607
f 4633 4698 4656
f 4677 4681 4621
f 4699 4686 4659
f 4676 4135 4131
f 4688 4637 4690
f 4682 4646 4675
f 4691 4618 4215
f 4680 4628 4683
f 4630 4117 4687
f 4645 4135 4676
f 4619 4640 4217
f 4633 4617 4698
f 4615 4685 4692
f 4629 4646 4682
f 4700 4621 4634
f 4639 4612 4216
f 4607 4613 4609
f 4648 4628 4680
f 4677 4626 4681
f 4616 4631 4699
f 4699 4631 4686
f 4620 4616 4635
f 4615 4642 4685
f 4637 4643 4690
f 4684 4605 4611
f 4626 4651 4681
f 4654 4621 4700
f 4644 4618 4691
f 4702 4633 4693
f 4704 4706 4636
f 4636 4708 4701
f 4709 4710 4708
f 4708 4710 4701
f 4701 4710 4655
f 4710 4713 4655
f 4708 4711 4709
f 4709 4711 4712
f 4706 4708 4636
f 4714 4704 4715
f 4705 4715 4704
f 4209 4279 4689
f 4655 4713 4678
f 4713 4716 4678
f 4279 4717 4689
f 4717 4718 4689
f 4678 4716 4719
f 4689 4718 4638
f 4678 4719 4627
f 4718 4720 4638
f 4719 4721 4627
f 4638 4720 4670
f 4721 4623 4627
f 4721 4722 4623
f 4720 4723 4670
f 4723 4724 4670
f 4722 4725 4623
f 4670 4724 4696
f 4723 4726 4724
f 4623 4725 4672
f 4724 4726 4696
f 4725 4271 4672
f 4696 4726 4703
f 4726 4727 4703
f 4727 4704 4703
f 4703 4704 4636
f 4727 4705 4704
f 4845 4723 4720
f 4732 4904 4271
f 4845 4720 4718
f 4938 4294 4953
f 4847 4718 4735
f 4725 4732 4271
f 4738 4732 4725
f 4850 4735 4718
f 4853 4850 4718
f 4738 4725 4722
f 4910 4722 4721
f 4745 4294 4741
f 4910 4721 4719
f 4853 4718 4717
f 4912 4719 4918
f 4918 4719 4716
f 4752 4853 4717
f 4752 4743 4747
f 4752 4747 4863
f 4752 4863 4853
f 4752 4717 4279
f 4938 4741 4294
f 4741 4750 4745
f 4750 4754 4745
f 4912 4910 4719
f 4910 4738 4722
f 4878 4730 4728
f 4730 4872 4728
f 4872 4757 4728
f 4757 4743 4728
f 4757 4747 4743
f 4847 4845 4718
f 4845 4843 4723
f 4843 4771 4726
f 4927 4918 4716
f 4759 4745 4754
f 4713 4927 4716
f 4759 4754 4761
f 4759 4927 4713
f 4759 4761 4927
f 4759 4713 4710
f 4764 4710 4709
f 4764 4759 4710
f 4764 4709 4707
f 4764 4707 4705
f 4766 4764 4705
f 4766 4705 4727
f 4894 4891 4726
f 4766 4727 4726
f 4766 4726 4891
f 4768 4766 4891
f 4836 4894 4726
f 4728 4766 4768
f 4728 4768 4878
f 4771 4836 4726
f 4843 4726 4723
f 4274 4255 4269
f 4778 4774 4783
f 4791 4778 4783
f 4792 4786 4793
f 4792 4793 4779
f 4787 4320 4794
f 4797 4319 4323
f 4326 4805 4802
f 4813 4815 4809
f 4814 4823 4819
f 4816 4814 4819
f 4825 4824 4332
f 4825 4820 4824
f 4305 4830 4832
f 4827 4305 4832
f 4827 4309 4305
f 4784 4833 4831
f 4775 4833 4784
f 4895 4837 4897
f 4840 4836 4771
f 4851 4854 4856
f 4855 4864 4859
f 4857 4855 4859
f 4866 4865 4748
f 4866 4860 4865
f 4749 4758 4876
f 4876 4867 4749
f 4870 4731 4879
f 4870 4873 4731
f 4876 4758 4874
f 4769 4883 4880
f 4892 4887 4884
f 4892 4884 4770
f 4893 4898 4888
f 4893 4896 4898
f 4905 4733 4901
f 4907 4732 4738
f 4915 4913 4919
f 4916 4920 4922
f 4921 4928 4923
f 4929 4762 4930
f 4924 4929 4930
f 4934 4763 4755
f 4934 4931 4763
f 4756 4751 4947
f 4947 4935 4756
f 4943 4939 4940
f 4944 4741 4938
f 4742 4945 4947
f 4947 4751 4742
f 4949 4939 4954
f 4949 4940 4939
f 4956 4950 4955
f 4961 4956 4955
f 4906 4902 4957
f 4962 4906 4957
f 4965 4969 5025
f 4286 5025 4972
f 4286 4965 5025
f 4975 4746 4760
f 4303 4965 4286
f 4318 4963 4980
f 4977 4975 4760
f 4318 4307 4963
f 4303 4980 4965
f 4982 4977 4760
f 4303 4318 4980
f 4985 4746 4975
f 4987 4982 4760
f 4985 4295 4746
f 4987 4760 4765
f 4989 4977 4982
f 4992 4989 4982
f 4995 4295 4985
f 4998 4987 4765
f 4995 4288 4295
f 4998 4765 4767
f 5003 4998 4767
f 5005 4284 4288
f 5005 4995 5000
f 5005 4288 4995
f 5005 5000 5008
f 5011 4284 5005
f 4729 5003 4767
f 5013 5003 4729
f 4336 4284 5011
f 5015 4336 5011
f 5017 5013 4729
f 4744 5017 4729
f 5019 4336 5015
f 4330 4336 5019
f 4744 5021 5017
f 4312 4330 5019
f 4312 5019 5023
f 4753 5021 4744
f 4286 5021 4753
f 4286 4972 5021
f 4307 4312 5023
f 4307 5023 4963
f 4300 4297 5030
f 4297 5027 5030
f 5028 4298 4291
f 5029 5027 4289
f 5027 4290 4289
f 4293 5029 4289
f 4293 5030 5029
f 4301 5030 4293
f 4707 4715 4705
f 4707 4712 4715
f 4712 4714 4715
f 4707 4709 4712
f 4712 4711 4714
f 4708 4706 4711
f 4714 4706 4704
f 4711 4706 4714
f 4270 4268 4275
f 4268 4265 4275
f 4268 4269 4265
f 4265 4264 4275
f 4269 4267 4265
f 4267 4254 4266
f 4255 4254 4269
f 4269 4254 4267
f 4261 4260 4249
f 4260 4257 4249
f 4257 4256 4249
f 4262 4259 4260
f 4260 4259 4257
f 4259 4250 4258
f 4263 4250 4262
f 4262 4250 4259
f 5071 4776 5186
f 5186 4776 4780
f 5031 5187 4795
f 4796 5188 4781
f 4321 5031 4795
f 4322 5036 5032
f 4322 4798 5036
f 5036 5043 5039
f 4798 5043 5036
f 5044 4799 4324
f 4803 5049 5047
f 4801 4803 5047
f 4325 5047 5045
f 4325 4801 5047
f 5050 4804 4806
f 5059 5053 4327
f 5056 5051 5053
f 5053 4807 4327
f 5051 4807 5053
f 5062 5060 4810
f 4810 5060 4328
f 4817 5063 4811
f 4818 4821 5064
f 4821 5066 5064
f 4821 4826 5066
f 4826 4333 5066
f 5067 4334 5069
f 4334 4314 5069
f 4314 4310 5069
f 4310 4828 5069
f 5069 4834 5072
f 4828 4834 5069
f 4835 4777 5073
f 4838 5075 4899
f 5075 5118 4899
f 4839 5079 5076
f 4839 4841 5079
f 5079 5086 5082
f 4841 5086 5079
f 5087 4842 4772
f 4848 5092 5090
f 4846 4848 5090
f 4844 4846 5090
f 4773 5090 5088
f 4773 4844 5090
f 5101 5095 4736
f 5098 5093 5095
f 5095 4849 4736
f 5093 4849 5095
f 4852 5300 4737
f 5300 5102 4737
f 5105 5301 4856
f 4856 5301 4851
f 4858 4861 5106
f 4861 5108 5106
f 4862 4868 5109
f 5112 5116 4881
f 5116 4871 4881
f 5116 4875 4871
f 5116 4877 4875
f 5110 4869 5116
f 5116 4869 4877
f 4882 4885 5113
f 5114 4886 5119
f 5119 4886 4889
f 4900 5120 4890
f 4733 5313 4901
f 5313 5124 4901
f 4734 5129 5314
f 4734 4908 5129
f 4908 5132 5129
f 4908 5135 5132
f 5135 5319 5132
f 5136 4909 4739
f 4911 4914 5141
f 4911 5141 5139
f 4740 4911 5139
f 4740 5139 5137
f 5151 5144 4915
f 5147 5142 5144
f 5144 4913 4915
f 5142 4913 5144
f 4925 5154 4917
f 5154 5152 4917
f 4926 4932 5155
f 4932 5158 5155
f 4933 4936 5159
f 4948 5162 4937
f 4937 5162 5160
f 4946 5162 4948
f 4941 5162 4946
f 4941 5164 5162
f 4942 4951 5165
f 5125 4996 5166
f 5167 4952 5126
f 5126 4952 4958
f 4903 5127 4959
f 5025 5172 4972
f 5175 4970 4966
f 5027 5029 5030
f 5006 5178 5012
f 5178 5245 5012
f 5070 5074 4964
f 5074 4981 4964
f 5012 5245 5016
f 5245 5182 5016
f 5182 5184 5016
f 5016 5184 5020
f 5184 5247 5020
f 5247 5250 5020
f 5020 5065 5068
f 5250 5065 5020
f 5074 5189 4981
f 5189 5254 4981
f 4981 5254 4967
f 5068 5024 5020
f 5068 5070 5024
f 5254 5191 4967
f 5070 4964 5024
f 5033 5260 5268
f 5037 5260 5033
f 5268 5264 5195
f 5260 5264 5268
f 5264 5258 5195
f 5195 5258 5197
f 5197 5262 5200
f 5258 5262 5197
f 5200 5054 5061
f 5262 5054 5200
f 5077 5080 5202
f 5080 5280 5202
f 5202 5284 5203
f 5280 5284 5202
f 5284 5278 5203
f 5203 5278 5204
f 5204 5282 5207
f 5278 5282 5204
f 5207 5096 5103
f 5282 5096 5207
f 5117 5115 5014
f 5115 5004 5014
f 4973 5210 5022
f 5210 5298 5022
f 5121 5213 5115
f 5298 5107 5022
f 5022 5107 5111
f 5115 5213 5004
f 5213 5215 5004
f 5004 5215 4999
f 5215 5217 4999
f 5111 5018 5022
f 5111 5117 5018
f 5217 5219 4999
f 4999 5219 4988
f 5219 5224 4988
f 4988 5224 4983
f 5117 5014 5018
f 5224 5221 4983
f 5231 5216 5214
f 5220 5227 5225
f 5227 5218 5229
f 5216 5229 5218
f 5231 5229 5216
f 5122 5231 5214
f 5227 5220 5218
f 5315 5130 5233
f 5130 5307 5233
f 5233 5311 5234
f 5307 5311 5233
f 5311 5305 5234
f 5234 5305 5236
f 5236 5309 5238
f 5305 5309 5236
f 5238 5145 5153
f 5309 5145 5238
f 4978 5156 5161
f 5161 4976 4978
f 5161 5163 4976
f 5163 4986 4976
f 5163 4996 4986
f 5163 5166 4996
f 5176 4968 5192
f 5176 5192 5240
f 5007 5009 5179
f 5179 5009 5168
f 5246 5244 5183
f 5183 5243 5185
f 5183 5244 5243
f 5180 5244 5246
f 5185 5243 5248
f 5190 5034 5252
f 5255 5256 5193
f 5255 5252 5256
f 5190 5252 5255
f 5268 5266 5033
f 5196 5198 5269
f 5040 5046 5271
f 5271 5048 5273
f 5046 5048 5271
f 5273 5048 5276
f 5048 5052 5276
f 5276 5052 5057
f 5202 5286 5078
f 5078 5286 5123
f 5202 5287 5286
f 5203 5205 5287
f 5302 5208 5104
f 5202 5203 5287
f 5083 5089 5289
f 5289 5091 5291
f 5089 5091 5289
f 5291 5091 5294
f 5091 5094 5294
f 5294 5094 5099
f 5371 4993 5222
f 4993 4984 5222
f 5173 5458 5211
f 4974 5173 5211
f 5298 5296 5107
f 5107 5296 5303
f 5237 5239 5235
f 5235 5239 5317
f 5233 5318 5316
f 5233 5234 5318
f 5320 5138 5465
f 5465 5140 5322
f 5138 5140 5465
f 5322 5140 5324
f 5324 5143 5491
f 5140 5143 5324
f 5491 5143 5148
f 5325 5001 5128
f 5001 4997 5128
f 4979 4990 5157
f 5157 4990 5328
f 5253 5035 5474
f 5257 5241 5194
f 5257 5253 5474
f 5257 5474 5241
f 5199 5201 5331
f 5270 5199 5331
f 5270 5331 5335
f 5244 5181 5169
f 5338 5244 5169
f 5243 5244 5338
f 5385 5243 5338
f 5249 5243 5385
f 5341 5249 5385
f 5267 5270 5335
f 5251 5249 5341
f 5062 5341 5343
f 5062 5251 5341
f 5060 5343 5331
f 5060 5062 5343
f 5267 5335 5474
f 5035 5267 5474
f 5201 5060 5331
f 5354 5351 5348
f 5358 5356 5362
f 5352 5329 5372
f 5372 5357 5352
f 5359 5363 5365
f 5365 5369 5374
f 5339 5170 5360
f 5386 5383 5381
f 5372 5364 5357
f 5363 5369 5365
f 5369 5376 5374
f 5376 5378 5374
f 5381 5342 5386
f 5381 5388 5342
f 5346 5360 5170
f 5384 5387 5340
f 5346 5170 5326
f 5367 5346 5326
f 5390 5519 5358
f 5356 5507 5353
f 5519 5507 5356
f 5433 5392 5394
f 5394 5392 5461
f 5353 5396 5354
f 5507 5396 5353
f 5392 5397 5461
f 5461 5397 5485
f 5354 5399 5351
f 5396 5399 5354
f 5485 5437 5401
f 5397 5437 5485
f 5351 5405 5349
f 5437 5403 5401
f 5399 5405 5351
f 5401 5403 5481
f 5349 5405 5368
f 5405 5407 5368
f 5403 5412 5481
f 5481 5412 5409
f 5412 5422 5409
f 5409 5424 5379
f 5422 5424 5409
f 5379 5505 5375
f 5424 5505 5379
f 5375 5390 5366
f 5505 5390 5375
f 5366 5390 5358
f 5358 5519 5356
f 5418 5416 5426
f 5418 5426 5428
f 5428 5426 5430
f 5434 5436 5393
f 5393 5436 5398
f 5438 5398 5436
f 5416 5418 5440
f 5423 5413 5411
f 5413 5404 5411
f 5411 5404 5439
f 5058 5263 5446
f 5055 5263 5058
f 5263 5259 5446
f 5446 5265 5450
f 5259 5265 5446
f 5265 5261 5450
f 5450 5038 5041
f 5261 5038 5450
f 5274 5277 5447
f 5100 5283 5452
f 5097 5283 5100
f 5283 5279 5452
f 5452 5285 5456
f 5279 5285 5452
f 5285 5281 5456
f 5456 5081 5084
f 5281 5081 5456
f 5482 5410 5286
f 5288 5482 5286
f 5212 5459 5299
f 5402 5482 5288
f 5372 5223 5226
f 5364 5372 5226
f 5486 5402 5288
f 5206 5486 5288
f 5364 5226 5228
f 5370 5364 5228
f 5462 5486 5206
f 5209 5462 5206
f 5304 5462 5209
f 5370 5228 5230
f 5377 5370 5230
f 5304 5395 5462
f 5232 5377 5230
f 5380 5377 5232
f 5297 5395 5304
f 5299 5395 5297
f 5459 5395 5299
f 5380 5232 5123
f 5410 5380 5123
f 5286 5410 5123
f 5292 5295 5453
f 5149 5146 5463
f 5146 5310 5463
f 5310 5306 5463
f 5463 5306 5323
f 5323 5312 5466
f 5306 5312 5323
f 5312 5308 5466
f 5466 5131 5133
f 5308 5131 5466
f 5367 5124 5313
f 5326 5124 5367
f 5352 5239 5152
f 5352 5152 5154
f 5352 5154 5329
f 5355 5317 5239
f 5355 5239 5352
f 5350 5317 5355
f 5367 5313 5317
f 5367 5317 5350
f 5324 5492 5464
f 5134 5321 5467
f 5492 5150 5464
f 5174 5026 5460
f 5460 5026 5468
f 5468 5026 5242
f 5026 4971 5242
f 4971 5177 5242
f 5171 5010 5327
f 5010 5002 5327
f 5332 5479 5336
f 5483 5395 5459
f 5472 5469 5241
f 5474 5487 5241
f 5337 5477 5475
f 5470 5469 5472
f 5344 5489 5333
f 5480 5334 5490
f 5388 5345 5342
f 5469 5483 5459
f 5470 5483 5469
f 5472 5241 5487
f 5275 5448 5451
f 5057 5449 5276
f 5272 5451 5042
f 5451 5272 5275
f 5293 5454 5457
f 5099 5455 5294
f 5290 5457 5085
f 5457 5290 5293
f 5330 4991 5373
f 4991 4994 5373
f 5324 5464 5322
f 5336 5441 5478
f 5478 5419 5476
f 5441 5419 5478
f 5368 5407 5347
f 5347 5493 5361
f 5407 5493 5347
f 5476 5419 5488
f 5419 5429 5488
f 5361 5495 5340
f 5493 5495 5361
f 5488 5429 5473
f 5340 5495 5384
f 5473 5431 5471
f 5429 5431 5473
f 5471 5431 5484
f 5495 5500 5384
f 5384 5500 5382
f 5431 5433 5484
f 5500 5498 5382
f 5484 5433 5394
f 5382 5498 5389
f 5498 5443 5389
f 5389 5443 5344
f 5344 5443 5489
f 5443 5414 5489
f 5414 5420 5489
f 5489 5420 5479
f 5479 5420 5336
f 5420 5441 5336
f 5501 5503 5499
f 5503 5444 5499
f 5396 5508 5510
f 5396 5510 5399
f 5400 5511 5513
f 5400 5513 5406
f 5406 5513 5408
f 5513 5515 5408
f 5408 5515 5494
f 5515 5517 5494
f 5502 5496 5518
f 5494 5517 5497
f 5442 5524 5417
f 5417 5524 5521
f 5527 5529 5539
f 5442 5541 5524
f 5438 5545 5411
f 5438 5548 5545
f 5529 5552 5539
f 5411 5545 5423
f 5436 5548 5438
f 5555 5514 5584
f 5584 5514 5512
f 5423 5545 5425
f 5442 5421 5541
f 5436 5558 5548
f 5533 5561 5535
f 5545 5564 5425
f 5506 5564 5391
f 5425 5564 5506
f 5552 5567 5539
f 5555 5516 5514
f 5421 5415 5541
f 5561 5516 5535
f 5535 5516 5555
f 5415 5445 5541
f 5541 5445 5552
f 5561 5518 5516
f 5552 5445 5567
f 5445 5504 5567
f 5436 5570 5558
f 5435 5570 5436
f 5432 5570 5435
f 5567 5502 5561
f 5561 5502 5518
f 5391 5573 5520
f 5564 5573 5391
f 5567 5504 5502
f 5545 5576 5564
f 5578 5576 5545
f 5432 5521 5570
f 5427 5521 5432
f 5570 5582 5558
f 5558 5576 5578
f 5558 5582 5576
f 5573 5509 5520
f 5427 5417 5521
f 5591 5584 5573
f 5588 5584 5591
f 5573 5584 5509
f 5509 5584 5512
f 5591 5535 5588
f 5533 5535 5591
f 5527 5524 5529
f 5521 5524 5527
f 5556 5595 5598
f 5536 5556 5598
f 5537 5599 5602
f 5538 5603 5605
f 5589 5538 5605
f 5596 5704 5741
f 5596 5741 5611
f 5600 5596 5611
f 5601 5612 5613
f 5613 5604 5601
f 5603 5614 5605
f 5613 5612 5608
f 5608 5612 5742
f 5542 5616 5620
f 5542 5553 5616
f 5543 5621 5623
f 5544 5624 5626
f 5525 5544 5626
f 5525 5626 5628
f 5627 5625 5636
f 5636 5629 5627
f 5636 5625 5744
f 5637 5638 5630
f 5632 5638 5637
f 5744 5633 5636
f 5579 5663 5641
f 5559 5642 5644
f 5559 5580 5642
f 5559 5644 5647
f 5560 5648 5650
f 5549 5560 5650
f 5660 5657 5746
f 5660 5746 5664
f 5667 5664 5746
f 5668 5645 5643
f 5665 5668 5643
f 5540 5568 5670
f 5670 5568 5673
f 5540 5670 5675
f 5528 5540 5675
f 5680 5528 5675
f 5522 5528 5680
f 5683 5571 5681
f 5571 5523 5681
f 5583 5572 5685
f 5685 5572 5684
f 5577 5685 5687
f 5577 5583 5685
f 5690 5577 5687
f 5565 5577 5690
f 5693 5566 5691
f 5574 5566 5693
f 5592 5694 5593
f 5592 5575 5694
f 5592 5593 5695
f 5534 5592 5695
f 5562 5695 5698
f 5562 5534 5695
f 5674 5563 5699
f 5569 5563 5674
f 5590 5606 5700
f 5585 5590 5700
f 5586 5701 5705
f 5587 5706 5597
f 5557 5587 5597
f 5530 5631 5639
f 5530 5526 5631
f 5531 5640 5708
f 5554 5532 5709
f 5554 5709 5617
f 5550 5651 5654
f 5546 5655 5658
f 5546 5551 5655
f 5546 5658 5661
f 5547 5662 5666
f 5581 5547 5666
f 5686 5711 5688
f 5671 5697 5696
f 5671 5672 5697
f 5671 5696 5725
f 5688 5692 5689
f 5688 5594 5692
f 5730 5696 5594
f 5730 5594 5728
f 5732 5711 5686
f 5676 5732 5686
f 5688 5728 5594
f 5735 5696 5730
f 5679 5676 5686
f 5679 5686 5682
f 5711 5728 5688
f 5726 5733 5677
f 5725 5678 5671
f 5725 5696 5735
f 5607 5615 5609
f 5702 5607 5609
f 5703 5610 5743
f 5743 5707 5703
f 5634 5708 5640
f 5710 5635 5745
f 5745 5618 5710
f 5744 5622 5619
f 5622 5744 5625
f 5649 5669 5652
f 5649 5646 5669
f 5747 5652 5669
f 5748 5659 5656
f 5653 5748 5656
f 5749 5729 5712
f 5716 5750 5713
f 5751 5721 5736
f 5731 5752 5737
f 5734 5755 5714
f 5759 5727 5738
f 5762 5760 5739
f 5763 5740 5722
f 5764 5723 5717
f 5756 5765 5718
f 5757 5719 5715
f 5753 5730 5728
f 5720 5724 5754
f 5758 5733 5766
f 5766 5726 5761
f 5733 5726 5766
g object_6
v -0.0984 0.003 -0.0325
v -0.0984 0.028 -0.0325
v -0.0984 0.003 0.0325
v -0.0984 0.028 0.0325
v -0.09819 0.003 0.03477
v -0.09819 0.028 0.03477
v -0.09752 0.003 0.0371
v -0.09752 0.028 0.0371
v -0.09636 0.003 0.03934
v -0.09636 0.028 0.03934
v -0.09474 0.003 0.04134
v -0.09474 0.028 0.04134
v -0.09274 0.003 0.04296
v -0.09274 0.028 0.04296
v -0.0905 0.003 0.04412
v -0.0905 0.028 0.04412
v -0.08817 0.003 0.04479
v -0.08817 0.028 0.04479
v -0.0859 0.003 0.045
v -0.0859 0.028 0.045
v -0.08363 0.003 0.04479
v -0.08363 0.028 0.04479
v -0.0813 0.003 0.04412
v -0.0813 0.028 0.04412
v -0.07906 0.003 0.04296
v -0.07906 0.028 0.04296
v -0.07706 0.003 0.04134
v -0.07706 0.028 0.04134
v -0.07544 0.003 0.03934
v -0.07544 0.028 0.03934
v -0.07428 0.003 0.0371
v -0.07428 0.028 0.0371
v -0.07361 0.003 0.03477
v -0.07361 0.028 0.03477
v -0.0734 0.003 0.0325
v -0.0734 0.028 0.0325
v -0.0734 0.003 -0.0325
v -0.0734 0.028 -0.0325
v -0.07364 0.003 -0.03492
v -0.07364 0.028 -0.03492
v -0.07435 0.003 -0.03728
v -0.07435 0.028 -0.03728
v -0.07552 0.003 -0.03946
v -0.07552 0.028 -0.03946
v -0.07706 0.003 -0.04134
v -0.07706 0.028 -0.04134
v -0.07894 0.003 -0.04288
v -0.07894 0.028 -0.04288
v -0.08112 0.003 -0.04405
v -0.08112 0.028 -0.04405
v -0.08348 0.003 -0.04476
v -0.08348 0.028 -0.04476
v -0.0859 0.003 -0.045
v -0.0859 0.028 -0.045
v -0.08832 0.003 -0.04476
v -0.08832 0.028 -0.04476
v -0.09068 0.003 -0.04405
v -0.09068 0.028 -0.04405
v -0.09286 0.003 -0.04288
v -0.09286 0.028 -0.04288
v -0.09474 0.003 -0.04134
v -0.09474 0.028 -0.04134
v -0.09628 0.003 -0.03946
v -0.09628 0.028 -0.03946
v -0.09745 0.003 -0.03728
v -0.09745 0.028 -0.03728
v -0.09816 0.003 -0.03492
v -0.09816 0.028 -0.03492
v -0.0984 0.003 -0.0325
v -0.0984 0.028 -0.0325
v -0.0984 0.003 -0.0325
v -0.0984 0.003 0.0325
v -0.09819 0.003 0.03477
v -0.09752 0.003 0.0371
v -0.09636 0.003 0.03934
v -0.09474 0.003 0.04134
v -0.09274 0.003 0.04296
v -0.0905 0.003 0.04412
v -0.08817 0.003 0.04479
v -0.0859 0.003 0.045
v -0.08363 0.003 0.04479
v -0.0813 0.003 0.04412
v -0.07906 0.003 0.04296
v -0.07706 0.003 0.04134
v -0.07544 0.003 0.03934
v -0.07428 0.003 0.0371
v -0.07361 0.003 0.03477
v -0.0734 0.003 0.0325
v -0.0734 0.003 -0.0325
v -0.07364 0.003 -0.03492
v -0.07435 0.003 -0.03728
v -0.07552 0.003 -0.03946
v -0.07706 0.003 -0.04134
v -0.07894 0.003 -0.04288
v -0.08112 0.003 -0.04405
v -0.08348 0.003 -0.04476
v -0.0859 0.003 -0.045
v -0.08832 0.003 -0.04476
v -0.09068 0.003 -0.04405
v -0.09286 0.003 -0.04288
v -0.09474 0.003 -0.04134
v -0.09628 0.003 -0.03946
v -0.09745 0.003 -0.03728
v -0.09816 0.003 -0.03492
v -0.0984 0.028 -0.0325
v -0.0984 0.028 0.0325
v -0.09819 0.028 0.03477
v -0.09752 0.028 0.0371
v -0.09636 0.028 0.03934
v -0.09474 0.028 0.04134
v -0.09274 0.028 0.04296
v -0.0905 0.028 0.04412
v -0.08817 0.028 0.04479
v -0.0859 0.028 0.045
v -0.08363 0.028 0.04479
v -0.0813 0.028 0.04412
v -0.07906 0.028 0.04296
v -0.07706 0.028 0.04134
v -0.07544 0.028 0.03934
v -0.07428 0.028 0.0371
v -0.07361 0.028 0.03477
v -0.0734 0.028 0.0325
v -0.0734 0.028 -0.0325
v -0.07364 0.028 -0.03492
v -0.07435 0.028 -0.03728
v -0.07552 0.028 -0.03946
v -0.07706 0.028 -0.04134
v -0.07894 0.028 -0.04288
v -0.08112 0.028 -0.04405
v -0.08348 0.028 -0.04476
v -0.0859 0.028 -0.045
v -0.08832 0.028 -0.04476
v -0.09068 0.028 -0.04405
v -0.09286 0.028 -0.04288
v -0.09474 0.028 -0.04134
v -0.09628 0.028 -0.03946
v -0.09745 0.028 -0.03728
v -0.09816 0.028 -0.03492
f 5767 5769 5770
f 5769 5771 5772
f 5771 5773 5774
f 5773 5775 5776
f 5775 5777 5778
f 5777 5779 5780
f 5779 5781 5782
f 5781 5783 5784
f 5783 5785 5786
f 5785 5787 5788
f 5787 5789 5790
f 5789 5791 5792
f 5791 5793 5794
f 5793 5795 5796
f 5795 5797 5798
f 5797 5799 5800
f 5799 5801 5802
f 5801 5803 5804
f 5803 5805 5806
f 5805 5807 5808
f 5807 5809 5810
f 5809 5811 5812
f 5811 5813 5814
f 5813 5815 5816
f 5815 5817 5818
f 5817 5819 5820
f 5819 5821 5822
f 5821 5823 5824
f 5823 5825 5826
f 5825 5827 5828
f 5827 5829 5830
f 5829 5831 5832
f 5831 5833 5834
f 5833 5835 5836
f 5848 5850 5849
f 5848 5847 5853
f 5853 5850 5848
f 5847 5844 5853
f 5853 5852 5851
f 5853 5851 5850
f 5854 5853 5844
f 5844 5846 5845
f 5844 5843 5842
f 5844 5847 5846
f 5841 5844 5842
f 5839 5838 5840
f 5841 5840 5838
f 5844 5841 5854
f 5854 5841 5838
f 5838 5855 5854
f 5856 5855 5859
f 5859 5857 5856
f 5857 5859 5858
f 5861 5860 5859
f 5855 5870 5861
f 5859 5855 5861
f 5862 5861 5863
f 5861 5869 5868
f 5869 5861 5870
f 5837 5870 5855
f 5864 5868 5865
f 5867 5866 5868
f 5866 5865 5868
f 5863 5868 5864
f 5863 5861 5868
f 5838 5837 5855
f 5882 5883 5884
f 5882 5887 5881
f 5887 5882 5884
f 5881 5887 5878
f 5887 5885 5886
f 5887 5884 5885
f 5888 5878 5887
f 5878 5879 5880
f 5878 5876 5877
f 5878 5880 5881
f 5875 5876 5878
f 5873 5874 5872
f 5875 5872 5874
f 5878 5888 5875
f 5888 5872 5875
f 5872 5888 5889
f 5890 5893 5889
f 5893 5890 5891
f 5891 5892 5893
f 5895 5893 5894
f 5889 5895 5904
f 5893 5895 5889
f 5896 5897 5895
f 5895 5902 5903
f 5903 5904 5895
f 5871 5889 5904
f 5898 5899 5902
f 5901 5902 5900
f 5900 5902 5899
f 5897 5898 5902
f 5897 5902 5895
f 5872 5889 5871
f 5767 5770 5768
f 5769 5772 5770
f 5771 5774 5772
f 5773 5776 5774
f 5775 5778 5776
f 5777 5780 5778
f 5779 5782 5780
f 5781 5784 5782
f 5783 5786 5784
f 5785 5788 5786
f 5787 5790 5788
f 5789 5792 5790
f 5791 5794 5792
f 5793 5796 5794
f 5795 5798 5796
f 5797 5800 5798
f 5799 5802 5800
f 5801 5804 5802
f 5803 5806 5804
f 5805 5808 5806
f 5807 5810 5808
f 5809 5812 5810
f 5811 5814 5812
f 5813 5816 5814
f 5815 5818 5816
f 5817 5820 5818
f 5819 5822 5820
f 5821 5824 5822
f 5823 5826 5824
f 5825 5828 5826
f 5827 5830 5828
f 5829 5832 5830
f 5831 5834 5832
f 5833 5836 5834
g object_7
v -0.0939 0 -0.0315
v -0.0939 0.003 -0.0315
v -0.09574 0 -0.03115
v -0.09574 0.003 -0.03115
v -0.09744 0 -0.03004
v -0.09744 0.003 -0.03004
v -0.09855 0 -0.02834
v -0.09855 0.003 -0.02834
v -0.0989 0 -0.0265
v -0.0989 0.003 -0.0265
v -0.0989 0 0.0265
v -0.0989 0.003 0.0265
v -0.09855 0 0.02834
v -0.09855 0.003 0.02834
v -0.09744 0 0.03004
v -0.09744 0.003 0.03004
v -0.09574 0 0.03115
v -0.09574 0.003 0.03115
v -0.0939 0 0.0315
v -0.0939 0.003 0.0315
v -0.0779 0 0.0315
v -0.0779 0.003 0.0315
v -0.07606 0 0.03115
v -0.07606 0.003 0.03115
v -0.07436 0 0.03004
v -0.07436 0.003 0.03004
v -0.07325 0 0.02834
v -0.07325 0.003 0.02834
v -0.0729 0 0.0265
v -0.0729 0.003 0.0265
v -0.0729 0 0.02268
v -0.0729 0.003 0.02268
v -0.07255 0 0.02084
v -0.07255 0.003 0.02084
v -0.07144 0 0.01914
v -0.07144 0.003 0.01914
v -0.06974 0 0.01803
v -0.06974 0.003 0.01803
v -0.0679 0 0.01768
v -0.0679 0.003 0.01768
v -0.0286 0 0.01768
v -0.0286 0.003 0.01768
v -0.02642 0 0.01818
v -0.02642 0.003 0.01818
v -0.02468 0 0.01957
v -0.02468 0.003 0.01957
v -0.02153 0 0.023
v -0.02153 0.003 0.023
v -0.01776 0 0.02602
v -0.01776 0.003 0.02602
v -0.01347 0 0.02848
v -0.01347 0.003 0.02848
v -0.008784 0 0.03025
v -0.008784 0.003 0.03025
v -0.003876 0 0.03126
v -0.003876 0.003 0.03126
v 0.001066 0 0.03148
v 0.001066 0.003 0.03148
v 0.005864 0 0.03095
v 0.005864 0.003 0.03095
v 0.01036 0 0.02975
v 0.01036 0.003 0.02975
v 0.01463 0 0.02789
v 0.01463 0.003 0.02789
v 0.01872 0 0.02533
v 0.01872 0.003 0.02533
v 0.02246 0 0.02209
v 0.02246 0.003 0.02209
v 0.02568 0 0.01825
v 0.02568 0.003 0.01825
v 0.02825 0 0.01394
v 0.02825 0.003 0.01394
v 0.03008 0 0.00935
v 0.03008 0.003 0.00935
v 0.03116 0 0.004644
v 0.03116 0.003 0.004644
v 0.0315 0 0
v 0.0315 0.003 0
v 0.03116 0 -0.004644
v 0.03116 0.003 -0.004644
v 0.03008 0 -0.00935
v 0.03008 0.003 -0.00935
v 0.02825 0 -0.01394
v 0.02825 0.003 -0.01394
v 0.02568 0 -0.01825
v 0.02568 0.003 -0.01825
v 0.02246 0 -0.02209
v 0.02246 0.003 -0.02209
v 0.01872 0 -0.02533
v 0.01872 0.003 -0.02533
v 0.01463 0 -0.02789
v 0.01463 0.003 -0.02789
v 0.01036 0 -0.02975
v 0.01036 0.003 -0.02975
v 0.005864 0 -0.03095
v 0.005864 0.003 -0.03095
v 0.001066 0 -0.03148
v 0.001066 0.003 -0.03148
v -0.003876 0 -0.03126
v -0.003876 0.003 -0.03126
v -0.008784 0 -0.03025
v -0.008784 0.003 -0.03025
v -0.01347 0 -0.02848
v -0.01347 0.003 -0.02848
v -0.01776 0 -0.02602
v -0.01776 0.003 -0.02602
v -0.02153 0 -0.023
v -0.02153 0.003 -0.023
v -0.02468 0 -0.01957
v -0.02468 0.003 -0.01957
v -0.02642 0 -0.01818
v -0.02642 0.003 -0.01818
v -0.0286 0 -0.01768
v -0.0286 0.003 -0.01768
v -0.0679 0 -0.01768
v -0.0679 0.003 -0.01768
v -0.06974 0 -0.01803
v -0.06974 0.003 -0.01803
v -0.07144 0 -0.01914
v -0.07144 0.003 -0.01914
v -0.07255 0 -0.02084
v -0.07255 0.003 -0.02084
v -0.0729 0 -0.02268
v -0.0729 0.003 -0.02268
v -0.0729 0 -0.0265
v -0.0729 0.003 -0.0265
v -0.07325 0 -0.02834
v -0.07325 0.003 -0.02834
v -0.07436 0 -0.03004
v -0.07436 0.003 -0.03004
v -0.07606 0 -0.03115
v -0.07606 0.003 -0.03115
v -0.0779 0 -0.0315
v -0.0779 0.003 -0.0315
v -0.0939 0 -0.0315
v -0.0939 0.003 -0.0315
v -0.0939 0 -0.0315
v -0.09574 0 -0.03115
v -0.09744 0 -0.03004
v -0.09855 0 -0.02834
v -0.0989 0 -0.0265
v -0.0989 0 0.0265
v -0.09855 0 0.02834
v -0.09744 0 0.03004
v -0.09574 0 0.03115
v -0.0939 0 0.0315
v -0.0779 0 0.0315
v -0.07606 0 0.03115
v -0.07436 0 0.03004
v -0.07325 0 0.02834
v -0.0729 0 0.0265
v -0.0729 0 0.02268
v -0.07255 0 0.02084
v -0.07144 0 0.01914
v -0.06974 0 0.01803
v -0.0679 0 0.01768
v -0.0286 0 0.01768
v -0.02642 0 0.01818
v -0.02468 0 0.01957
v -0.02153 0 0.023
v -0.01776 0 0.02602
v -0.01347 0 0.02848
v -0.008784 0 0.03025
v -0.003876 0 0.03126
v 0.001066 0 0.03148
v 0.005864 0 0.03095
v 0.01036 0 0.02975
v 0.01463 0 0.02789
v 0.01872 0 0.02533
v 0.02246 0 0.02209
v 0.02568 0 0.01825
v 0.02825 0 0.01394
v 0.03008 0 0.00935
v 0.03116 0 0.004644
v 0.0315 0 0
v 0.03116 0 -0.004644
v 0.03008 0 -0.00935
v 0.02825 0 -0.01394
v 0.02568 0 -0.01825
v 0.02246 0 -0.02209
v 0.01872 0 -0.02533
v 0.01463 0 -0.02789
v 0.01036 0 -0.02975
v 0.005864 0 -0.03095
v 0.001066 0 -0.03148
v -0.003876 0 -0.03126
v -0.008784 0 -0.03025
v -0.01347 0 -0.02848
v -0.01776 0 -0.02602
v -0.02153 0 -0.023
v -0.02468 0 -0.01957
v -0.02642 0 -0.01818
v -0.0286 0 -0.01768
v -0.0679 0 -0.01768
v -0.06974 0 -0.01803
v -0.07144 0 -0.01914
v -0.07255 0 -0.02084
v -0.0729 0 -0.02268
v -0.0729 0 -0.0265
v -0.07325 0 -0.02834
v -0.07436 0 -0.03004
v -0.07606 0 -0.03115
v -0.0779 0 -0.0315
v -0.0939 0.003 -0.0315
v -0.09574 0.003 -0.03115
v -0.09744 0.003 -0.03004
v -0.09855 0.003 -0.02834
v -0.0989 0.003 -0.0265
v -0.0989 0.003 0.0265
v -0.09855 0.003 0.02834
v -0.09744 0.003 0.03004
v -0.09574 0.003 0.03115
v -0.0939 0.003 0.0315
v -0.0779 0.003 0.0315
v -0.07606 0.003 0.03115
v -0.07436 0.003 0.03004
v -0.07325 0.003 0.02834
v -0.0729 0.003 0.0265
v -0.0729 0.003 0.02268
v -0.07255 0.003 0.02084
v -0.07144 0.003 0.01914
v -0.06974 0.003 0.01803
v -0.0679 0.003 0.01768
v -0.0286 0.003 0.01768
v -0.02642 0.003 0.01818
v -0.02468 0.003 0.01957
v -0.02153 0.003 0.023
v -0.01776 0.003 0.02602
v -0.01347 0.003 0.02848
v -0.008784 0.003 0.03025
v -0.003876 0.003 0.03126
v 0.001066 0.003 0.03148
v 0.005864 0.003 0.03095
v 0.01036 0.003 0.02975
v 0.01463 0.003 0.02789
v 0.01872 0.003 0.02533
v 0.02246 0.003 0.02209
v 0.02568 0.003 0.01825
v 0.02825 0.003 0.01394
v 0.03008 0.003 0.00935
v 0.03116 0.003 0.004644
v 0.0315 0.003 0
v 0.03116 0.003 -0.004644
v 0.03008 0.003 -0.00935
v 0.02825 0.003 -0.01394
v 0.02568 0.003 -0.01825
v 0.02246 0.003 -0.02209
v 0.01872 0.003 -0.02533
v 0.01463 0.003 -0.02789
v 0.01036 0.003 -0.02975
v 0.005864 0.003 -0.03095
v 0.001066 0.003 -0.03148
v -0.003876 0.003 -0.03126
v -0.008784 0.003 -0.03025
v -0.01347 0.003 -0.02848
v -0.01776 0.003 -0.02602
v -0.02153 0.003 -0.023
v -0.02468 0.003 -0.01957
v -0.02642 0.003 -0.01818
v -0.0286 0.003 -0.01768
v -0.0679 0.003 -0.01768
v -0.06974 0.003 -0.01803
v -0.07144 0.003 -0.01914
v -0.07255 0.003 -0.02084
v -0.0729 0.003 -0.02268
v -0.0729 0.003 -0.0265
v -0.07325 0.003 -0.02834
v -0.07436 0.003 -0.03004
v -0.07606 0.003 -0.03115
v -0.0779 0.003 -0.0315
f 5905 5907 5908
f 5907 5909 5910
f 5909 5911 5912
f 5911 5913 5914
f 5913 5915 5916
f 5915 5917 5918
f 5917 5919 5920
f 5919 5921 5922
f 5921 5923 5924
f 5923 5925 5926
f 5925 5927 5928
f 5927 5929 5930
f 5929 5931 5932
f 5931 5933 5934
f 5933 5935 5936
f 5935 5937 5938
f 5937 5939 5940
f 5939 5941 5942
f 5941 5943 5944
f 5943 5945 5946
f 5945 5947 5948
f 5947 5949 5950
f 5949 5951 5952
f 5951 5953 5954
f 5953 5955 5956
f 5955 5957 5958
f 5957 5959 5960
f 5959 5961 5962
f 5961 5963 5964
f 5963 5965 5966
f 5965 5967 5968
f 5967 5969 5970
f 5969 5971 5972
f 5971 5973 5974
f 5973 5975 5976
f 5975 5977 5978
f 5977 5979 5980
f 5979 5981 5982
f 5981 5983 5984
f 5983 5985 5986
f 5985 5987 5988
f 5987 5989 5990
f 5989 5991 5992
f 5991 5993 5994
f 5993 5995 5996
f 5995 5997 5998
f 5997 5999 6000
f 5999 6001 6002
f 6001 6003 6004
f 6003 6005 6006
f 6005 6007 6008
f 6007 6009 6010
f 6009 6011 6012
f 6011 6013 6014
f 6013 6015 6016
f 6015 6017 6018
f 6017 6019 6020
f 6019 6021 6022
f 6021 6023 6024
f 6023 6025 6026
f 6025 6027 6028
f 6027 6029 6030
f 6029 6031 6032
f 6031 6033 6034
f 6033 6035 6036
f 6035 6037 6038
f 6037 6039 6040
f 6050 6049 6048
f 6056 6050 6046
f 6055 6052 6051
f 6048 6047 6046
f 6048 6046 6050
f 6050 6056 6051
f 6052 6054 6053
f 6051 6056 6055
f 6046 6057 6056
f 6054 6052 6055
f 6045 6058 6046
f 6099 6060 6059
f 6046 6058 6057
f 6059 6058 6100
f 6043 6045 6044
f 6107 6106 6104
f 6043 6042 6045
f 6045 6041 6102
f 6041 6045 6042
f 6102 6041 6107
f 6106 6105 6104
f 6098 6060 6099
f 6098 6097 6061
f 6062 6061 6097
f 6100 6058 6045
f 6104 6103 6107
f 6102 6107 6103
f 6045 6101 6100
f 6101 6045 6102
f 6100 6099 6059
f 6060 6098 6061
f 6097 6096 6062
f 6068 6067 6066
f 6068 6070 6069
f 6070 6068 6065
f 6065 6064 6063
f 6065 6068 6066
f 6065 6063 6095
f 6070 6065 6080
f 6073 6072 6071
f 6073 6070 6074
f 6077 6074 6070
f 6074 6077 6076
f 6079 6078 6077
f 6070 6080 6077
f 6076 6075 6074
f 6073 6071 6070
f 6077 6080 6079
f 6065 6095 6094
f 6094 6093 6092
f 6094 6091 6080
f 6091 6094 6092
f 6090 6089 6087
f 6080 6091 6090
f 6095 6063 6096
f 6084 6082 6080
f 6082 6081 6080
f 6084 6083 6082
f 6088 6087 6089
f 6085 6084 6086
f 6087 6086 6084
f 6087 6084 6080
f 6080 6090 6087
f 6065 6094 6080
f 6062 6096 6063
f 6117 6115 6116
f 6123 6113 6117
f 6122 6118 6119
f 6115 6113 6114
f 6115 6117 6113
f 6117 6118 6123
f 6119 6120 6121
f 6118 6122 6123
f 6113 6123 6124
f 6121 6122 6119
f 6112 6113 6125
f 6166 6126 6127
f 6113 6124 6125
f 6126 6167 6125
f 6110 6111 6112
f 6174 6171 6173
f 6110 6112 6109
f 6112 6169 6108
f 6108 6109 6112
f 6169 6174 6108
f 6173 6171 6172
f 6165 6166 6127
f 6165 6128 6164
f 6129 6164 6128
f 6167 6112 6125
f 6171 6174 6170
f 6169 6170 6174
f 6112 6167 6168
f 6168 6169 6112
f 6167 6126 6166
f 6127 6128 6165
f 6164 6129 6163
f 6135 6133 6134
f 6135 6136 6137
f 6137 6132 6135
f 6132 6130 6131
f 6132 6133 6135
f 6132 6162 6130
f 6137 6147 6132
f 6140 6138 6139
f 6140 6141 6137
f 6144 6137 6141
f 6141 6143 6144
f 6146 6144 6145
f 6137 6144 6147
f 6143 6141 6142
f 6140 6137 6138
f 6144 6146 6147
f 6132 6161 6162
f 6161 6159 6160
f 6161 6147 6158
f 6158 6159 6161
f 6157 6154 6156
f 6147 6157 6158
f 6162 6163 6130
f 6151 6147 6149
f 6149 6147 6148
f 6151 6149 6150
f 6155 6156 6154
f 6152 6153 6151
f 6154 6151 6153
f 6154 6147 6151
f 6147 6154 6157
f 6132 6147 6161
f 6129 6130 6163
f 5905 5908 5906
f 5907 5910 5908
f 5909 5912 5910
f 5911 5914 5912
f 5913 5916 5914
f 5915 5918 5916
f 5917 5920 5918
f 5919 5922 5920
f 5921 5924 5922
f 5923 5926 5924
f 5925 5928 5926
f 5927 5930 5928
f 5929 5932 5930
f 5931 5934 5932
f 5933 5936 5934
f 5935 5938 5936
f 5937 5940 5938
f 5939 5942 5940
f 5941 5944 5942
f 5943 5946 5944
f 5945 5948 5946
f 5947 5950 5948
f 5949 5952 5950
f 5951 5954 5952
f 5953 5956 5954
f 5955 5958 5956
f 5957 5960 5958
f 5959 5962 5960
f 5961 5964 5962
f 5963 5966 5964
f 5965 5968 5966
f 5967 5970 5968
f 5969 5972 5970
f 5971 5974 5972
f 5973 5976 5974
f 5975 5978 5976
f 5977 5980 5978
f 5979 5982 5980
f 5981 5984 5982
f 5983 5986 5984
f 5985 5988 5986
f 5987 5990 5988
f 5989 5992 5990
f 5991 5994 5992
f 5993 5996 5994
f 5995 5998 5996
f 5997 6000 5998
f 5999 6002 6000
f 6001 6004 6002
f 6003 6006 6004
f 6005 6008 6006
f 6007 6010 6008
f 6009 6012 6010
f 6011 6014 6012
f 6013 6016 6014
f 6015 6018 6016
f 6017 6020 6018
f 6019 6022 6020
f 6021 6024 6022
f 6023 6026 6024
f 6025 6028 6026
f 6027 6030 6028
f 6029 6032 6030
f 6031 6034 6032
f 6033 6036 6034
f 6035 6038 6036
f 6037 6040 6038
